relative_path	bytes	sha256
data/replay_corpus_v1_5m_4hr_audit/MES/MES_2024-07-02.jsonl	98956	24fa9301b310fef49b118c1da490f5c27ba86834fa014ab00ca97565ca2d8f46
data/replay_corpus_v1_5m_4hr_audit/MES/MES_2024-07-03.jsonl	385555	818d25aa95d23030e7402600947ea398b69b39993d45ef75b113d6a4f969523d
data/replay_corpus_v1_5m_4hr_audit/MES/MES_2024-07-04.jsonl	382650	eacb084144ff876e52fdd10c9922150b166721b3c7a2b5135b1406ef9a1b0b17
data/replay_corpus_v1_5m_4hr_audit/MES/MES_2024-07-05.jsonl	423254	7b3d3ba48b8b163ee1ee353d78c643a9bcf4876b7ca1d2bc33b7f0efac7616e4
data/replay_corpus_v1_5m_4hr_audit/MES/MES_2024-07-07.jsonl	40309	a2ff88b1e9978f9085058d2a142e7bbc4a3438eaaa27fa5654364158f0994211
data/replay_corpus_v1_5m_4hr_audit/MES/MES_2024-07-08.jsonl	462856	66e269a7d807697b9d7894d9ad87e4bb8b1c883e74bb52cff8c1b95cb38c00b9
data/replay_corpus_v1_5m_4hr_audit/MES/MES_2024-07-09.jsonl	464317	266014be5e8107333e9970f12bd17893d8e63815f156df4f2687e43856f72fd7
data/replay_corpus_v1_5m_4hr_audit/MES/MES_2024-07-10.jsonl	463140	44d15f6f0e8b002cd157f06f372caf2e594c2d7896ee01ed060cb9ee693428bc
data/replay_corpus_v1_5m_4hr_audit/MES/MES_2024-07-11.jsonl	464377	7dd9347f80d6362cbdd89e3905c50aefb0562ae791cc0dd9f4a593c9c1368ad4
data/replay_corpus_v1_5m_4hr_audit/MES/MES_2024-07-12.jsonl	423867	feed105db8e39391847e4d167c35c3a54611ca41c53596f1b6b38ba40dca3c83
data/replay_corpus_v1_5m_4hr_audit/MES/MES_2024-07-14.jsonl	40180	bdd405e171ebfcf443b2be51b722195b5e22079cdcee84d3d4d59f333e4039f4
data/replay_corpus_v1_5m_4hr_audit/MES/MES_2024-07-15.jsonl	462569	689ce225fc05b433b8b56badd69d20b12d2d21b470b28e82e58a15bc9e754e11
data/replay_corpus_v1_5m_4hr_audit/MES/MES_2024-07-16.jsonl	463632	34fc336177a5579c07ddada6f468f0876750088b3a70eae28e0392e6ea89594a
data/replay_corpus_v1_5m_4hr_audit/MES/MES_2024-07-17.jsonl	465288	e7afd3abf687a2227d7e51398b58b5ed94f606b5171013695d363563a4e3a83c
data/replay_corpus_v1_5m_4hr_audit/MES/MES_2024-07-18.jsonl	464879	a8d5a3eb9fa8d08da5d7d49ff1f7ce45af1b532520f06f95a2aeb559a3d613ab
data/replay_corpus_v1_5m_4hr_audit/MES/MES_2024-07-19.jsonl	424327	f17e8627a3c1a6349b7038c0b6a7006a90876fa93bb7053125c497cef38bf5e4
data/replay_corpus_v1_5m_4hr_audit/MES/MES_2024-07-21.jsonl	40184	e49279c37afded11d80c35eda1b0170fa10e34d4e3298e2703ef533d6d120165
data/replay_corpus_v1_5m_4hr_audit/MES/MES_2024-07-22.jsonl	463522	b729314fcbc549a05536383432c3cca46c516c9a5c638ec0c448af1d3e08db30
data/replay_corpus_v1_5m_4hr_audit/MES/MES_2024-07-23.jsonl	463906	9811d1b9f09f7d439423578104e1446f756fbd1ea20e72d6165238e757ecfba7
data/replay_corpus_v1_5m_4hr_audit/MES/MES_2024-07-24.jsonl	464893	60c21edac1aea7ba587dd5e8de2ccd0de3a4241a3918632164307e798aba0b59
data/replay_corpus_v1_5m_4hr_audit/MES/MES_2024-07-25.jsonl	465260	ce42ed62bf6607fa7efdfc28e393526ad7c060ed3bf3fe632e07ee17ee565cdf
data/replay_corpus_v1_5m_4hr_audit/MES/MES_2024-07-26.jsonl	424677	d193d361f38146d8b0aa90e557db5f97aa052fde30661581d28194f6c3611118
data/replay_corpus_v1_5m_4hr_audit/MES/MES_2024-07-28.jsonl	40152	fcfd6e0e4bfc6df601f3b1fe81243c2c5016157e461dd36ad8851782f3b4a7f1
data/replay_corpus_v1_5m_4hr_audit/MES/MES_2024-07-29.jsonl	464871	7abfa4b7b77077f9cf24b2ef9e6f8d04b1f2f660a87fcfcb4e1a3582f2332666
data/replay_corpus_v1_5m_4hr_audit/MES/MES_2024-07-30.jsonl	463650	6bbdb1dda42ed80245c5e1f051df7ea83670b0d34291c47a3688cf76d52fbc05
data/replay_corpus_v1_5m_4hr_audit/MES/MES_2024-07-31.jsonl	462985	1dc4845aad313968a69ef81b8de74b8907dd534264aedc5688e914cb27c94fdf
data/replay_corpus_v1_5m_4hr_audit/MES/MES_2024-08-01.jsonl	464225	971a7325f2fcde0041b1733579b1c423384001bcebd3627f73a62d3d071bb52c
data/replay_corpus_v1_5m_4hr_audit/MES/MES_2024-08-02.jsonl	424764	8c8c461db2dd2c3e5b7aa37ff3e6873ad2367b31bea6a97dc3841bee7f30ee80
data/replay_corpus_v1_5m_4hr_audit/MES/MES_2024-08-04.jsonl	40424	0e32f8a378a3dc1199d6b14cc0ccc9a0a445c3949473dc0a3ec528f23974a15a
data/replay_corpus_v1_5m_4hr_audit/MES/MES_2024-08-05.jsonl	465176	97552fa25dd306a3037dfe0e84ad3be29b54946a874d04d60fa1d00b8a62c772
data/replay_corpus_v1_5m_4hr_audit/MES/MES_2024-08-06.jsonl	464900	cca9fb77815417f9dfad2f8e69e4d0ef7e02fdf6b095bf4cd18e8af3a299f058
data/replay_corpus_v1_5m_4hr_audit/MES/MES_2024-08-07.jsonl	465338	848c24d03dd954b0a96713bacedfac0975062b0233fdd06bbc24470b64a32ccd
data/replay_corpus_v1_5m_4hr_audit/MES/MES_2024-08-08.jsonl	464305	95ad4a38af6fd2b26c497ad75b75a37c238cca23581ccec8ffe23a7a1bf135ed
data/replay_corpus_v1_5m_4hr_audit/MES/MES_2024-08-09.jsonl	423524	9df941d4d9fec02fe42aa71d3a8f793654ef80e69f73d794adfea397127d23ee
data/replay_corpus_v1_5m_4hr_audit/MES/MES_2024-08-11.jsonl	40203	f98c6c3a85b99627002c94928e76c4a9a05d8fa5632853febdb06265284a42ec
data/replay_corpus_v1_5m_4hr_audit/MES/MES_2024-08-12.jsonl	463398	8cdc7b972f5ddb56dc3dabf0201b461598dc45136f27267bc6f39e8586d4ec57
data/replay_corpus_v1_5m_4hr_audit/MES/MES_2024-08-13.jsonl	462169	e55a643df2fb8a33d93bc15b647dc115cc8699ec3822276d8c6810cf19fdd153
data/replay_corpus_v1_5m_4hr_audit/MES/MES_2024-08-14.jsonl	463745	b33029256e321eb89a2544f6cf23ccd87c19532bdc30bc83e51ad0c435331c96
data/replay_corpus_v1_5m_4hr_audit/MES/MES_2024-08-15.jsonl	463104	debb7fce46c4943ea6cf9da36e6e5e54a4f5c99dae1634d01226a3f19e4d8ee9
data/replay_corpus_v1_5m_4hr_audit/MES/MES_2024-08-16.jsonl	423816	ea9f70553f9638e3d194143356847f4871e0aa72aa3cfeeb3a30760005f77043
data/replay_corpus_v1_5m_4hr_audit/MES/MES_2024-08-18.jsonl	40120	2128226c93f1d0001449c5b97a4969cab826bcc216640ce88932da299f2040d2
data/replay_corpus_v1_5m_4hr_audit/MES/MES_2024-08-19.jsonl	462876	e5f44ab281d9221f0c14e62f8ea8ebb66bca3ddadb2635746bb0c29c096ae7b6
data/replay_corpus_v1_5m_4hr_audit/MES/MES_2024-08-20.jsonl	464275	ae1726dd7aa7671edab7d3d191efa0eba9a92be358c6758aabb6cd8c37d0b4c2
data/replay_corpus_v1_5m_4hr_audit/MES/MES_2024-08-21.jsonl	462912	0636331c9a0a53e4c4d8023c1bc5f97cfb4806e83d38d80817fe7cae591b2171
data/replay_corpus_v1_5m_4hr_audit/MES/MES_2024-08-22.jsonl	463452	67989fceb0bced8e110fe405b421dfc18b524292567f9eaef49ffaa9a35f1593
data/replay_corpus_v1_5m_4hr_audit/MES/MES_2024-08-23.jsonl	422661	99dbbc01dc7e440dc233537bee8ab4f7ecd93436a35ab69077e2e42e90dcc9de
data/replay_corpus_v1_5m_4hr_audit/MES/MES_2024-08-25.jsonl	40504	c6b0fe42b060a091226a3ae9cbe6d36147d186d88fb2409ebec34b40e2f38a22
data/replay_corpus_v1_5m_4hr_audit/MES/MES_2024-08-26.jsonl	464327	cfeaec61d2390aee9f97eff6dd238e4d46d5a9e24da9e335c927b98511599e27
data/replay_corpus_v1_5m_4hr_audit/MES/MES_2024-08-27.jsonl	463747	cf5dc013202b09b86bbc6e9721b8aee1ff67dc152774d133209085ad0a3c767b
data/replay_corpus_v1_5m_4hr_audit/MES/MES_2024-08-28.jsonl	464322	238ae425ccde6bb0ffd7c26c9dcde4b79e2cc3926bdb8437dec20e9bba8be031
data/replay_corpus_v1_5m_4hr_audit/MES/MES_2024-08-29.jsonl	463032	2707207174e20556f4740ab104357208fe875e311127ffaeed4cdd67e0ccb084
data/replay_corpus_v1_5m_4hr_audit/MES/MES_2024-08-30.jsonl	422426	55401149533ea12ed77078c75fa7ef625715780c26b03531d4ddc297a23d2e4b
data/replay_corpus_v1_5m_4hr_audit/MES/MES_2024-09-01.jsonl	40289	ab5a158d5803096d57a8fc4b45851f5e9ca80fa81a7cd937079bc1bb23d195b8
data/replay_corpus_v1_5m_4hr_audit/MES/MES_2024-09-02.jsonl	382911	b1cdd20e1378e42126e65f0552ca5068d83ceeb0f9bf7f192ba36a109f0da174
data/replay_corpus_v1_5m_4hr_audit/MES/MES_2024-09-03.jsonl	464953	6405243394499c0b8aaa3031326b034f7bdd19438b584efe7a79bb059c2c3ebf
data/replay_corpus_v1_5m_4hr_audit/MES/MES_2024-09-04.jsonl	464618	9f49e9b300d9bcf6817d1d67fbb7c33498fd4ed5a3b042451ba71a60e1913641
data/replay_corpus_v1_5m_4hr_audit/MES/MES_2024-09-05.jsonl	464931	30afe376c955d85ce2ae5e2722029e03931b25fb6abe8f052ea05588e2bc5834
data/replay_corpus_v1_5m_4hr_audit/MES/MES_2024-09-06.jsonl	424767	db3f2cca058b2be6936353cbfdbd5d22064fafda23278650d47e4b8615318e2f
data/replay_corpus_v1_5m_4hr_audit/MES/MES_2024-09-08.jsonl	40392	d248751df762581451c5e12667486b93d7f509f32683edebd3ed319fabc192ce
data/replay_corpus_v1_5m_4hr_audit/MES/MES_2024-09-09.jsonl	463666	2086eefde321d5acd918b8a606fdf0bc0b0fe1680c0a29c29ad62857b0e5912d
data/replay_corpus_v1_5m_4hr_audit/MES/MES_2024-09-10.jsonl	464836	78d7c145d3bfb622b597139777e829745e4c508b52b4c1f786913b08dd07ebea
data/replay_corpus_v1_5m_4hr_audit/MES/MES_2024-09-11.jsonl	464229	d240027deecbb7544f67c62413af3a3f9b123844c3464024f9f552e1039ddc20
data/replay_corpus_v1_5m_4hr_audit/MES/MES_2024-09-12.jsonl	462284	c5d339a03e725af2e647a7f2a072798f94dad7cb634dc5745e2a427f5ec0820b
data/replay_corpus_v1_5m_4hr_audit/MES/MES_2024-09-13.jsonl	422808	b51d989d98b2674dfef4e0849438941a98723dd77aac8da7f4cfa5f0e66093c5
data/replay_corpus_v1_5m_4hr_audit/MES/MES_2024-09-15.jsonl	40439	6a25c79aac0ef648722829ea4ecd7244b3677ad92a1f474ede70788bc0a1e848
data/replay_corpus_v1_5m_4hr_audit/MES/MES_2024-09-16.jsonl	464202	a07b999e687221f6ed7679ad8e13929ea6ebe2da416b69f571d844ad02e7c1d9
data/replay_corpus_v1_5m_4hr_audit/MES/MES_2024-09-17.jsonl	463576	0efa17785484983fd9bcdc9b6409bfa6a90296994f816525c8653ef98cc563da
data/replay_corpus_v1_5m_4hr_audit/MES/MES_2024-09-18.jsonl	464382	dce375472f6423811e9e61fbe9ccc3fe43f1ce4c4ffd5796c9b61a0ce3a687b9
data/replay_corpus_v1_5m_4hr_audit/MES/MES_2024-09-19.jsonl	463821	1845725069ff43af501ff56e4e475f8a5512b7417a236da39bf4ff39e5a630a0
data/replay_corpus_v1_5m_4hr_audit/MES/MES_2024-09-20.jsonl	425047	64ed390099d0d14bd594680fe7e1f5e01482582fcdcbe3450dca9cb8a40cd408
data/replay_corpus_v1_5m_4hr_audit/MES/MES_2024-09-22.jsonl	40271	e936faad51c9f0d44198b1653ff0882b6a457332acf61e379a1138bdf989bca2
data/replay_corpus_v1_5m_4hr_audit/MES/MES_2024-09-23.jsonl	465029	9c85fef229d87ef08a92d801ee3f908fb8727f7c4279deb9abe62ede9d76981d
data/replay_corpus_v1_5m_4hr_audit/MES/MES_2024-09-24.jsonl	463697	1cd14c3e5dc5d6ca697bbd97642b200cb6191fc17feafe2753ead80c00983256
data/replay_corpus_v1_5m_4hr_audit/MES/MES_2024-09-25.jsonl	463816	7f625f1b7f1476174bff67e5401d34aa794873c07222459e34c57272b33980e5
data/replay_corpus_v1_5m_4hr_audit/MES/MES_2024-09-26.jsonl	462229	02fb1c40d2c398c98399cc8be92ac87d921a31141f01bebfdab0ef3e6bf36b8f
data/replay_corpus_v1_5m_4hr_audit/MES/MES_2024-09-27.jsonl	423950	be67f0bfa60ef2f427b90d37f3d20ca986c59f7f551ce4ff8e87554da2fd3188
data/replay_corpus_v1_5m_4hr_audit/MES/MES_2024-09-29.jsonl	40277	411430630b9d7d596f5e04ca5e5fb55288fe3d9a2b3c235a70ea64fe23e29c48
data/replay_corpus_v1_5m_4hr_audit/MES/MES_2024-09-30.jsonl	464862	50ebfd2a2fb55e74d00c6db06fb14aca7fc0a7d4095a7badc27b7dec85f9a2ba
data/replay_corpus_v1_5m_4hr_audit/MES/MES_2024-10-01.jsonl	464955	7c2d5a0f51d7be3df06e82d65e3220f1b8b37b73291c1407e603aeea592a1b51
data/replay_corpus_v1_5m_4hr_audit/MES/MES_2024-10-02.jsonl	464818	491df404221b188b1a1e6f62366c2686411a3cc287ebb6fc94cd9283930b77c5
data/replay_corpus_v1_5m_4hr_audit/MES/MES_2024-10-03.jsonl	465319	1a35f1fa2e697d4b50c810547ea0e1521d74f0aa7b1b1fce8ea8bb4456a95382
data/replay_corpus_v1_5m_4hr_audit/MES/MES_2024-10-04.jsonl	424741	96c4fcf3c01db58404776e2b200617d73cd46e03aa8cc55f80d5f13bee1392d1
data/replay_corpus_v1_5m_4hr_audit/MES/MES_2024-10-06.jsonl	40195	5bc5c0a1c2b901de43ee8e823a1aa8eca1d862190d40714f3b532c8151da3284
data/replay_corpus_v1_5m_4hr_audit/MES/MES_2024-10-07.jsonl	464592	a8fe9290f749da655a9240d0d539ab6d081ede8ee654c9f2e0c736ae116321e4
data/replay_corpus_v1_5m_4hr_audit/MES/MES_2024-10-08.jsonl	463785	969a5ba71fe21a5982f379d160d3760ddbf06a89c7a36e0c8a0fbb666797cfc3
data/replay_corpus_v1_5m_4hr_audit/MES/MES_2024-10-09.jsonl	464728	564b172754ddd2fdd0441886b139647847b51a3088f41693f7b7868f129c80a8
data/replay_corpus_v1_5m_4hr_audit/MES/MES_2024-10-10.jsonl	464522	b9fdf4cc372e9a0578eaee84afc5ee067aa13a35dc71a5cb68a57c24809a7512
data/replay_corpus_v1_5m_4hr_audit/MES/MES_2024-10-11.jsonl	425077	19e1e42750014027df364e99400ff1e4a02447b4396a8de2fc5f516a71a37ecc
data/replay_corpus_v1_5m_4hr_audit/MES/MES_2024-10-13.jsonl	40354	30156e7744a5106afb8c45cc84d8692b4992861d9ff896cd67c748078a13955c
data/replay_corpus_v1_5m_4hr_audit/MES/MES_2024-10-14.jsonl	461515	cec11d4c0c78482da21d9b16267cc76620c7c0b0985e2fb2a395db51792f6ba9
data/replay_corpus_v1_5m_4hr_audit/MES/MES_2024-10-15.jsonl	464044	6b3994ad0072c984f4aeb85c9fa00c628ae16d1a8587a809f5e0d81278ddf4d8
data/replay_corpus_v1_5m_4hr_audit/MES/MES_2024-10-16.jsonl	465149	64b0b92cbcec05e9e6285f900f28585a9a56fba0632f8ef92feeabb32aaa2b01
data/replay_corpus_v1_5m_4hr_audit/MES/MES_2024-10-17.jsonl	464616	fccb8c8cffefc42eda7af17a3a704c0c3a75faeae1be6352258b4c0a16d8bc06
data/replay_corpus_v1_5m_4hr_audit/MES/MES_2024-10-18.jsonl	423499	5aad4dd0b81a400728755ec5eeee85448c503c046d2daa0845cbcecedff08291
data/replay_corpus_v1_5m_4hr_audit/MES/MES_2024-10-20.jsonl	40227	949012e5f5c073326d6e3e36b3fcd9e708e85695cc65eb1e47a30b8450810f71
data/replay_corpus_v1_5m_4hr_audit/MES/MES_2024-10-21.jsonl	465573	c1a5413eb27d8423b8998d54873780aad9d01e64da4763cf43761906ee2aa6cd
data/replay_corpus_v1_5m_4hr_audit/MES/MES_2024-10-22.jsonl	464498	44810fdd882f7342734b5dd027806ee507b2847fee0ae7dab12fb8e559ec664d
data/replay_corpus_v1_5m_4hr_audit/MES/MES_2024-10-23.jsonl	464973	41910af98384d7fdb086ee561e9f3662690f573ded40b5f125b3fe5bdbd8fd1f
data/replay_corpus_v1_5m_4hr_audit/MES/MES_2024-10-24.jsonl	464279	9e1a920932f13e8ef37c0337b971a73a6fef270d3d7ff87bb635ca8b31475a0a
data/replay_corpus_v1_5m_4hr_audit/MES/MES_2024-10-25.jsonl	423460	a67730b17d15a1793ecc53b7ae83cc3689007f16c3c57d351a3f2eb727675d5d
data/replay_corpus_v1_5m_4hr_audit/MES/MES_2024-10-27.jsonl	40190	fa4f7cd574302fa374dd17ef855c5013124971dad829f3257ee40726d70aec7f
data/replay_corpus_v1_5m_4hr_audit/MES/MES_2024-10-28.jsonl	464341	7ff5e01bc33bd7174c99ec1c61990e1bdd702a70b8292eedf6c9bde6cb024818
data/replay_corpus_v1_5m_4hr_audit/MES/MES_2024-10-29.jsonl	464481	21bba0a1bf65c9574af5983127a71322cdbe4895735ca059d3543f2f92de6b9d
data/replay_corpus_v1_5m_4hr_audit/MES/MES_2024-10-30.jsonl	464410	666f4fcbab183eb24d8dda36ef5fd617fbb5942bb75a077094f5c3e47044b880
data/replay_corpus_v1_5m_4hr_audit/MES/MES_2024-10-31.jsonl	464153	e0a348cc6906072abc3a95f38978814ba43a3d00d1bfe9c5161b320508ed9912
data/replay_corpus_v1_5m_4hr_audit/MES/MES_2024-11-01.jsonl	423752	168886d43faf3557512601657838597586f28e62cfcdd18b7a6e964b24835506
data/replay_corpus_v1_5m_4hr_audit/MES/MES_2024-11-03.jsonl	20222	f0bae34fc444b3b76b84dd3d586b83eab632eaea351618588ff384b6fd6ad5bc
data/replay_corpus_v1_5m_4hr_audit/MES/MES_2024-11-04.jsonl	465203	856f7805f8cd6d8fff3b83492f5d809c0d4eaa16d47f14ebf417480a5679c46b
data/replay_corpus_v1_5m_4hr_audit/MES/MES_2024-11-05.jsonl	463948	135b4ea5e842b0550f29318a8a1675fcfe76968aaeed1a2a771ebfae3a588cac
data/replay_corpus_v1_5m_4hr_audit/MES/MES_2024-11-06.jsonl	462683	bc453170d3047d1536fafcba9c8699ffe3926facad467eb6dcd2b0755a57a32b
data/replay_corpus_v1_5m_4hr_audit/MES/MES_2024-11-07.jsonl	462322	2b7b02ac9b004fd939a8e471cc53040689e87dcc4c2eb51ffc82acb30cdc64bf
data/replay_corpus_v1_5m_4hr_audit/MES/MES_2024-11-08.jsonl	443690	cf6221a84af05c85663d4175ae8a94657f9f8a6613fae8a258bcf524a5fa8d82
data/replay_corpus_v1_5m_4hr_audit/MES/MES_2024-11-10.jsonl	20072	3139ce71edb7685be175ecb05c64feeef4fb62022124c8572a7e4fb46b27c859
data/replay_corpus_v1_5m_4hr_audit/MES/MES_2024-11-11.jsonl	464141	b324c7c19f2cd460aaf36c3eacd1ffece083251b3f08f93c0593ed9ae40c6481
data/replay_corpus_v1_5m_4hr_audit/MES/MES_2024-11-12.jsonl	464851	6a0a8ea8b0bd01581574cea74ee0bc21bebaa3a2abf9e0427eeb084c9570a6d6
data/replay_corpus_v1_5m_4hr_audit/MES/MES_2024-11-13.jsonl	464646	a8012182475797711e296e7a888dfc4a4a850326dd26bfebbbf1ad420198760b
data/replay_corpus_v1_5m_4hr_audit/MES/MES_2024-11-14.jsonl	464617	ec0569f4bd6a230cf964ad9785284199fc74a507512c48501de52d8647417dbc
data/replay_corpus_v1_5m_4hr_audit/MES/MES_2024-11-15.jsonl	444383	9851a7ccf5aabc8729c9f8796deb1692a6051ab49461579c61343aea2439e5a5
data/replay_corpus_v1_5m_4hr_audit/MES/MES_2024-11-17.jsonl	20047	4899ada387ffad5f2a88d15a1c0a847ecd716708b08c0e247efad8bdd345a769
data/replay_corpus_v1_5m_4hr_audit/MES/MES_2024-11-18.jsonl	464706	098c08785ac28fd689fcf0c3716eed5337db5fd79fea39c38a41fe80dfc3026c
data/replay_corpus_v1_5m_4hr_audit/MES/MES_2024-11-19.jsonl	465051	fdd958f91c9b1862fb24617306618f5ac6f96f9b2e024956a5202ffcd2d60071
data/replay_corpus_v1_5m_4hr_audit/MES/MES_2024-11-20.jsonl	463385	bfc55a8cafdb7fa9c4c7dd57096f4b1494ddee0ed827184ad0cc9e6e03232817
data/replay_corpus_v1_5m_4hr_audit/MES/MES_2024-11-21.jsonl	463978	650afcb19158cdfa45d671580732025c85690edd966b44bda4b058c0985994f7
data/replay_corpus_v1_5m_4hr_audit/MES/MES_2024-11-22.jsonl	443766	65ca9bfd0c4abe0d87c85be925e03cd7e50b0f5788362e398187c3b19e6864d7
data/replay_corpus_v1_5m_4hr_audit/MES/MES_2024-11-24.jsonl	20049	dc139ae780d20113b19d47bb062168440dfef7ea0aa8c3bbe787139b3c471171
data/replay_corpus_v1_5m_4hr_audit/MES/MES_2024-11-25.jsonl	463424	6855a10ac5feb3fed1decc1a94c92d5c1d2387c36e5067f86f18cd144c0c6253
data/replay_corpus_v1_5m_4hr_audit/MES/MES_2024-11-26.jsonl	462336	52be5cd04ef07b145a2d3a34a6869835d271423fce854ddf181a823488abffcc
data/replay_corpus_v1_5m_4hr_audit/MES/MES_2024-11-27.jsonl	463422	c356fcafef540503b28f3dc16eeee23e3ba14c8129cfbf4f82c8351d5d93f08b
data/replay_corpus_v1_5m_4hr_audit/MES/MES_2024-11-28.jsonl	381838	c2e7433893d897f5eb6e8f57af4e87fbb5bb609027cf650dd8df4f7b7c3047ff
data/replay_corpus_v1_5m_4hr_audit/MES/MES_2024-11-29.jsonl	368353	3a77b1421a89c2b2b1d6bcce3ab14aec33c640fabdc27264d4c5a3dd8ca6285d
data/replay_corpus_v1_5m_4hr_audit/MES/MES_2024-12-01.jsonl	20090	3cc08949489eb3f92caa84a3dc1bf785b4467efe9452462c6b21ce1c6ca7a30c
data/replay_corpus_v1_5m_4hr_audit/MES/MES_2024-12-02.jsonl	462738	fc4cd0512bdc44ce7bbc1f87ce8d4a94dbd78c7d11b44785e0b37adea0ce61ee
data/replay_corpus_v1_5m_4hr_audit/MES/MES_2024-12-03.jsonl	463672	10c60bf9bb169c6d5e429c64027797ab293c9b1bcd64d3367a005f2d75b6d7cb
data/replay_corpus_v1_5m_4hr_audit/MES/MES_2024-12-04.jsonl	462372	2efee08e97f5d1a2cf339b2ce12c611a5a0cc0b19bf94f1b82242cf6bf3a91a9
data/replay_corpus_v1_5m_4hr_audit/MES/MES_2024-12-05.jsonl	463810	ea1f67d46ac7df0720660e9a3d5332538893a3686725fc13960daa56ea4e865c
data/replay_corpus_v1_5m_4hr_audit/MES/MES_2024-12-06.jsonl	444235	cc5279b83b62a1be3a64e98a4b82e36663967355ec2a2c089073af36934093b3
data/replay_corpus_v1_5m_4hr_audit/MES/MES_2024-12-08.jsonl	20092	9abba148276cf4c7bd62666d86cf7c782ae452f7a0caed377b560018d75e74e3
data/replay_corpus_v1_5m_4hr_audit/MES/MES_2024-12-09.jsonl	464159	47da3d6e60e904f337941de5669f157e59c1253e35d167e3b15fbf3da8111f1f
data/replay_corpus_v1_5m_4hr_audit/MES/MES_2024-12-10.jsonl	464828	8c2741e45a2d6ee1007ac4132c8863ce2ff5bd7b789f60c7d7b63f48b7df8ecc
data/replay_corpus_v1_5m_4hr_audit/MES/MES_2024-12-11.jsonl	464223	6bf7b78756c72ad530edd63ecf76471b9d073a8ed1e55dc8323dd874a61a1a1d
data/replay_corpus_v1_5m_4hr_audit/MES/MES_2024-12-12.jsonl	459851	553f8565e7f142c17c2fed45ad21f146beb2d97acc9b5045c1c0eb657ae428e6
data/replay_corpus_v1_5m_4hr_audit/MES/MES_2024-12-13.jsonl	442889	f131e754397d188075dd96137ca45a9ee5d434b540e17da69f45aff1f8553536
data/replay_corpus_v1_5m_4hr_audit/MES/MES_2024-12-15.jsonl	20218	f4b124c16e5e790753ad48be4c975a1c8a03dc6937359f5bdb0c7b751062dab5
data/replay_corpus_v1_5m_4hr_audit/MES/MES_2024-12-16.jsonl	464283	ca7dfa1692701200b617bfc569efb94658c7f3b6778c3602faab48d94ba6a8f7
data/replay_corpus_v1_5m_4hr_audit/MES/MES_2024-12-17.jsonl	465516	58dd5a05c659b2f2639a6ed68b9039bce3f19f9e65ebdb0d7183f91d63fa631e
data/replay_corpus_v1_5m_4hr_audit/MES/MES_2024-12-18.jsonl	465040	eedcc416340ae1d55f913f7f5eef7d9b116466d33704ae48c539e87ef7b7a491
data/replay_corpus_v1_5m_4hr_audit/MES/MES_2024-12-19.jsonl	464884	5e8c85d9eb6a1ea33ab33472eeb2dc31a0da8e1d4377e964c0583b71854de7ca
data/replay_corpus_v1_5m_4hr_audit/MES/MES_2024-12-20.jsonl	445281	a6a377ea160ce7b6564c995d0719f86f6411652b9d96e177141a0da67624bddf
data/replay_corpus_v1_5m_4hr_audit/MES/MES_2024-12-22.jsonl	20040	331eb4a541e00e990c47b8c28b0b0db265565763b638ec9659e58535f55c427b
data/replay_corpus_v1_5m_4hr_audit/MES/MES_2024-12-23.jsonl	463465	d03adaf0cac6f3b41f2932878ef499f2cf2507a63d774c06f8f3d1412a9d607a
data/replay_corpus_v1_5m_4hr_audit/MES/MES_2024-12-24.jsonl	368184	ce96a83d590baaf72502cb98bfde560f652a4ed0c64dbd2635caa24b61e787ce
data/replay_corpus_v1_5m_4hr_audit/MES/MES_2024-12-25.jsonl	19959	b6e450bc6332527e510b415bcd84d26d03870201ee0092afcef6522215af12f6
data/replay_corpus_v1_5m_4hr_audit/MES/MES_2024-12-26.jsonl	463439	387d7ffc8387b208b42660d9f8cc5b85aea4cb8f1df9734e71b9936d50236487
data/replay_corpus_v1_5m_4hr_audit/MES/MES_2024-12-27.jsonl	444218	603c8eca5c8c1732319ed8b7fbd4ac67fe9df986ecadccda8f0429384c02dc33
data/replay_corpus_v1_5m_4hr_audit/MES/MES_2024-12-29.jsonl	20226	7aae492268d2268ea2c5e7da3eac2f23c52cdc39a63cce349874b8429ad686ce
data/replay_corpus_v1_5m_4hr_audit/MES/MES_2024-12-30.jsonl	465008	ab7b0d31c6a6ef46428ea3a455559db486688c7d8338a174e2fe1742e261aa26
data/replay_corpus_v1_5m_4hr_audit/MES/MES_2024-12-31.jsonl	444801	919f0e7b5583f744bab128fcd78d0070b6b434c8a9ae04eff56e201d5bb7f9bf
data/replay_corpus_v1_5m_4hr_audit/MES/MES_2025-01-01.jsonl	20165	ba915e925a59eb2b7cc8e4543d4c00faeb60d8afb9607bd9f2f28d08bfe7b909
data/replay_corpus_v1_5m_4hr_audit/MES/MES_2025-01-02.jsonl	463820	ac074653c2137402cea79ca3cf0a0b7d91a15705fc664ad955fc23a7d960ede9
data/replay_corpus_v1_5m_4hr_audit/MES/MES_2025-01-03.jsonl	444174	d13f40991a323c7533c7fac85faa6af267b8a1c77069c6407376a6c5cabffe88
data/replay_corpus_v1_5m_4hr_audit/MES/MES_2025-01-05.jsonl	20089	7b727df6a1b622791c8c10dd52bfbfd794a3bf7eded24c9e1bc80a37676f09ef
data/replay_corpus_v1_5m_4hr_audit/MES/MES_2025-01-06.jsonl	463076	26e31ea947cb87ef39f1a8e192d40282581bb0c3ae53c6b0b64ed6dd6184790b
data/replay_corpus_v1_5m_4hr_audit/MES/MES_2025-01-07.jsonl	464325	70bbf1c5e97f1e3b7a6db17080a4423341f689a103998c365e3f9d86918c482c
data/replay_corpus_v1_5m_4hr_audit/MES/MES_2025-01-08.jsonl	464247	35916f02500da46a0a248f72218ebeb568d832e945e767fc2ece07b11f226afa
data/replay_corpus_v1_5m_4hr_audit/MES/MES_2025-01-09.jsonl	313243	104d9c15b36770e49a5728bb5f759a17b049093e45270e1d331176e37fd9b926
data/replay_corpus_v1_5m_4hr_audit/MES/MES_2025-01-10.jsonl	443825	b17a7a85884b38709588cd1ba29a85abe2e944a21796c36adb729a2581546c62
data/replay_corpus_v1_5m_4hr_audit/MES/MES_2025-01-12.jsonl	20185	bbec29a9e1383ba760747a650527e1c3b981e230e084515bbb59302054678d60
data/replay_corpus_v1_5m_4hr_audit/MES/MES_2025-01-13.jsonl	463705	444eefd3d3bf030f7264f4893499f3f1767b0dce0d71d60d6d0c326b6111e51c
data/replay_corpus_v1_5m_4hr_audit/MES/MES_2025-01-14.jsonl	464446	974eb6e7e5139e2bee8b83d5f0dd9e458e67e7328fe7564210c8fb3de333bba2
data/replay_corpus_v1_5m_4hr_audit/MES/MES_2025-01-15.jsonl	463589	b6257963863cc19bd4aa879d6605803609e4e5f0da5b77192916d622d8dc5fb6
data/replay_corpus_v1_5m_4hr_audit/MES/MES_2025-01-16.jsonl	456562	c414a4ac26d26487d3ed2f3563b8798093e25acfd6b3461ec2cc565ecb16d803
data/replay_corpus_v1_5m_4hr_audit/MES/MES_2025-01-17.jsonl	425929	a90ad089868e0f76c032031abb053bd287967d957db71f740ab213133215db42
data/replay_corpus_v1_5m_4hr_audit/MES/MES_2025-01-19.jsonl	20150	91d3a0dd3d23a3fafc4a76d0d7d38ac44481b58af6a090bded5f98a0c86541fc
data/replay_corpus_v1_5m_4hr_audit/MES/MES_2025-01-20.jsonl	382876	7cecde73ef5d11616603a697d1c99ad74fe26c09cacdb2d6a5f48f53f5c22140
data/replay_corpus_v1_5m_4hr_audit/MES/MES_2025-01-21.jsonl	462708	2c4b3a4a6ef2a7b34d57502c8a8e4c51f37a965e9a7cce2cd310a9ce8cc732c6
data/replay_corpus_v1_5m_4hr_audit/MES/MES_2025-01-22.jsonl	462056	daad9eae56b2ccd0e4c5acb42cc1b11dbf969ccd51c1226d9c8c24f378940f45
data/replay_corpus_v1_5m_4hr_audit/MES/MES_2025-01-23.jsonl	453305	27b7e4c3cbd12b4985350a9ef03bc7c440b22a73fbf57eda11295b4a7fe02a1b
data/replay_corpus_v1_5m_4hr_audit/MES/MES_2025-01-24.jsonl	426788	cf31e708f11bf7290a97af8c78762fd822ba3ed3eff9c0266678d2fc7e580b52
data/replay_corpus_v1_5m_4hr_audit/MES/MES_2025-01-26.jsonl	20137	ce9748f396260ebde4126002952a51e4fbe0866d0067cfa34cce6271e170cf35
data/replay_corpus_v1_5m_4hr_audit/MES/MES_2025-01-27.jsonl	464183	fe5b9dc74b4e91aabd73faba9648294540db6381180d86303a1e9a2694fee900
data/replay_corpus_v1_5m_4hr_audit/MES/MES_2025-01-28.jsonl	464513	1902c8ec88e737d4cd99ce33830670f7b484689e40ed44f59ba42a222d92bf53
data/replay_corpus_v1_5m_4hr_audit/MES/MES_2025-01-29.jsonl	464817	d33411c3a141b9a86624b8cc152e2d7a56b5e384ac397a8f4da861074d67afd5
data/replay_corpus_v1_5m_4hr_audit/MES/MES_2025-01-30.jsonl	450721	30cb55b98fe9deee88c1da4915d3cc071760516e63d84391d8e46786d64bf4f3
data/replay_corpus_v1_5m_4hr_audit/MES/MES_2025-01-31.jsonl	437839	749468b58fb726372ede74ef03722a44140284dc6a4d9222773da4ab16275a8d
data/replay_corpus_v1_5m_4hr_audit/MES/MES_2025-02-02.jsonl	20171	18b0610fb30dcf1d4b93f0da0316b8c27967388bfe92906d27a13a0e69532fb5
data/replay_corpus_v1_5m_4hr_audit/MES/MES_2025-02-03.jsonl	464095	51f3be9ea0663bb250aa999117c113d25160ed8ed00f0c7fc39e6f22c3e9b81a
data/replay_corpus_v1_5m_4hr_audit/MES/MES_2025-02-04.jsonl	464732	41fe523ff8aed4f0b04cf58038e8302b5c559ee2f80909d67d3a87d03723d178
data/replay_corpus_v1_5m_4hr_audit/MES/MES_2025-02-05.jsonl	462882	6d822751e2d792823594522655fb1b97e0abf61360ec05e256d8f07491c617d5
data/replay_corpus_v1_5m_4hr_audit/MES/MES_2025-02-06.jsonl	463050	3bcfed1e27e35cbf5c261b31114054b477bb6b143a2dccb34e757e487d80b5e0
data/replay_corpus_v1_5m_4hr_audit/MES/MES_2025-02-07.jsonl	444194	30356fcce96b6573127815199044d3ce8ba53dd4db81bd3c31eaddeca84ffc68
data/replay_corpus_v1_5m_4hr_audit/MES/MES_2025-02-09.jsonl	20189	fb4b8e503c02033d0a7a9ba85abee3d52dfbdd80b232c4349cc7012fb655f7d7
data/replay_corpus_v1_5m_4hr_audit/MES/MES_2025-02-10.jsonl	463781	d7ec0df58a6c2e39278f496d7c5604a9a37728c99a905d1943db1f0346f01415
data/replay_corpus_v1_5m_4hr_audit/MES/MES_2025-02-11.jsonl	464352	74112f74fd3ac7e7bbe2fbc95026a6d6be368205c457c48309941f9438c4c2e4
data/replay_corpus_v1_5m_4hr_audit/MES/MES_2025-02-12.jsonl	464557	8ca69e46998a8f2a34272d97f4d42fb19cf74674639e0c0a55eabe542518e667
data/replay_corpus_v1_5m_4hr_audit/MES/MES_2025-02-13.jsonl	449129	1f57fbfdc4f1f573e25a2838bdc997feaea1463ebec25c90a2b298b6f183efd2
data/replay_corpus_v1_5m_4hr_audit/MES/MES_2025-02-14.jsonl	429862	d4dad83edf1dbd5f6576e22e97dd93606fa92142b5796a50ce1c00e8e681d838
data/replay_corpus_v1_5m_4hr_audit/MES/MES_2025-02-16.jsonl	20189	3aecf9eb4ec336aa57aaf76ca864eaa4385aed80a585de8ff727577f45505c93
data/replay_corpus_v1_5m_4hr_audit/MES/MES_2025-02-17.jsonl	382734	2ca69cc25f30033e758ffe6dfb4b8492d165b2d900d5a4fcef1694411a83d3b1
data/replay_corpus_v1_5m_4hr_audit/MES/MES_2025-02-18.jsonl	463684	4edd6eb51907085605b2575b390e8a34e399644648c6ba739097bd03ac5173dd
data/replay_corpus_v1_5m_4hr_audit/MES/MES_2025-02-19.jsonl	464620	1ff2921b45307b9f250e9152673967ec7ca27fdf7f7827db189e30233caeeb98
data/replay_corpus_v1_5m_4hr_audit/MES/MES_2025-02-20.jsonl	464893	dc95ad7cd5c945158660fab9aae2bbdd4d51518a8f73a6544bf12fcf1bb257a1
data/replay_corpus_v1_5m_4hr_audit/MES/MES_2025-02-21.jsonl	444872	31435ee00ee392bc072c102430ce184d1cad6630c975c1b46ed2702a2da2ffc3
data/replay_corpus_v1_5m_4hr_audit/MES/MES_2025-02-23.jsonl	20231	9ea02ec6a1f96f8a40710d9fba22b31dfe372cd9e86e53e5b76f2d7baf57c8b5
data/replay_corpus_v1_5m_4hr_audit/MES/MES_2025-02-24.jsonl	465088	0ffededfb5dc0dbec05b2c2d306b257974d78316a1c1ef7d221151fdfd07a417
data/replay_corpus_v1_5m_4hr_audit/MES/MES_2025-02-25.jsonl	465001	732a14bca95371ab3f99d95b5f7d393c792d631d3281135bc2907af0772268ff
data/replay_corpus_v1_5m_4hr_audit/MES/MES_2025-02-26.jsonl	465023	1c27983fda203a42ef4f54be9ceff67108868f0a878bb55d2822d2171ce406db
data/replay_corpus_v1_5m_4hr_audit/MES/MES_2025-02-27.jsonl	464312	04b75362fefd7ace245ef9f06a78e43f4424b80f23bfeebeb74a80bc2dc14f0d
data/replay_corpus_v1_5m_4hr_audit/MES/MES_2025-02-28.jsonl	445114	c6b464c94a54b044425ac70a557c1a5bec80cf4379e90ab5bb903860c08c5951
data/replay_corpus_v1_5m_4hr_audit/MES/MES_2025-03-02.jsonl	20149	a40776689b85e1a46c8350bb2fd00875f6a6f140a14e92dd100fb98944df807a
data/replay_corpus_v1_5m_4hr_audit/MES/MES_2025-03-03.jsonl	465060	3d98991776718a78d1c3f60dace647b1b8727383282bc513fd360177e21cb133
data/replay_corpus_v1_5m_4hr_audit/MES/MES_2025-03-04.jsonl	464867	1df6508d37de51934ce9c6d6a04742f7f7d8a83b9867f75ce17a4452d098e1b3
data/replay_corpus_v1_5m_4hr_audit/MES/MES_2025-03-05.jsonl	465832	47f3666c4782f93f270e340fad15f0180eb41079586781b8927a84fa9a4a9665
data/replay_corpus_v1_5m_4hr_audit/MES/MES_2025-03-06.jsonl	465441	b1c15d7f651cb613f90b33f5b01a4b1b8c01adabb635ca8218bbf0a47e684646
data/replay_corpus_v1_5m_4hr_audit/MES/MES_2025-03-07.jsonl	445272	3dad64658ea5cffaea6106b242a1ab33aa3bd8a46c296334c20085c25a1e65d6
data/replay_corpus_v1_5m_4hr_audit/MES/MES_2025-03-09.jsonl	40470	36d4b904513bdda538690a9c850ad8276c00aca1a7fcf87c895be8d279f6eafd
data/replay_corpus_v1_5m_4hr_audit/MES/MES_2025-03-10.jsonl	465069	834b3bb3c4d78d71e67f8ad45ab4065d8ccde80066bfea6e0bdd6328358d99f0
data/replay_corpus_v1_5m_4hr_audit/MES/MES_2025-03-11.jsonl	465028	7fcfc861db416c5801882c153f752f31b2852c44e70a7326531a72814a6e2503
data/replay_corpus_v1_5m_4hr_audit/MES/MES_2025-03-12.jsonl	464361	43351b91cb476418fa83f85698633763abdcc1b520ec3ec74d143b384bdc6c06
data/replay_corpus_v1_5m_4hr_audit/MES/MES_2025-03-13.jsonl	463624	ac754fbd95f41d8f46516b5172320376b5bd0a407913de404005d7363608bedf
data/replay_corpus_v1_5m_4hr_audit/MES/MES_2025-03-14.jsonl	422083	3cfe2742a3bcbdaac1ba147fdfff56079bee6cee1fedbab2b9d98275512f4fb4
data/replay_corpus_v1_5m_4hr_audit/MES/MES_2025-03-16.jsonl	40365	b478b28003db73139e5710c41238182160e6985e2c192d078cd75af66f50d1a7
data/replay_corpus_v1_5m_4hr_audit/MES/MES_2025-03-17.jsonl	463417	6059e58ec7da15d28e388d2a328edd1df9934e77cde9548c9625f1364fd4b4ee
data/replay_corpus_v1_5m_4hr_audit/MES/MES_2025-03-18.jsonl	465318	93bd678373fcb68e068d0a1adbd15a710a7c2fa52f3493cc25967baea99d68aa
data/replay_corpus_v1_5m_4hr_audit/MES/MES_2025-03-19.jsonl	463872	b0af22473abb67db3daa7bfea63a55ea1db8cda04910a17743a5f167483e9437
data/replay_corpus_v1_5m_4hr_audit/MES/MES_2025-03-20.jsonl	464416	390cb51f9d3169bca8aa4e72e8c45b4695b0336a1cbad4142f145a90d1bc38cf
data/replay_corpus_v1_5m_4hr_audit/MES/MES_2025-03-21.jsonl	425496	c2c3e19256cf78d71208ac5a4ca3a14ec020487f56caa0d84e00d8a1cabc7e72
data/replay_corpus_v1_5m_4hr_audit/MES/MES_2025-03-23.jsonl	40218	b361ee3fccbb699f337bbd90a6f399080e72535f0206aed83a1c3e12ab4a6f9f
data/replay_corpus_v1_5m_4hr_audit/MES/MES_2025-03-24.jsonl	463885	a7e9fb977df8d514cc3fe010a4383367bf21347efeaae26d5ca60bb7615d3c41
data/replay_corpus_v1_5m_4hr_audit/MES/MES_2025-03-25.jsonl	463760	f59471255ee88a1e22762796affc6f7cfe37ab472bdd5bc5aa2cef7a9ada5c0f
data/replay_corpus_v1_5m_4hr_audit/MES/MES_2025-03-26.jsonl	464202	1f876778cff9c6aa89e7f6e76b75750059aceaf6d73b0d6cae246ea34e990d26
data/replay_corpus_v1_5m_4hr_audit/MES/MES_2025-03-27.jsonl	464187	91f7684853eed9ca890f94ea3c830fb176ad620812ea4f2eb34efd23d43318f4
data/replay_corpus_v1_5m_4hr_audit/MES/MES_2025-03-28.jsonl	425136	6db0ec32481c5feaf9f88652799ec968639d39cc5d8cba94aa9eddce4298337b
data/replay_corpus_v1_5m_4hr_audit/MES/MES_2025-03-30.jsonl	40348	facc2efe2ccb2a9ea0014e86e21726e4356ce69491502527dd0dab694009b670
data/replay_corpus_v1_5m_4hr_audit/MES/MES_2025-03-31.jsonl	465534	d7c77ecb5b64f0a1282ee18245339906062f1c519b0e26d870b5db2fbf3a2e16
data/replay_corpus_v1_5m_4hr_audit/MES/MES_2025-04-01.jsonl	464784	68b7743e6115cc8846aff80a54e68eccc78b9e06062315100d0f6decf880cb01
data/replay_corpus_v1_5m_4hr_audit/MES/MES_2025-04-02.jsonl	464969	41c929f0a0f400c03294986dda0c870e2da62c4e3b59dd29bb8efa700ef6fc40
data/replay_corpus_v1_5m_4hr_audit/MES/MES_2025-04-03.jsonl	465289	f3c045aee687588c37d08a20573395e89c6af521beeeda3f05ed8a3cf208b5e8
data/replay_corpus_v1_5m_4hr_audit/MES/MES_2025-04-04.jsonl	424798	651c7fd05d039d2f25ae37265612b0b589bf23ae95771ea2ab6808a390b3f62d
data/replay_corpus_v1_5m_4hr_audit/MES/MES_2025-04-06.jsonl	40347	00ba42d597ecfcf1161e0eeec8f353024c385127ff2e58c911e00d3a4d92d3cb
data/replay_corpus_v1_5m_4hr_audit/MES/MES_2025-04-07.jsonl	464570	ce7041268f891a7c0d8a9c1ada8b4c421449a4c134bef1820077413c81b7c888
data/replay_corpus_v1_5m_4hr_audit/MES/MES_2025-04-08.jsonl	465154	3f524ea3bae94320e1658bf0049b5d7aee68ed96403788ec7868a2bc2bc30fed
data/replay_corpus_v1_5m_4hr_audit/MES/MES_2025-04-09.jsonl	463507	3a8e5a2520afea807c0c01968f54168172ce0f50f1be1461af29ff9229f20979
data/replay_corpus_v1_5m_4hr_audit/MES/MES_2025-04-10.jsonl	465208	501521cace4ff58af15a5936116264c273d6d762f25f74508519a508389acdc9
data/replay_corpus_v1_5m_4hr_audit/MES/MES_2025-04-11.jsonl	424736	67f43ea9f6a32146f40e80f0c334c4525b85fc3cd496c41208ad136bc789b8eb
data/replay_corpus_v1_5m_4hr_audit/MES/MES_2025-04-13.jsonl	40336	9a6b723f3fb070a4199cf6288caef0d769d59188a1346231ce06f1e2aebb482c
data/replay_corpus_v1_5m_4hr_audit/MES/MES_2025-04-14.jsonl	465128	b6a6236c5bf5968381275b88c9022fce852f85f0261defc2fb62bd5ef0c38494
data/replay_corpus_v1_5m_4hr_audit/MES/MES_2025-04-15.jsonl	464406	ee9957157d4b3a514e0de834368cb443590fb80b708cd0892f21dcf1c0de3eb7
data/replay_corpus_v1_5m_4hr_audit/MES/MES_2025-04-16.jsonl	465652	7d85d31ca0ef71eb6717177a2c9183380337f3db514c4186cf7875d239896487
data/replay_corpus_v1_5m_4hr_audit/MES/MES_2025-04-17.jsonl	424005	4cbd7baf3f73c9d88853bdabf17e95af2a923dbba83d149f6d711ab8166315da
data/replay_corpus_v1_5m_4hr_audit/MES/MES_2025-04-20.jsonl	40306	2960b8798dc2a7859951af61c39217e198839ab29220d80915f07311917465a3
data/replay_corpus_v1_5m_4hr_audit/MES/MES_2025-04-21.jsonl	464882	1b6d869b64b472a7dcc93c2ba80608f865a1eb3e356524e9ac7b4760a1198b7b
data/replay_corpus_v1_5m_4hr_audit/MES/MES_2025-04-22.jsonl	463879	411c1a7419083eba69b1b30a118668c08932e18a52d9381129a8cad2a87465ab
data/replay_corpus_v1_5m_4hr_audit/MES/MES_2025-04-23.jsonl	463736	0810b4339895e316f90d741203bb0dc3413be0a7a82f3b1ef3057bff9f4b1ce7
data/replay_corpus_v1_5m_4hr_audit/MES/MES_2025-04-24.jsonl	462698	87edcf865f3f33079cbcfca6231e047f5031cb27cb44bc3ae48fa0a951977af7
data/replay_corpus_v1_5m_4hr_audit/MES/MES_2025-04-25.jsonl	423255	90d0d38dc0a6e1b6b24a697497259c86165264fb40d54df21f1cf1f7f2bcd46c
data/replay_corpus_v1_5m_4hr_audit/MES/MES_2025-04-27.jsonl	40254	130b6dff63c96d1549cbafa9cae83d6b5cc38a04642d2c7522555f85b7e6b54f
data/replay_corpus_v1_5m_4hr_audit/MES/MES_2025-04-28.jsonl	464142	252f7dc4e227d07e72cec023acfc40b0f31bb419836d049b7a2f9a80644b0d00
data/replay_corpus_v1_5m_4hr_audit/MES/MES_2025-04-29.jsonl	464654	904849fb0c86ffd2656dec0dbbf394cb026b5f9de043b8b4f6a72e36715f722a
data/replay_corpus_v1_5m_4hr_audit/MES/MES_2025-04-30.jsonl	464102	c2b6df5d9294e44a23f771431c004515a10b37954e585c55ff5aacdccd5636c9
data/replay_corpus_v1_5m_4hr_audit/MES/MES_2025-05-01.jsonl	463563	0f4e473e5e53b8fb6219ae140cb86e012a0c4132b287fa9d6495672d5718ba1f
data/replay_corpus_v1_5m_4hr_audit/MES/MES_2025-05-02.jsonl	423465	6c476ea9af3640fca7044dbf6fa893d75b90c0858379305faf0ff1a10c55cf3e
data/replay_corpus_v1_5m_4hr_audit/MES/MES_2025-05-04.jsonl	40337	0d3968c79e270cfab83cee3bf44361322b8e71cdc31667999664941dfdbe76f7
data/replay_corpus_v1_5m_4hr_audit/MES/MES_2025-05-05.jsonl	464521	92e59c36bb17f048dc28e6a8610a8ebcc28332e6656c2c7a2be49da8977ef007
data/replay_corpus_v1_5m_4hr_audit/MES/MES_2025-05-06.jsonl	465000	53be04ecd335afbacf8835e115551bceb2f6b9b6ace9b4199d3749d4d8a83e43
data/replay_corpus_v1_5m_4hr_audit/MES/MES_2025-05-07.jsonl	465047	b13a768e3e671e0a1403204b921e16056ae2f01a2175579f01e7560e08a422a9
data/replay_corpus_v1_5m_4hr_audit/MES/MES_2025-05-08.jsonl	463231	6112833639858b2ff9dc4503295fdcb0cbb116100b5525a583493ae3d7f16a09
data/replay_corpus_v1_5m_4hr_audit/MES/MES_2025-05-09.jsonl	424308	132abb49147cb5d75b028f911b19a0c903423e64ebccadc6b58b1d91bc4b1dc8
data/replay_corpus_v1_5m_4hr_audit/MES/MES_2025-05-11.jsonl	40313	01064d7380490334b26054482a92e96a108c88a0d9f76cbf9731d8afbbcc0631
data/replay_corpus_v1_5m_4hr_audit/MES/MES_2025-05-12.jsonl	464344	3658bb7ef5d2761d47687829040f65c96e6b209aba16bf5c307bdcdde7dbe8a5
data/replay_corpus_v1_5m_4hr_audit/MES/MES_2025-05-13.jsonl	463848	78f77e78108534d43dd11e42182b325df6768a51a39b4e113850d683d28fd6ad
data/replay_corpus_v1_5m_4hr_audit/MES/MES_2025-05-14.jsonl	464544	edf68798f8a387e851af5b314526fba2acae687a1f27ff67444918cc674241b6
data/replay_corpus_v1_5m_4hr_audit/MES/MES_2025-05-15.jsonl	464047	d0025e372c26aa14ebe67c507a95ce32ccf4de7a557358710229d426da81f6b5
data/replay_corpus_v1_5m_4hr_audit/MES/MES_2025-05-16.jsonl	422368	ef7be9be6a949128db9fc3e88cfc7c5fb17d04bc3e2293c7034ae837943a42e5
data/replay_corpus_v1_5m_4hr_audit/MES/MES_2025-05-18.jsonl	40439	8f07672aa1bd9d3a2258e1255222c78243ce40e49998033ae66b28c3687cb8f3
data/replay_corpus_v1_5m_4hr_audit/MES/MES_2025-05-19.jsonl	464171	f27c2c670f7a302550cca81e3c00cafb6ea22befa75fdc36133284062a462e6b
data/replay_corpus_v1_5m_4hr_audit/MES/MES_2025-05-20.jsonl	465167	8becf53c7275435dfb22200e0b78cf226d806435be601fe2c4fbb89dfe41b27a
data/replay_corpus_v1_5m_4hr_audit/MES/MES_2025-05-21.jsonl	464108	0ccbc83070adb967b819ac4c6b7ab1fe3e20f3246dd35ff25dc1a329b64d37e5
data/replay_corpus_v1_5m_4hr_audit/MES/MES_2025-05-22.jsonl	464890	1b6b3d91164df17df3972a2bb3e7fd1c0ff33a5c43a00aa37406ef6b35798ebd
data/replay_corpus_v1_5m_4hr_audit/MES/MES_2025-05-23.jsonl	424876	cde623495d90ba7a8ceae2775f4dbc71a9bfd8b9890af3164dc0c70add919a90
data/replay_corpus_v1_5m_4hr_audit/MES/MES_2025-05-25.jsonl	40357	86f43cd0168462ad41804a1dacc167f6efe3b7afadcfcd4614e6fa8e484268b0
data/replay_corpus_v1_5m_4hr_audit/MES/MES_2025-05-26.jsonl	383582	c16d00d1182105474b8a04bc853255a4914a031b213512137f3c83d5ec0db3d3
data/replay_corpus_v1_5m_4hr_audit/MES/MES_2025-05-27.jsonl	463922	72953d8f0b0f0a87d7c3dcba3b047ad166bb4b5a4a49de9ce1778205dba56bb1
data/replay_corpus_v1_5m_4hr_audit/MES/MES_2025-05-28.jsonl	464370	3eecb5ee3d2977a9193d0d4c4a273a6bf07892d7e4b345fba184a40822a0fea0
data/replay_corpus_v1_5m_4hr_audit/MES/MES_2025-05-29.jsonl	463495	ec80b78f616f07cbca9b81eea8295871f0a036dc412c3e7f1cb17aaf2cfa7654
data/replay_corpus_v1_5m_4hr_audit/MES/MES_2025-05-30.jsonl	424385	4fda1d64581edb24adc345a5bbf651e28da63b0e939bfbba2330602dab75de20
data/replay_corpus_v1_5m_4hr_audit/MES/MES_2025-06-01.jsonl	40487	d74c20a3dc58705b58f5106a784cd9c589fca2fb7ac8d28ab2007b2b759e07e2
data/replay_corpus_v1_5m_4hr_audit/MES/MES_2025-06-02.jsonl	464337	bc90163857ad0ef11a934490ff09c22f15449743eb15ea66a53e8b5243afe5a3
data/replay_corpus_v1_5m_4hr_audit/MES/MES_2025-06-03.jsonl	463065	d2fda3412827eb55b22904e0aa3edb361c8fbbae19a58e7803ea347849c40705
data/replay_corpus_v1_5m_4hr_audit/MES/MES_2025-06-04.jsonl	463966	736d3cb0a91880230c4c34080473a24b2fef7ee4a096c8c8e7cc63b2d90307cd
data/replay_corpus_v1_5m_4hr_audit/MES/MES_2025-06-05.jsonl	463566	3bc275abf41daae6cec768f9c87c7a01f245ae28b5a60ecd5d6b9f6a774c2bc3
data/replay_corpus_v1_5m_4hr_audit/MES/MES_2025-06-06.jsonl	424116	92b1ec1e51e73b046909531355a532dfc6f636178f6b2876c16a99167858cff9
data/replay_corpus_v1_5m_4hr_audit/MES/MES_2025-06-08.jsonl	40472	e16020f49d21f5b39ed485acdd78eee245846fe1e03fb04eeb378f644d0952d3
data/replay_corpus_v1_5m_4hr_audit/MES/MES_2025-06-09.jsonl	463746	db6d0b71872e09a8676cabfe85afac2d85134384c0ab5db314ea1ec2305c42ce
data/replay_corpus_v1_5m_4hr_audit/MES/MES_2025-06-10.jsonl	463761	8a2e64835ee35aeaf7145ab81af477209848f2e66200898532b155e56d989d7f
data/replay_corpus_v1_5m_4hr_audit/MES/MES_2025-06-11.jsonl	463863	fc3e761696a2a3d691a7fd09382f7f274743d6b6fd897fbb6d1aeff9976b4d73
data/replay_corpus_v1_5m_4hr_audit/MES/MES_2025-06-12.jsonl	462779	ff0569d15be3d19be1810b421db5cb1c17a6508a28d15c5a345fd73db771872e
data/replay_corpus_v1_5m_4hr_audit/MES/MES_2025-06-13.jsonl	423256	fc0664e577acc0622615b954658207af4302fab4489b64e571883701292d2e13
data/replay_corpus_v1_5m_4hr_audit/MES/MES_2025-06-15.jsonl	40450	cb7eeb6e91d4b64491c6c98eae59b1e0f8baed2faab3f5ebdb2b39a03eb92f68
data/replay_corpus_v1_5m_4hr_audit/MES/MES_2025-06-16.jsonl	463918	de009101998168c7a472eba91ad5083e7a7f5d8a48bc822e1b49218f2594e710
data/replay_corpus_v1_5m_4hr_audit/MES/MES_2025-06-17.jsonl	464275	d600eb9c1a922f2bc661ea2712ef84a122cb777ca4077fd319df62d8383dc31a
data/replay_corpus_v1_5m_4hr_audit/MES/MES_2025-06-18.jsonl	464863	fd1a5f46b57abeb13c7df8ab3974c5aa6223a85a9f677558c41d3e5d5c3c3c27
data/replay_corpus_v1_5m_4hr_audit/MES/MES_2025-06-19.jsonl	384082	37615b49415d049b8e3e9a6c65a6b45b082dea4d6ffe7e2e914302727a28e49b
data/replay_corpus_v1_5m_4hr_audit/MES/MES_2025-06-20.jsonl	423876	5f1b8c527944637e714e6686edf5950e37fe7998452c5b154a534d6bf89f5592
data/replay_corpus_v1_5m_4hr_audit/MES/MES_2025-06-22.jsonl	40270	d2850ba556510f5715b380c74f25659a27636766231fab1f77bd25c339655739
data/replay_corpus_v1_5m_4hr_audit/MES/MES_2025-06-23.jsonl	462722	420a2df50e728ceea97985e8374c4516c684abcaa16ada49602917ed4ec049f3
data/replay_corpus_v1_5m_4hr_audit/MES/MES_2025-06-24.jsonl	462874	46afa657cbdce357357b87a0064bbff9babfb2a40e4cfe07f468f31ba1e29bdb
data/replay_corpus_v1_5m_4hr_audit/MES/MES_2025-06-25.jsonl	464110	97e09aff96cad23434d4c8ca53090ac98d4e32d8de9c115ae16739363bf4fefc
data/replay_corpus_v1_5m_4hr_audit/MES/MES_2025-06-26.jsonl	462356	28e89e7c2812edcc9a18b3e3211f05c83dd94c6a04d81a0a5c9a25ed6770c37f
data/replay_corpus_v1_5m_4hr_audit/MES/MES_2025-06-27.jsonl	422935	6fc2070908cf39b549bd69729260e7a0aa9995dd199748cf9c6721a65c2ff470
data/replay_corpus_v1_5m_4hr_audit/MES/MES_2025-06-29.jsonl	40179	cbb21f51afc554233e23dfa076a8bcaba38c8f7bee0daa8a7fe177c7aaee5962
data/replay_corpus_v1_5m_4hr_audit/MES/MES_2025-06-30.jsonl	463430	749021063120ddd807ea03ed23d5891e432d1bc1a7107750f114c7fb7f5b44a9
data/replay_corpus_v1_5m_4hr_audit/MES/MES_2025-07-01.jsonl	464673	e06b9c4c646dd42c94bd968e57c7c5826cb4b5ba570829c53288790b5548276e
data/replay_corpus_v1_5m_4hr_audit/MES/MES_2025-07-02.jsonl	463999	6fd613caef9ef25ebf354a230cdf6f6f003f116e615c5ae1b461ca03f8e6cba7
data/replay_corpus_v1_5m_4hr_audit/MES/MES_2025-07-03.jsonl	387637	a70601022bc97b08ed0b2e78c1649bab4b5292fe730f80f68372843ab9d35569
data/replay_corpus_v1_5m_4hr_audit/MES/MES_2025-07-04.jsonl	343147	36ebae4fc7b3339990dd09b92a2110afc51d8965b683a866badcc134cbb1dc50
data/replay_corpus_v1_5m_4hr_audit/MES/MES_2025-07-06.jsonl	40273	7cd4a685a2ebc60cefad026142d36ab26e46fee4ea3dc466bf720b5466ef1461
data/replay_corpus_v1_5m_4hr_audit/MES/MES_2025-07-07.jsonl	464969	e2215a9257ce9c6d95d5fd12d089c967301f9e8703800f2285a38f5b647895ca
data/replay_corpus_v1_5m_4hr_audit/MES/MES_2025-07-08.jsonl	465386	b64741ad3755346f2de1c04908e47ec66b31fb2375df2e060593666374dff44b
data/replay_corpus_v1_5m_4hr_audit/MES/MES_2025-07-09.jsonl	464580	78687569806e536314ce51986fcf8491d87e3389688b6d9e88cc2da1e6f14cbe
data/replay_corpus_v1_5m_4hr_audit/MES/MES_2025-07-10.jsonl	463706	c7dc6119c4e785af78972050b3e50bcd811a85838f8876df8d59bcb2553bf189
data/replay_corpus_v1_5m_4hr_audit/MES/MES_2025-07-11.jsonl	423680	bfb57f2345c32a06631ca6ded7357b73ff594e892977a88e3c217c05726c8927
data/replay_corpus_v1_5m_4hr_audit/MES/MES_2025-07-13.jsonl	40343	2a5d1bc219f895a3f42a71201081694ccb026891430565e864bf5c7fe353cdff
data/replay_corpus_v1_5m_4hr_audit/MES/MES_2025-07-14.jsonl	464279	28e144b7673e2a20b672b9cafa57bee9a35cb83bc7438e4f581ad5ce57e97282
data/replay_corpus_v1_5m_4hr_audit/MES/MES_2025-07-15.jsonl	464341	a7980b049bf5c67cc3e5aa016f205f916d991cc96c9519c89ea8fee92f1114e8
data/replay_corpus_v1_5m_4hr_audit/MES/MES_2025-07-16.jsonl	463872	427d1cf92adae88b066446d6647bb3df8e45a192eca53908f015525ff24c2fca
data/replay_corpus_v1_5m_4hr_audit/MES/MES_2025-07-17.jsonl	464662	ec3597f727073add505ab5ea9028d6748b34f6772f122cbd32e8963b09eed9b0
data/replay_corpus_v1_5m_4hr_audit/MES/MES_2025-07-18.jsonl	423378	efac685e2db7a85f1d6c5e2feceba425e311f60a95120549ed26b26de0895282
data/replay_corpus_v1_5m_4hr_audit/MES/MES_2025-07-20.jsonl	40127	3b094e507858366103b2a743a73de009b3862ad585592aef8a7fddac1f022656
data/replay_corpus_v1_5m_4hr_audit/MES/MES_2025-07-21.jsonl	462921	95fcaef21f1a60f68526c7d1fac7584d54691bef8bd3441cb27a0b6ba8cbe97c
data/replay_corpus_v1_5m_4hr_audit/MES/MES_2025-07-22.jsonl	464121	abd48b6f57ae61e196d2745fbd763e4039ba0e72392f1a30d0fd10c35a907e49
data/replay_corpus_v1_5m_4hr_audit/MES/MES_2025-07-23.jsonl	463397	23b1ed75fbfb36ae3acec07f56d0b6251ef2ad6e5b374976b6d01dfd2dd71b22
data/replay_corpus_v1_5m_4hr_audit/MES/MES_2025-07-24.jsonl	464097	e57fd4808c487f2d982e18594804a46f99cc1a1d3f6a388788281abee02d23bf
data/replay_corpus_v1_5m_4hr_audit/MES/MES_2025-07-25.jsonl	424176	4ef76861729434b9f1010eda49cadbef8694782863144642a5b39a96d15fb8b5
data/replay_corpus_v1_5m_4hr_audit/MES/MES_2025-07-27.jsonl	40086	a1b29155ea4a98834a921e866127f3375af4aea3bf486e306029105c5d76b876
data/replay_corpus_v1_5m_4hr_audit/MES/MES_2025-07-28.jsonl	463570	47b096ae0c692423d346a3c1dc2dcde46262f15f21ecf3a44fc190f64c0ea064
data/replay_corpus_v1_5m_4hr_audit/MES/MES_2025-07-29.jsonl	463456	e4b16805824ee09cff9fb19cf822ea04700c6f35c73bb7a41c8c6fa7d90f8057
data/replay_corpus_v1_5m_4hr_audit/MES/MES_2025-07-30.jsonl	463637	46e2706b5b68ccfdb06a02b0d3b2d5ea068f5451428d47a8dac6324f34399622
data/replay_corpus_v1_5m_4hr_audit/MES/MES_2025-07-31.jsonl	464765	e2dbdb6d32af9e830c9c20cf336bc96c683e8a348f80650b635fb7253d8a684b
data/replay_corpus_v1_5m_4hr_audit/MES/MES_2025-08-01.jsonl	424125	e6460e244e0dfe254cd6c07cecb273676be0c533a19d0a512b1915db9296573b
data/replay_corpus_v1_5m_4hr_audit/MES/MES_2025-08-03.jsonl	40507	33424436b732ffa8fe0092f688838f9c3a16e09421d0e305e58ac8fd4061dda8
data/replay_corpus_v1_5m_4hr_audit/MES/MES_2025-08-04.jsonl	463609	62c520baf45798010f93581239f62231b27008a9788a6aeceb290c7d23d0888e
data/replay_corpus_v1_5m_4hr_audit/MES/MES_2025-08-05.jsonl	464663	ef8b851156ba3e8b5061894b67790d2b38269ad02354674bbb7f416b6906baac
data/replay_corpus_v1_5m_4hr_audit/MES/MES_2025-08-06.jsonl	462748	27ab6ec819f09d4842d245f54f31f7f9a02381113769231cfd2703d44ed10e16
data/replay_corpus_v1_5m_4hr_audit/MES/MES_2025-08-07.jsonl	463004	74f57309c83db88bca9fafc53f9993c73109192e7abfafae4abac5c7a94e9de8
data/replay_corpus_v1_5m_4hr_audit/MES/MES_2025-08-08.jsonl	423020	b931e998d946d598eb93f67c1dc00b60691a886178e5b0619b779195eaa85481
data/replay_corpus_v1_5m_4hr_audit/MES/MES_2025-08-10.jsonl	40370	a701466ddd57cfcc173ab468a3b55827d48575e7e50f8c6f61b2a8ddd81f7258
data/replay_corpus_v1_5m_4hr_audit/MES/MES_2025-08-11.jsonl	465050	4fb1789b1672c125ab895afbfc67817e1dee12922c6c46f6699e6c422c8f72e2
data/replay_corpus_v1_5m_4hr_audit/MES/MES_2025-08-12.jsonl	463224	091dba1ae9490e3b651453e5e170e8764cd3eff39dfc5aba04d21d4ab86249ae
data/replay_corpus_v1_5m_4hr_audit/MES/MES_2025-08-13.jsonl	463111	1b47f4cc96a96fc24a135104ec69981a694973dcbea051c358da3a794547ffd5
data/replay_corpus_v1_5m_4hr_audit/MES/MES_2025-08-14.jsonl	463795	170cee12e002707fc635264a8cb5a84bc5d7179848d358c402bf42abad886517
data/replay_corpus_v1_5m_4hr_audit/MES/MES_2025-08-15.jsonl	424152	faa3256dc9d9e62f6574ae9769fdd1d70bccd864d75baa2476685b246225dce9
data/replay_corpus_v1_5m_4hr_audit/MES/MES_2025-08-17.jsonl	40217	d443eb0fbf1ca4b3bd8b05871b4f004f1ac65d44831a76722a879c332a12a093
data/replay_corpus_v1_5m_4hr_audit/MES/MES_2025-08-18.jsonl	463887	b5944cda42373a01d520dacc25f759ec3b4d56be6add3c7caaf4975f2adfa204
data/replay_corpus_v1_5m_4hr_audit/MES/MES_2025-08-19.jsonl	464836	c23bbb7f32845e4171dfd6b0e4315eb674c04ffccb4e29a2ce44dae658220b2b
data/replay_corpus_v1_5m_4hr_audit/MES/MES_2025-08-20.jsonl	465083	995ca38b679b235982cf777e5b69a013bf96c8275bf05b3475b8ef8b1fb8a4a7
data/replay_corpus_v1_5m_4hr_audit/MES/MES_2025-08-21.jsonl	465566	3046d6f0508c09e3aa32015e89ee999d15192d559c7d93504d63ec912314df4d
data/replay_corpus_v1_5m_4hr_audit/MES/MES_2025-08-22.jsonl	424421	47b68a25a13f9ab2246e9396a71d1ffeb6f356b2dbd2cb69d3b5709db3482585
data/replay_corpus_v1_5m_4hr_audit/MES/MES_2025-08-24.jsonl	40411	d1ea9da2e44a6a23e42b2066413ce295e32b3dbd117c9b14eaafdcba4a5beb10
data/replay_corpus_v1_5m_4hr_audit/MES/MES_2025-08-25.jsonl	464371	5903059425783addfd403573b56b5180f7d08a827f6841f5620e5d2b1275ded3
data/replay_corpus_v1_5m_4hr_audit/MES/MES_2025-08-26.jsonl	464048	fc7c1d367d44db055b6553691b33e9eb221f97104424f02b9b2bdf29c2c2bfc5
data/replay_corpus_v1_5m_4hr_audit/MES/MES_2025-08-27.jsonl	464472	e2fde03df16302bdbfb99c2af34c8192ed848d611fec6dae8360288c59a43cb7
data/replay_corpus_v1_5m_4hr_audit/MES/MES_2025-08-28.jsonl	463094	b0429e6e64c8da84ea1d92937d88abdf7d1c0f4092a722a021e67ca1a3f75cd5
data/replay_corpus_v1_5m_4hr_audit/MES/MES_2025-08-29.jsonl	423523	c99cab92ad74ac09abefa2697a558150ae1525a3d45a5a5a1eed250bb6803223
data/replay_corpus_v1_5m_4hr_audit/MES/MES_2025-08-31.jsonl	40102	9d5fd5ab62f027e6f6441dcd4316cf36cc3325f78747d09370c092184568f69f
data/replay_corpus_v1_5m_4hr_audit/MES/MES_2025-09-01.jsonl	383672	a6a523cdcab03e34b4b6da682c15a7914c314391c882fe8669a42f074830e58d
data/replay_corpus_v1_5m_4hr_audit/MES/MES_2025-09-02.jsonl	465094	4d5489276594dfd6df66423c18aeb9f909b0a8f54d86fb1b6d1b686bd5da6b66
data/replay_corpus_v1_5m_4hr_audit/MES/MES_2025-09-03.jsonl	464432	f2bc202d9c2bfa8902800517821dd029336be5ddb090591f972276a0ab694ec0
data/replay_corpus_v1_5m_4hr_audit/MES/MES_2025-09-04.jsonl	463139	95fb1a8ad66834e01ca60d6b753d2d6e9cb5870c6f521f8f78c476eeb9b609a6
data/replay_corpus_v1_5m_4hr_audit/MES/MES_2025-09-05.jsonl	423244	c352f941fee278ad93d24ccddfd5c86503ce6b93895633b50e8e4b144f6075ec
data/replay_corpus_v1_5m_4hr_audit/MES/MES_2025-09-07.jsonl	40255	e56e5062b9698aa3cfe88b40a8966ba613879ee94152ce0bbe06a8067be9b1e8
data/replay_corpus_v1_5m_4hr_audit/MES/MES_2025-09-08.jsonl	437815	8b242496535b727739b3fd53c4ae547d18cbfb550892c977071db5ab25e3ffd7
data/replay_corpus_v1_5m_4hr_audit/MES/MES_2025-09-09.jsonl	122426	511d054ee815bdca1772d62939d9a8d0e149c4f571a5dc32e469486c76bdca0b
data/replay_corpus_v1_5m_4hr_audit/MES/MES_2025-09-10.jsonl	463224	e6167d25cad689da0dde13794c2ce5141078e24eff510a253d3ec355d43d87e1
data/replay_corpus_v1_5m_4hr_audit/MES/MES_2025-09-11.jsonl	452466	a0af25815adf3a38eb6076b6c96639cb9f6a81d3d53d1a35d1c73ec5bc7c5986
data/replay_corpus_v1_5m_4hr_audit/MES/MES_2025-09-12.jsonl	423113	01707f9a9a281eeadf85cea7f10b222b5c8b1c7a841c19b2d41106c2383d7cfd
data/replay_corpus_v1_5m_4hr_audit/MES/MES_2025-09-14.jsonl	40347	ffa60fee5b14a1cbf38d613dfcd9ceed1bbb0bec01651e9b98f2180c64385a53
data/replay_corpus_v1_5m_4hr_audit/MES/MES_2025-09-15.jsonl	462845	b7bd08130c61045a428b25802c67039e3a76e276fbbd4ab6a11646783d4817fe
data/replay_corpus_v1_5m_4hr_audit/MES/MES_2025-09-16.jsonl	463353	27408f87f8798592d9a101bee2fde194ba084f784721f0e4ba3f3d6c5854ac56
data/replay_corpus_v1_5m_4hr_audit/MES/MES_2025-09-17.jsonl	464353	55f6f2c9bab240a06384b0312ec1fc496e62a16c9977e87b8c8ff337f91098a1
data/replay_corpus_v1_5m_4hr_audit/MES/MES_2025-09-18.jsonl	464417	3d86dc84a4006af22db0d4a0013d978f8679e42f4fbce02ab23c8db4a22c109d
data/replay_corpus_v1_5m_4hr_audit/MES/MES_2025-09-19.jsonl	423072	5dd15411dc50fb3c0df022678fa19a78d04d204d28e7efee65d86fc2a9f3602c
data/replay_corpus_v1_5m_4hr_audit/MES/MES_2025-09-21.jsonl	40313	e295a9b014cdcb68c010028cbea703418c479da583404e250aa5353192484784
data/replay_corpus_v1_5m_4hr_audit/MES/MES_2025-09-22.jsonl	463489	f542a25c0dd62e88c4bb8eac8357b9501acb28422cc0065d6f1f79b8cab1347b
data/replay_corpus_v1_5m_4hr_audit/MES/MES_2025-09-23.jsonl	464225	fb88e4941d0e0c8a1c0908ecb04110e7f460ef197aa5895c48fd3df7a00a7fde
data/replay_corpus_v1_5m_4hr_audit/MES/MES_2025-09-24.jsonl	464706	592740292a2b8bf25dceb9d62bf7005a610d1e8a2e5ba384ad49c86ecf3f72d5
data/replay_corpus_v1_5m_4hr_audit/MES/MES_2025-09-25.jsonl	464466	550363b8942a13b6a357cbe5b8abfb8bbcf733cf81d328e3b20da53d5af20fea
data/replay_corpus_v1_5m_4hr_audit/MES/MES_2025-09-26.jsonl	424490	42c112df461da92759176463af7f22332daea5923e131e182b29f4b9b29fec55
data/replay_corpus_v1_5m_4hr_audit/MES/MES_2025-09-28.jsonl	40031	11f4095680629ff6181eca1c796b5912f0309b93b0620a23967ea48aec77c4df
data/replay_corpus_v1_5m_4hr_audit/MES/MES_2025-09-29.jsonl	463480	4c193818770a5a545ffcac5dc2d775593ebfc6ec0c7b72b67321b87277ccbf0f
data/replay_corpus_v1_5m_4hr_audit/MES/MES_2025-09-30.jsonl	464537	792669cbbdcc4523d6b0db1c0b2c9b7103b1471b06c8aaff92332a0eef37ad96
data/replay_corpus_v1_5m_4hr_audit/MES/MES_2025-10-01.jsonl	463226	c525711c5e2007fc638dadc95c41a7644e5aa4e7077aff47522eabf3e1302c2b
data/replay_corpus_v1_5m_4hr_audit/MES/MES_2025-10-02.jsonl	463383	fa2f746b1e08326a24378a87f6c988d2a97a2c46db965af1d4a7b5a78081d2a1
data/replay_corpus_v1_5m_4hr_audit/MES/MES_2025-10-03.jsonl	422802	ca3bac9b06d8d565e82a0657255cb424ac9c1524914cea2332fb48321d2ab620
data/replay_corpus_v1_5m_4hr_audit/MES/MES_2025-10-05.jsonl	40256	62832664423b20e8b38d4e802ae77c97b0e0e008a8a40c0c587149672797ee00
data/replay_corpus_v1_5m_4hr_audit/MES/MES_2025-10-06.jsonl	463858	615ff1f55e23ad1ed7692364fc47f0f2d64094fcfa0fe4be58ef3ec654eb2dcb
data/replay_corpus_v1_5m_4hr_audit/MES/MES_2025-10-07.jsonl	465072	35846085c23eeeed9a6315d39b9406fcbcb136a9a9a7f90cd7d54379feff5d11
data/replay_corpus_v1_5m_4hr_audit/MES/MES_2025-10-08.jsonl	463425	1d37863d522158ad3b64bd55c844c8f048315afe76a6c0020f6762420eca7694
data/replay_corpus_v1_5m_4hr_audit/MES/MES_2025-10-09.jsonl	464569	2ba75b06bbe28bf34caa69d9987b2e3fe6002bb8a3e9240b898a121c4758ba55
data/replay_corpus_v1_5m_4hr_audit/MES/MES_2025-10-10.jsonl	424184	7e944871f441942cfeb0e08b380899487f90329fd01d82632703e088de638be6
data/replay_corpus_v1_5m_4hr_audit/MES/MES_2025-10-12.jsonl	40272	72bc2363ea6e3b532429110dd88a95b8b88f69e80524ac88641adc369d3a97f8
data/replay_corpus_v1_5m_4hr_audit/MES/MES_2025-10-13.jsonl	465307	0a8808a3ccb9a784a0a2f887554c5ea349e6d4cb216dd0d2da238224ff8a107c
data/replay_corpus_v1_5m_4hr_audit/MES/MES_2025-10-14.jsonl	464710	a3ab5e49a9ed88e74c5ce32bb82b28e5805b9513482a2c2df4622bb9ff66bcd8
data/replay_corpus_v1_5m_4hr_audit/MES/MES_2025-10-15.jsonl	464750	09e3577fdbad57f9859983d677ddc9258ec0123bae3dc9a7ee9bef8774dfcdea
data/replay_corpus_v1_5m_4hr_audit/MES/MES_2025-10-16.jsonl	464327	20057c61ec918e43d1b2f4339779f2c9f057510fd9446ea72065e506cb336b63
data/replay_corpus_v1_5m_4hr_audit/MES/MES_2025-10-17.jsonl	423964	1ae8f1f4fc5127c36e558be06da857e6138e5f4c11bd1ca28401ae7c37eb853f
data/replay_corpus_v1_5m_4hr_audit/MES/MES_2025-10-19.jsonl	40381	654c920ff6da79e80c582b2ce9b31c09e105b900bb26e76e27ba7639ebe0c116
data/replay_corpus_v1_5m_4hr_audit/MES/MES_2025-10-20.jsonl	464124	a761d4d9ffb1a231079d99c538c0671fce31066528e13189a76c8872f07a8a90
data/replay_corpus_v1_5m_4hr_audit/MES/MES_2025-10-21.jsonl	464213	38e8521752b1430abf47ac878f16bfe3455ef3500caf184c067da79facc63a1d
data/replay_corpus_v1_5m_4hr_audit/MES/MES_2025-10-22.jsonl	464217	926beb95ddb38b49f395ba15f03765df0da84fcfae2354eb34cb48bed583529b
data/replay_corpus_v1_5m_4hr_audit/MES/MES_2025-10-23.jsonl	464705	f70951753eeb6efe9561e0849373f4d505c9ffec3430115331c30d23dfb45d39
data/replay_corpus_v1_5m_4hr_audit/MES/MES_2025-10-24.jsonl	423422	d6e49563f5c2edab6f1b3bcc8fb74c38729ca08044f1f38ccc75f76b511c40b7
data/replay_corpus_v1_5m_4hr_audit/MES/MES_2025-10-26.jsonl	40141	f6108ade7ca0cba9f07032921b19a03d39dacb0002af190f6445771ab1b647df
data/replay_corpus_v1_5m_4hr_audit/MES/MES_2025-10-27.jsonl	463320	6fb2873f4de72bdb08901c42832b72436ffccd95a38952b74f4e7dd619c5146a
data/replay_corpus_v1_5m_4hr_audit/MES/MES_2025-10-28.jsonl	463989	88d114669455f4b75f3a6519d2c20fc772f008c9a64785c2ad7d14949d25deb9
data/replay_corpus_v1_5m_4hr_audit/MES/MES_2025-10-29.jsonl	463384	9e4f61ec6200ffd429cdfb2c7fddd9c5140273359a17318b594aa2e8bfafb7b8
data/replay_corpus_v1_5m_4hr_audit/MES/MES_2025-10-30.jsonl	464594	ebaa3a61c75f2c3cf6fb79154db414b29ba3ccf5a48c079fe3cdf4b65a78ac80
data/replay_corpus_v1_5m_4hr_audit/MES/MES_2025-10-31.jsonl	424678	41edb545570c497d9eb450ddf0f67ff3d2ad3a16854a85528543242486589d9e
data/replay_corpus_v1_5m_4hr_audit/MES/MES_2025-11-02.jsonl	20101	fe343ed2d74d863143b3481769d0a2f787a4ab734b22670061b419f8ebc091e2
data/replay_corpus_v1_5m_4hr_audit/MES/MES_2025-11-03.jsonl	464820	6e8dca1d72c3b75938027734df601f3ec835b13887422f31d6ebb56433332475
data/replay_corpus_v1_5m_4hr_audit/MES/MES_2025-11-04.jsonl	465577	03da09c499495484b5fe1a17c2328deb561d246b46fe27c77401c46e2241382b
data/replay_corpus_v1_5m_4hr_audit/MES/MES_2025-11-05.jsonl	464792	6e21e311f79ae5e4deb015e3a1bce4a924507977bdc45ff6cf4236bcc936b75e
data/replay_corpus_v1_5m_4hr_audit/MES/MES_2025-11-06.jsonl	464460	20adffce1158a1f8309841922faab318a9e452ea53de80c5ff618777f23e3d44
data/replay_corpus_v1_5m_4hr_audit/MES/MES_2025-11-07.jsonl	444866	d427eac5c7bba21cbdf49199388fc94a3bc83afc2f370b6fed7f1eb72b146f91
data/replay_corpus_v1_5m_4hr_audit/MES/MES_2025-11-09.jsonl	20085	2f0d23668b796d97ba8dead7de73eb51ee10239b60efae29fe801d34fe65fb4b
data/replay_corpus_v1_5m_4hr_audit/MES/MES_2025-11-10.jsonl	464191	bff8b69ae0597fb5e2cd6f24d156e6774b956c9b77a4a0eb87a808c94a0e4c98
data/replay_corpus_v1_5m_4hr_audit/MES/MES_2025-11-11.jsonl	463779	4cd59e792c9b4768571d86374b374f6552cf4121bd840aaf177c5f5a046528c6
data/replay_corpus_v1_5m_4hr_audit/MES/MES_2025-11-12.jsonl	463244	45de379d772b062b62ec88c2a0a87c46dfc7f485bf51e6da26a425e40643eb2a
data/replay_corpus_v1_5m_4hr_audit/MES/MES_2025-11-13.jsonl	464593	f438d9270fd4407df528dc9843f1c33e2a16c28ebbfdddd498d1f2edbb8f4275
data/replay_corpus_v1_5m_4hr_audit/MES/MES_2025-11-14.jsonl	445108	c7dc7fb12822f3072209abd6d72e21e99e3f70b97dd6f69688175dcef54e22cf
data/replay_corpus_v1_5m_4hr_audit/MES/MES_2025-11-16.jsonl	20243	508929d01e374a8ae2b5b5ce72a1904e22b3c985264d390174e99ddfcd54afb3
data/replay_corpus_v1_5m_4hr_audit/MES/MES_2025-11-17.jsonl	464153	23acd52a2cf835aa7bdb39ea198a7021f5d798e75345bdabc1a597c575cb2e02
data/replay_corpus_v1_5m_4hr_audit/MES/MES_2025-11-18.jsonl	465316	d96c07546e860c1c31ba472d81f079317eab9b695d9c40550a02d34a193d2123
data/replay_corpus_v1_5m_4hr_audit/MES/MES_2025-11-19.jsonl	465468	e060a4fcfa00acd495426867ac317831d37eeb8b68eb47cbf1f702919e7ee31f
data/replay_corpus_v1_5m_4hr_audit/MES/MES_2025-11-20.jsonl	463460	d467dfb45045d18d2858e4131e692d66cc4e218197a6e3277bc1c78d61cc315d
data/replay_corpus_v1_5m_4hr_audit/MES/MES_2025-11-21.jsonl	445098	5c5e23e413c818431fef5fc6db15b29e6c96dbda9857b8e4e7068f28789ef9e4
data/replay_corpus_v1_5m_4hr_audit/MES/MES_2025-11-23.jsonl	20121	acb8ba914e5b4608cbbe62eabd42c715ef634e7756f74af4b849adec85b017a4
data/replay_corpus_v1_5m_4hr_audit/MES/MES_2025-11-24.jsonl	464666	9979c74dbc50dfb5524dc88b13bab39b9c2257ff7cbac2ed7b077b31437f048e
data/replay_corpus_v1_5m_4hr_audit/MES/MES_2025-11-25.jsonl	464461	39e8ec4f1f8c7d05230fb6f7f8e443d4f3b7dbfd8d431c89b4ef97c8d85c7be7
data/replay_corpus_v1_5m_4hr_audit/MES/MES_2025-11-26.jsonl	462710	b579b0710338933268e348a6e79dfa46ca5f5e9daa0277a682327bf92578d1cf
data/replay_corpus_v1_5m_4hr_audit/MES/MES_2025-11-27.jsonl	383349	b36149bd49082abea50a2dfac80969d29e6bf2e320f77b23cedcdd343ecc4598
data/replay_corpus_v1_5m_4hr_audit/MES/MES_2025-11-28.jsonl	151201	fbab6a4526d48c15c5c086303e9eed0e2ed47ffc508a7b571f224c41a71ed351
data/replay_corpus_v1_5m_4hr_audit/MES/MES_2025-11-30.jsonl	20089	bf634acffba14e21a66cc66158385b33344b2606a1350da229da9ecdafa93bfb
data/replay_corpus_v1_5m_4hr_audit/MES/MES_2025-12-01.jsonl	464443	572e10f16ea74fc9ce78141607208b5dbd7f64be21303dba8ca12e89320a0212
data/replay_corpus_v1_5m_4hr_audit/MES/MES_2025-12-02.jsonl	464347	d032760f054f9da9c8466afc3c653dcff8c6e3cee432f765b4245c317e88cf99
data/replay_corpus_v1_5m_4hr_audit/MES/MES_2025-12-03.jsonl	465101	2ea086f9a24d48e2bfccf02f277fa065a822f89a7464a8213e375de673c92fe8
data/replay_corpus_v1_5m_4hr_audit/MES/MES_2025-12-04.jsonl	464314	f20985206eb61504c05ad75a887a8c4f668dbbda65754a443221f2daa1186e9a
data/replay_corpus_v1_5m_4hr_audit/MES/MES_2025-12-05.jsonl	440023	3c7dadae0163d899996a85f498bf1634f5f8bfd2364672cb604b5a9f2f4738d3
data/replay_corpus_v1_5m_4hr_audit/MES/MES_2025-12-07.jsonl	20108	45558c2277d1d5b383b342d6e003d45593587a7a8b5a9f2694c9a3d775d647da
data/replay_corpus_v1_5m_4hr_audit/MES/MES_2025-12-08.jsonl	462977	625bf52bcb334fdb47648c67c35a8245030d852699f3e29d58d4525dd67c9f1d
data/replay_corpus_v1_5m_4hr_audit/MES/MES_2025-12-09.jsonl	465323	3841f17d66c9d5c81e27ae462dc36e7e522e7f002cafbe9c31538ff8dfdcbfe3
data/replay_corpus_v1_5m_4hr_audit/MES/MES_2025-12-10.jsonl	465308	c4e59eab27a8a989eeedbad0950cf8ef6fe5827ad81c93ee4ba44f2f582cb8dc
data/replay_corpus_v1_5m_4hr_audit/MES/MES_2025-12-11.jsonl	449993	bb8067e821f52cf5d21160f8b5ffef90369ddb0b19686487c00bfdc4f2e33414
data/replay_corpus_v1_5m_4hr_audit/MES/MES_2025-12-12.jsonl	428091	e1cf0b2f21bc89e5712cb9fcff0692f05e26db2ea3684c07b5acba99caf0012f
data/replay_corpus_v1_5m_4hr_audit/MES/MES_2025-12-14.jsonl	20221	ff25f2eda98e5ac6bc65d25aadea337eae087d0bca6371a8cc3864e87d8e5bf7
data/replay_corpus_v1_5m_4hr_audit/MES/MES_2025-12-15.jsonl	464746	4b5f93dc95c21229c21eed883c5cb21712b162b6938b12718e4ad3b509a3ecf5
data/replay_corpus_v1_5m_4hr_audit/MES/MES_2025-12-16.jsonl	465769	4394edd9e48a57a051077cc5e7dc345792471d01220a8d6c18479194cd09122c
data/replay_corpus_v1_5m_4hr_audit/MES/MES_2025-12-17.jsonl	464910	6bcb5cdfc18a34e3caef7464c8ffcb3d433c6e6632f614eac48563866e486da7
data/replay_corpus_v1_5m_4hr_audit/MES/MES_2025-12-18.jsonl	464640	4326f99bf2cc779839bd8fcfcdacc441a4195ec79f1dead659d2dec61b594835
data/replay_corpus_v1_5m_4hr_audit/MES/MES_2025-12-19.jsonl	444868	da71efa706be3a1fd31599eb7faef2a96afc994584cd1dc389bad011f9b83607
data/replay_corpus_v1_5m_4hr_audit/MES/MES_2025-12-21.jsonl	19964	cd7d178805848e8130bdc4bf5400fbdd95c2f7aa6d732caa5dccc3853a4486fa
data/replay_corpus_v1_5m_4hr_audit/MES/MES_2025-12-22.jsonl	463537	ee3b78bee087b870a9341c1332b6dd579606b45216cfd445abec8f42b87fa0b0
data/replay_corpus_v1_5m_4hr_audit/MES/MES_2025-12-23.jsonl	464129	6c29e7efdb75ba820ef73cdbdf020119cbebd8d339c6dec211eb5ecb6d143f95
data/replay_corpus_v1_5m_4hr_audit/MES/MES_2025-12-24.jsonl	367829	874f87fda20e6fef0183400268f57009b3e7d98c2e4d185db5841ca1cd62662c
data/replay_corpus_v1_5m_4hr_audit/MES/MES_2025-12-25.jsonl	19987	28fb5589e127290c0488deb38eefcc76205661729f35fbcfb55192351fa95258
data/replay_corpus_v1_5m_4hr_audit/MES/MES_2025-12-26.jsonl	443397	f2e4938a4cb6ddf25cf20d07ceaea768ad523732a9f6a3f54e8e07c3e8d252ef
data/replay_corpus_v1_5m_4hr_audit/MES/MES_2025-12-28.jsonl	20124	582ce4912f385dbc656ce58a889bff4196d6ca25e4400483f71b35a4c9200ac5
data/replay_corpus_v1_5m_4hr_audit/MES/MES_2025-12-29.jsonl	464326	c9948f9f3743a25c66dfed8e99a89cf883d6ddd3c351f4eee0b057ddf91a51fe
data/replay_corpus_v1_5m_4hr_audit/MES/MES_2025-12-30.jsonl	464999	dd23ec17dc2cedff3dbadef673f7cc53437591a9088b60a2e4132a33dbad7334
data/replay_corpus_v1_5m_4hr_audit/MES/MES_2025-12-31.jsonl	444621	9b40eafb117d53712bfa8dcc90436b61763b809c486851a6f2aef0f3e367b730
data/replay_corpus_v1_5m_4hr_audit/MES/MES_2026-01-01.jsonl	20134	c692cbabf72fc8145094ae033a39a29dd723c8c81127f7748369b9f44f82c478
data/replay_corpus_v1_5m_4hr_audit/MES/MES_2026-01-02.jsonl	444317	e958991dd6dd0940a97a448fbb479a0c8ddbd1541489341e3cba56258dc930ed
data/replay_corpus_v1_5m_4hr_audit/MES/MES_2026-01-04.jsonl	20156	feff55000ba74aef0fa2cabdba31b23a4e807b75b932a88029e2da52bef6c545
data/replay_corpus_v1_5m_4hr_audit/MES/MES_2026-01-05.jsonl	464638	3189d1b54dd5220fc8699578eb6a634d636497ac1abd20ba1c9623a68f344986
data/replay_corpus_v1_5m_4hr_audit/MES/MES_2026-01-06.jsonl	463344	0e5bd3fce0d93a17819e7471ab889dcf110cbef240987e8402f40d82eedb6a80
data/replay_corpus_v1_5m_4hr_audit/MES/MES_2026-01-07.jsonl	464713	8aae18e0ef82ca37121644b2bc35e498aeaf2e6973fef1d80133e97256d15e1b
data/replay_corpus_v1_5m_4hr_audit/MES/MES_2026-01-08.jsonl	464875	1fcb3ee1c320d9afb34ee063b76579cb39c8cf56d6be8715c9eea47304d5782b
data/replay_corpus_v1_5m_4hr_audit/MES/MES_2026-01-09.jsonl	444560	5eb7b042e8f668f2a86f021d9820766cae6c348816d709eeabe1d811673d99d0
data/replay_corpus_v1_5m_4hr_audit/MES/MES_2026-01-11.jsonl	20101	6f8df12157ad6e39ebe523d5dc933bcb32d053a8dd3d427e6bedc1cbf4da73be
data/replay_corpus_v1_5m_4hr_audit/MES/MES_2026-01-12.jsonl	463851	2fd5e49269db35dcf574096537943c5c527b5185a35a99f130a3787a9c06d002
data/replay_corpus_v1_5m_4hr_audit/MES/MES_2026-01-13.jsonl	463931	6ad7fca158765ee11ae2b163d547cc3a89b7df598d5cf938d9b41172b8fb45e7
data/replay_corpus_v1_5m_4hr_audit/MES/MES_2026-01-14.jsonl	464555	ad81ec7c92c4b20a1ebf6ebfc60f6fe425133478ac1598d2b0c51c96e9b0a2c7
data/replay_corpus_v1_5m_4hr_audit/MES/MES_2026-01-15.jsonl	464261	b201a865243effdc53866f68c825259d7930ba351a7e43de97ab59ad9b0ad1c2
data/replay_corpus_v1_5m_4hr_audit/MES/MES_2026-01-16.jsonl	443828	d50876a805d8622ea30aada9b79b9961e437a63bc4267205589bc2df94233281
data/replay_corpus_v1_5m_4hr_audit/MES/MES_2026-01-18.jsonl	20162	df2b97067cc0ff0c653ea000a53cf194a258ed34c9f6f480c38f3c7a7a52832d
data/replay_corpus_v1_5m_4hr_audit/MES/MES_2026-01-19.jsonl	384343	f874b9c3f1afedf3b8bc7a24caa12fd0bcb9fcd25b1b11de1139640a5a34b780
data/replay_corpus_v1_5m_4hr_audit/MES/MES_2026-01-20.jsonl	465627	4caa0365e27b7fbffc7341bf3cebe33fa86620b16745184ba8c3e17857e9abf6
data/replay_corpus_v1_5m_4hr_audit/MES/MES_2026-01-21.jsonl	464153	33cfda575132c6f79e675dc3a66940ef826671d1bdac3c207c029926feb5f9fb
data/replay_corpus_v1_5m_4hr_audit/MES/MES_2026-01-22.jsonl	463624	aca43f8b7145cd91003676504eee30fbebc5e52f366c4a0b1963c410250c710c
data/replay_corpus_v1_5m_4hr_audit/MES/MES_2026-01-23.jsonl	444120	7ae2f6d8883c1fd24dc3372055d71463c38aeb85668a105a02db614225277684
data/replay_corpus_v1_5m_4hr_audit/MES/MES_2026-01-25.jsonl	20261	c7c99e5692c676c4d9774c5ebbd2129000ba78f8c1d078ffe1bef90544f448cc
data/replay_corpus_v1_5m_4hr_audit/MES/MES_2026-01-26.jsonl	464443	5e2e7801f419949dec9df6aac0f7ee89410bed702561d5c9663658e9d4985b6e
data/replay_corpus_v1_5m_4hr_audit/MES/MES_2026-01-27.jsonl	463603	9f909f35fc9332919f8d2564f20c6812dc4c8f2060e988a1f68068d510c063de
data/replay_corpus_v1_5m_4hr_audit/MES/MES_2026-01-28.jsonl	464239	6362357ed07a176e582db24afaeae16e5266148fa5b7cc72c20b538e7e6db584
data/replay_corpus_v1_5m_4hr_audit/MES/MES_2026-01-29.jsonl	464174	42800a0bc6eaeb2553811ba3176bfd3eddc5ced09dcc0c48af88fd8dc59bdd8b
data/replay_corpus_v1_5m_4hr_audit/MES/MES_2026-01-30.jsonl	444163	8f96f6a036e00bf9604b239282b2ad3ba9fb601cdfdd2a0fa274ade2ed7b4918
data/replay_corpus_v1_5m_4hr_audit/MES/MES_2026-02-01.jsonl	20206	14497233d9a0827d6cda0b4bd0ed01bc974b9176f9e2dd9bbc5ba1e1040a7b9e
data/replay_corpus_v1_5m_4hr_audit/MES/MES_2026-02-02.jsonl	463429	f3c10e240b7e1e15a10325df978bc966fbb06afb4e2d2e4d9ac215d27a7c5226
data/replay_corpus_v1_5m_4hr_audit/MES/MES_2026-02-03.jsonl	463309	1aac6cfe942bd89b93963a640eadbf889428e1bafa3bffb62a4ba730257f849b
data/replay_corpus_v1_5m_4hr_audit/MES/MES_2026-02-04.jsonl	463977	4fe5e1cfbd77eec004c79dce68a86d1d8aae60cc15d3d0e11f06e7de0fa531d3
data/replay_corpus_v1_5m_4hr_audit/MES/MES_2026-02-05.jsonl	464769	26bc59b96bef78b34c41755df2841cd0451c180de10e21d9168cec1c79b8d1af
data/replay_corpus_v1_5m_4hr_audit/MES/MES_2026-02-06.jsonl	443660	eb0eb8e1b30ff25a1a6c8777d8f3f2ff30e905023902378392b33d6cd878d088
data/replay_corpus_v1_5m_4hr_audit/MES/MES_2026-02-08.jsonl	19992	62a902f86b2dd0b87cc75616de13ed8ae3b55c02602fc0db4355b8f1c75a7877
data/replay_corpus_v1_5m_4hr_audit/MES/MES_2026-02-09.jsonl	463560	75953ef93dec7699e22c38c342c9ce5fb04b3b27314df785f26d07270c71d2a0
data/replay_corpus_v1_5m_4hr_audit/MES/MES_2026-02-10.jsonl	463808	3d8ace04e4ecb180a5ef457ac51c47488ddf65dc739f49a4cca19233185f231d
data/replay_corpus_v1_5m_4hr_audit/MES/MES_2026-02-11.jsonl	464825	1a0149b9c996e5c381cf77041ed2ddf1fb902368b4eba62bf551474c106c4556
data/replay_corpus_v1_5m_4hr_audit/MES/MES_2026-02-12.jsonl	464161	7fee8191d886a8f4501620b10ad17d3e50d50d5ba4f07955c9b5a641409d2e10
data/replay_corpus_v1_5m_4hr_audit/MES/MES_2026-02-13.jsonl	445636	4deaebc78986dc3acbbf8dbf7f558ca1944827a4279678d8e7f1a162aa2c6389
data/replay_corpus_v1_5m_4hr_audit/MES/MES_2026-02-15.jsonl	20264	8d45cfb1570325de04a347b663f18a0a8a4251344ace9de5cf1b0dd524aab3ec
data/replay_corpus_v1_5m_4hr_audit/MES/MES_2026-02-16.jsonl	384116	3a0bbdfa72a9bef00da1891b91b577789f89f02b84443b6936f45761886c7b06
data/replay_corpus_v1_5m_4hr_audit/MES/MES_2026-02-17.jsonl	465605	5579e5a7064954e8dd425158b3d73fc09881d1a8373316638c2a513ac51a9fd7
data/replay_corpus_v1_5m_4hr_audit/MES/MES_2026-02-18.jsonl	464952	81ccb41cbc759e546a0e751efeed94042f5239aae6beafce62ef294003f679df
data/replay_corpus_v1_5m_4hr_audit/MES/MES_2026-02-19.jsonl	464528	0460608d8ac2de72338b6b9a7f93aba3eb3cad9b1361fe35f5eb04dc2fdf1bfb
data/replay_corpus_v1_5m_4hr_audit/MES/MES_2026-02-20.jsonl	443858	38e80050b75f606761feea773cdbfdf4dff695ec7f005655dcc59e805537a16a
data/replay_corpus_v1_5m_4hr_audit/MES/MES_2026-02-22.jsonl	20196	f342d11c5c6ce3b601205e2bd1748c304b7e59a4144a17bfb32116196fa6e737
data/replay_corpus_v1_5m_4hr_audit/MES/MES_2026-02-23.jsonl	464059	78edb3b8ca08518cf037d854e5f62f6a5949d22ad5aaff5dabc229a13ad8f016
data/replay_corpus_v1_5m_4hr_audit/MES/MES_2026-02-24.jsonl	463923	468e143fca235ca8236a75a94f1dfaa7ce77768f9a483242012fc21e7ad44fc4
data/replay_corpus_v1_5m_4hr_audit/MES/MES_2026-02-25.jsonl	463387	c0235dd59cfa568c19d811c51628c0322dd69a2063183ec0ed627b7d00672c82
data/replay_corpus_v1_5m_4hr_audit/MES/MES_2026-02-26.jsonl	463718	e4e7651ec20f01f14b4ec67cf7b80a6b09e9baa041b752e87952493a5f488c4f
data/replay_corpus_v1_5m_4hr_audit/MES/MES_2026-02-27.jsonl	444695	6c6fe76d4d3f6be02ed97054c4d7f4fc53c3183b5808c0c19c1a32d75225d2ca
data/replay_corpus_v1_5m_4hr_audit/MES/MES_2026-03-01.jsonl	20198	14772e3ba26a0cba2258b34f703b34bb6ce75864c11b1dae87e60c0e16403742
data/replay_corpus_v1_5m_4hr_audit/MES/MES_2026-03-02.jsonl	464837	fc31ba8fe6d45ead89dd2737e53e5040a9e479c273f6e3dfe80dac43ba5083c3
data/replay_corpus_v1_5m_4hr_audit/MES/MES_2026-03-03.jsonl	465010	21d61e8fed8c75a6375f654d63b7a334ef6f00e7e3add61f377af50dd0dae78c
data/replay_corpus_v1_5m_4hr_audit/MES/MES_2026-03-04.jsonl	464665	d5848eb8bd700d8bac729944ffef5c60395e7cde7fe4dbedc101154d63e7f6be
data/replay_corpus_v1_5m_4hr_audit/MES/MES_2026-03-05.jsonl	464559	d1450551b3146966469f94ff623ca771ba410ac4483e5aa429ed70669dc130f7
data/replay_corpus_v1_5m_4hr_audit/MES/MES_2026-03-06.jsonl	428352	55a0b52d690a3646ec9a2661071b93585425627d01c124d568c8b3ef1083f863
data/replay_corpus_v1_5m_4hr_audit/MES/MES_2026-03-08.jsonl	40470	0b3e7f6ad82d430575c9e11bddc6c65baceacc4d9a73cf8d849a13a1087d90ce
data/replay_corpus_v1_5m_4hr_audit/MES/MES_2026-03-09.jsonl	465018	9283720d1518322c89624d89b28d1e92d5d3327bd7befd513284d737160dd511
data/replay_corpus_v1_5m_4hr_audit/MES/MES_2026-03-10.jsonl	465174	e8bbfc64381947bc19a94d20e0f85c162a8df627769d83b84c717468bb73b4fb
data/replay_corpus_v1_5m_4hr_audit/MES/MES_2026-03-11.jsonl	464429	ddd8e04d5d7f1bb4c3a9741a1acf3dee0b5e67b626dc88a2ee6b90ca739cad92
data/replay_corpus_v1_5m_4hr_audit/MES/MES_2026-03-12.jsonl	464195	b7b31c08d8275ef04d0b3f92112b149ece7c42621b92fd59e0a44e203dbc449c
data/replay_corpus_v1_5m_4hr_audit/MES/MES_2026-03-13.jsonl	423767	a07e6d54ba778ed3ed88c17f83123351760cc3e417b71ec699eea6bd582db48b
data/replay_corpus_v1_5m_4hr_audit/MES/MES_2026-03-15.jsonl	40391	dfb44e8ddf548bf89a13a6580bbdd80b29885217ab59f2e65176cab59b557fde
data/replay_corpus_v1_5m_4hr_audit/MES/MES_2026-03-16.jsonl	464348	83555c685ff42a5858d1b106a22eb80c72724aadb3c8207da3afaff1ea467374
data/replay_corpus_v1_5m_4hr_audit/MES/MES_2026-03-17.jsonl	465546	9f30c43ef525481db226f192615b9e99b02b0b78cb46c08763c1768faf8d7ac4
data/replay_corpus_v1_5m_4hr_audit/MES/MES_2026-03-18.jsonl	464579	47f651b954fe07a0cc296ce30456eeee66a0ce16422b262ccf13ce89d36caacd
data/replay_corpus_v1_5m_4hr_audit/MES/MES_2026-03-19.jsonl	464674	ce49982204e01184a967fd7f1cd9a8642db0d79676936056cdc7819fe7ad6f92
data/replay_corpus_v1_5m_4hr_audit/MES/MES_2026-03-20.jsonl	424532	fee03539dd616825cb147747105ae754125685b68f6d9c4ca053bce57e91ffa8
data/replay_corpus_v1_5m_4hr_audit/MES/MES_2026-03-22.jsonl	40387	dd7d441feab435128d00fe8d7e960d516a58a6a104ca0c9667c2b27e868c7697
data/replay_corpus_v1_5m_4hr_audit/MES/MES_2026-03-23.jsonl	465818	a3ee9c09ca2044f7ede3748c9c0ddebb78aef1ed7003adee6c1b8fa39eefce4e
data/replay_corpus_v1_5m_4hr_audit/MES/MES_2026-03-24.jsonl	464328	04c8ba12c2bad658d6de667b3ed43c767d16ed9d876220b3f16e0723cef505b3
data/replay_corpus_v1_5m_4hr_audit/MES/MES_2026-03-25.jsonl	465815	8a3560ab354a70a87ae640a69da4b5ea72b579fa8ef8e92667c0fa8ea37c499b
data/replay_corpus_v1_5m_4hr_audit/MES/MES_2026-03-26.jsonl	465146	771a1f8713bfc32cd4b40c6704fc3c71aa37479b5c63f226b367cb61ccfa625e
data/replay_corpus_v1_5m_4hr_audit/MES/MES_2026-03-27.jsonl	423867	f82b4fca96bdc90737d95cdf45924bda899609131aec590b06bdbd9488f2c7a9
data/replay_corpus_v1_5m_4hr_audit/MES/MES_2026-03-29.jsonl	40254	3f5c70487c93ec9d7221ba6079618a2b83e60cf2b2ea31be18c89334a5b2a9bf
data/replay_corpus_v1_5m_4hr_audit/MES/MES_2026-03-30.jsonl	464147	dfb5bd59d901c268600338c0b5e104ee471ee6abd79032a07d473948bab3185c
data/replay_corpus_v1_5m_4hr_audit/MES/MES_2026-03-31.jsonl	463862	d0207b5a2573ab2b508cae3c2ded0d23d16c6dabda743cbbf288506f51afed0a
data/replay_corpus_v1_5m_4hr_audit/MES/MES_2026-04-01.jsonl	462870	f84c0e5fa324f7196941db336d4e3e46488ca14093c99985a213f538e0dc0e82
data/replay_corpus_v1_5m_4hr_audit/MES/MES_2026-04-02.jsonl	463995	80240dc09b187c45e0c0e2e99a03f46035806bdb927f90d17fd05cefd9917ff4
data/replay_corpus_v1_5m_4hr_audit/MES/MES_2026-04-03.jsonl	267172	9f07aa8bc9634cf039622f3243a78e0edde8164fae13409ad16995520b1a5244
data/replay_corpus_v1_5m_4hr_audit/MES/MES_2026-04-05.jsonl	40394	dfa8d01b46af7d4b26a3001e20b0872996be4956de498f7a66039f815f1107f6
data/replay_corpus_v1_5m_4hr_audit/MES/MES_2026-04-06.jsonl	464677	caee073d900c18ef51027cab82e7c084d45f3990d6ae327606ef8549c64d082e
data/replay_corpus_v1_5m_4hr_audit/MES/MES_2026-04-07.jsonl	464830	1b67d4f8a47dadee823accc5cee7176987da0250cf1d80376e24622c5c17c136
data/replay_corpus_v1_5m_4hr_audit/MES/MES_2026-04-08.jsonl	463799	7585e883a5c78d3497416ff86bcbd27aa568e92a6e4f7db7aaf55598527ca390
data/replay_corpus_v1_5m_4hr_audit/MES/MES_2026-04-09.jsonl	464498	ee9f9bb4452eaf4d633f94ee930737717b73f43476a528063d44d1a42bb7788f
data/replay_corpus_v1_5m_4hr_audit/MES/MES_2026-04-10.jsonl	423284	aa86e75cdfa2126510338555f20607fb4a88f070c6a5e81ca6f52952f8ce6351
data/replay_corpus_v1_5m_4hr_audit/MES/MES_2026-04-12.jsonl	40176	2c2f736e7e7561f610b5de4927370b25ace65c3a0bc2ec12401b541c3835e190
data/replay_corpus_v1_5m_4hr_audit/MES/MES_2026-04-13.jsonl	462553	8070e6500f31a0469f4b9618a0a447998f424706bbe4f71497f3e6da13644e15
data/replay_corpus_v1_5m_4hr_audit/MES/MES_2026-04-14.jsonl	462519	8477c5662025b40363b58742b3afb6854427e5f4cb60e778e46879fa0b34baa9
data/replay_corpus_v1_5m_4hr_audit/MES/MES_2026-04-15.jsonl	463501	77ba1ff56b700b78deff64667765bece14554bbf98d861f38d9fe1bfa54ff7c7
data/replay_corpus_v1_5m_4hr_audit/MES/MES_2026-04-16.jsonl	463813	6214428d26db78d2b3c7926792de6de4104df0168d04b123be48b77dce713ab7
data/replay_corpus_v1_5m_4hr_audit/MES/MES_2026-04-17.jsonl	422710	182bf052dda355057706f4da25ae60b238d084464c0e97b9345a0184baf45b2e
data/replay_corpus_v1_5m_4hr_audit/MES/MES_2026-04-19.jsonl	40185	88358ea2509aafdda0345624a15e6031b4e44cbdc7e3aa7ba01c2fc3d0848af3
data/replay_corpus_v1_5m_4hr_audit/MES/MES_2026-04-20.jsonl	464010	5b369bc1be54fbd5978211bf134c38ad64ffc3eebc8d2cb377787aa6848a7fbc
data/replay_corpus_v1_5m_4hr_audit/MES/MES_2026-04-21.jsonl	464260	964af1f6860afa6764118364a40e52fe3e0b0b10358ec26752bc4b7a88898ffd
data/replay_corpus_v1_5m_4hr_audit/MES/MES_2026-04-22.jsonl	463699	4b4bda9269e550ee90b91497558406117a84215e38ae1b9887e71a5c70f834fb
data/replay_corpus_v1_5m_4hr_audit/MES/MES_2026-04-23.jsonl	465270	6f2f727873d375dd048890092d552855de8538a8ca220fd9f71927fb156faf35
data/replay_corpus_v1_5m_4hr_audit/MES/MES_2026-04-24.jsonl	424840	756f5ecae100dc45276fa9c742dc9f322f65e9acf54195867a3d38b63b09e3f3
data/replay_corpus_v1_5m_4hr_audit/MES/MES_2026-04-26.jsonl	40438	b1db6c9ededbac2238780198996e1fbcdc2624b7f453c432f24b5dba1831870b
data/replay_corpus_v1_5m_4hr_audit/MES/MES_2026-04-27.jsonl	463952	583e0b04cb235e0ff4601b577ebe4358451d3ce3f181d572458a92733708985b
data/replay_corpus_v1_5m_4hr_audit/MES/MES_2026-04-28.jsonl	464517	b656fb7e35bb038d02c66aa51e73a74a8b32119e91874659ab74cdd85b5ed2f0
data/replay_corpus_v1_5m_4hr_audit/MES/MES_2026-04-29.jsonl	464564	7e6af7d84f23f3877a2b0689e5a060bd2df7457472901dd269691c0c38ebc050
data/replay_corpus_v1_5m_4hr_audit/MES/MES_2026-04-30.jsonl	464190	9740595a041035ae4b3d3596423f057d5096a7c538cb419a1bc8972dd9ce3fec
data/replay_corpus_v1_5m_4hr_audit/MES/MES_2026-05-01.jsonl	424390	ae06d607672df0d7e1ec5daeae08b82a8827cd2a94b5f10f55319500c5e3f388
data/replay_corpus_v1_5m_4hr_audit/MES/MES_2026-05-03.jsonl	40336	b82b8507f8e944e1e60fb8fa7a8b5316c5e71bf4d9955a6e99b7dd2fc6be5cf4
data/replay_corpus_v1_5m_4hr_audit/MES/MES_2026-05-04.jsonl	464373	10663e8570c5f2454d7fd0cb0232a17de9982aab7d121b47dc3aac13b0ad4599
data/replay_corpus_v1_5m_4hr_audit/MES/MES_2026-05-05.jsonl	463433	7c9000784f1ed32685a870e04a54d76bc3ce5efa24ea72d4029e16f9d41ede5e
data/replay_corpus_v1_5m_4hr_audit/MES/MES_2026-05-06.jsonl	463883	7c163c81d0295d9e0abe61aa01700697413537ae5fff19e57922b0cce5d6e7d3
data/replay_corpus_v1_5m_4hr_audit/MES/MES_2026-05-07.jsonl	464380	ebd3f63254c77c4370095d68dc0fb5c6489e557180044627839bf172491a3d47
data/replay_corpus_v1_5m_4hr_audit/MES/MES_2026-05-08.jsonl	422236	9a885ee3c87fa3e5ac76cad92e5422928c80fef385bbec811f591353ac651915
data/replay_corpus_v1_5m_4hr_audit/MES/MES_2026-05-10.jsonl	40285	c383e48dadb8bc709b4158f19eb9c84127a92f442d59f816c42275c9600128cb
data/replay_corpus_v1_5m_4hr_audit/MES/MES_2026-05-11.jsonl	463050	eaed55fae82a8fc87f05edb3f9e1ed71772349f98d054ca1f54b01a87c3dd84d
data/replay_corpus_v1_5m_4hr_audit/MES/MES_2026-05-12.jsonl	465368	7de125a7232d4727ecfbd3433c883095a145f0262755c6f83d88028c0e838eab
data/replay_corpus_v1_5m_4hr_audit/MES/MES_2026-05-13.jsonl	464067	f14bf26562d7d8d2c63ccba84c83dbaa5ab5d1743c9fcb42cfb9e0ac3b516494
data/replay_corpus_v1_5m_4hr_audit/MES/MES_2026-05-14.jsonl	463238	075a47b3a3b59f26c193df6ffee616024ada883d0fa36e4a8709bf8cf0e51cb4
data/replay_corpus_v1_5m_4hr_audit/MES/MES_2026-05-15.jsonl	424875	21bb8dc05df65ebf51693c22db99b53cc9d97eb18ce9e2439d87e8f95676ee61
data/replay_corpus_v1_5m_4hr_audit/MES/MES_2026-05-17.jsonl	40460	7862c59319765acd514c0a889efa3c41fa180ba2c5838553dcb231867967bb45
data/replay_corpus_v1_5m_4hr_audit/MES/MES_2026-05-18.jsonl	465000	b12901858b1de68ab90067b28352e5ba4612231a09e9c9c6c276f73989ce8edb
data/replay_corpus_v1_5m_4hr_audit/MES/MES_2026-05-19.jsonl	465960	22562ef8553ba8a2c22ea28ee714e205dcab2cb9fec40f89ba4e3ea9129ddde2
data/replay_corpus_v1_5m_4hr_audit/MES/MES_2026-05-20.jsonl	464603	dd57b1f1b29f1102d8f994cfc516af1909061976b279d76541a5dc410205277a
data/replay_corpus_v1_5m_4hr_audit/MES/MES_2026-05-21.jsonl	463940	6bc517e74928b9f2b06b7ea636cbac22dc509f461f9449a154cc59996aa876e8
data/replay_corpus_v1_5m_4hr_audit/MES/MES_2026-05-22.jsonl	423629	de855036510e050fac9e20a069426db26d74951937a944d20303816b4e56f2b2
data/replay_corpus_v1_5m_4hr_audit/MES/MES_2026-05-24.jsonl	40274	85360df2960624cd421d5ac6e358bf2e2882c62fb95cc1c91061a32f44744716
data/replay_corpus_v1_5m_4hr_audit/MES/MES_2026-05-25.jsonl	382139	6e44b80924d747036562acd99724e4d4d3e344e16f59a9dfa873f27c6cc7aece
data/replay_corpus_v1_5m_4hr_audit/MES/MES_2026-05-26.jsonl	464777	38a077ce40deb6cef66398b792f66ef0ff0346492f1c9d39fef9a72c100c8845
data/replay_corpus_v1_5m_4hr_audit/MES/MES_2026-05-27.jsonl	465049	fd41baf5b14836810767ff652d5091c9e5ab4a51948b442df686d2111e1763d0
data/replay_corpus_v1_5m_4hr_audit/MES/MES_2026-05-28.jsonl	463481	92d1daa6e3f7bd831f185cfc7383b873c8ca7edc56f218bdd0f39ad01c1cef48
data/replay_corpus_v1_5m_4hr_audit/MES/MES_2026-05-29.jsonl	424054	a2d5ae6eb36e4dbe9f8f8915996e94e89f9746aed028cc89994cd0b68407a961
data/replay_corpus_v1_5m_4hr_audit/MES/MES_2026-05-31.jsonl	40211	2460ca00b04e1af807485944bf5c4cdad3b99968ed40d7ce1f5e42f1f313f759
data/replay_corpus_v1_5m_4hr_audit/MES/MES_2026-06-01.jsonl	463042	4fd9833b079f59668dfc701c3c0bb23a179c41141977fbf0ae2dcd644712272d
data/replay_corpus_v1_5m_4hr_audit/MES/MES_2026-06-02.jsonl	464126	1f0cceb01ed351b4ce8f09eb5c8fb34d934263d34fcc18ccb4f434248d89a9c2
data/replay_corpus_v1_5m_4hr_audit/MES/MES_2026-06-03.jsonl	465088	06e0b1165564e37df693cc5a2f2c7cdcf393238ebb967c16024cb02f3316b009
data/replay_corpus_v1_5m_4hr_audit/MES/MES_2026-06-04.jsonl	464443	376c96caf1422b77829adb0b29eefcbff8b7007549d93febe52c5956a8b05d90
data/replay_corpus_v1_5m_4hr_audit/MES/MES_2026-06-05.jsonl	424859	76e665af58e74f8f1cec56feff4b59ddcc1104b6f0975a0a59d5d3bc8f55bdbc
data/replay_corpus_v1_5m_4hr_audit/MES/MES_2026-06-07.jsonl	40360	e978968567861cc2a2c8b67ebdb41cb220a055566a386717548e7ef6e97acb80
data/replay_corpus_v1_5m_4hr_audit/MES/MES_2026-06-08.jsonl	464201	f5c4153b878c2d46e5ab6b683b827e2387eb4abe8c99d0024b94c6159c9fd029
data/replay_corpus_v1_5m_4hr_audit/MES/MES_2026-06-09.jsonl	464049	747ba8d6f80d34b537166b9e0497c6d9c2f3cc296cc2fc8238b4e912829f3001
data/replay_corpus_v1_5m_4hr_audit/MES/MES_2026-06-10.jsonl	464518	c885fd56a78f56afc712c1b4d485aadfe4a4a881b245b601333736920f93e8ab
data/replay_corpus_v1_5m_4hr_audit/MES/MES_2026-06-11.jsonl	463294	03026d1d01c5ec00b5734e79417c135131c750873cef49bb47e0ad7d1da8f7ef
data/replay_corpus_v1_5m_4hr_audit/MES/MES_2026-06-12.jsonl	423160	cd12ea9cf881bc8d2e588277351dbe2814e03bc8e305a7d5c7537b85bfba29fa
data/replay_corpus_v1_5m_4hr_audit/MES/MES_2026-06-14.jsonl	40151	3cbe0c63c9d15a4599e1d2f9fe38657e719c1be2fbd1e950d498e418dd1a4fa0
data/replay_corpus_v1_5m_4hr_audit/MES/MES_2026-06-15.jsonl	463338	a24376df950f29eb18006af778b2fc263a1ef94b32d388c8e904b630876100cb
data/replay_corpus_v1_5m_4hr_audit/MES/MES_2026-06-16.jsonl	464448	67a9edd5beeafc445b780bde3b4077d8c7e47f127078bff6f44ed5ab75a3b4b5
data/replay_corpus_v1_5m_4hr_audit/MES/MES_2026-06-17.jsonl	464925	13ccb6bee28cb4417e222312e76ea2e794163d68531db35a09054884bcca3fc8
data/replay_corpus_v1_5m_4hr_audit/MES/MES_2026-06-18.jsonl	465261	8e9dd48447c14136e71b2da3a90c596c2570afe6394e4984e24e027994bade9b
data/replay_corpus_v1_5m_4hr_audit/MES/MES_2026-06-19.jsonl	343431	21f5c574de681d71c6918071925e1c3255e174d1ef236c05e77efd067f2029fc
data/replay_corpus_v1_5m_4hr_audit/MES/MES_2026-06-21.jsonl	40503	8f80b51984f12d6057142f97157961079e97bc1aa796c30872120d4f083b6be5
data/replay_corpus_v1_5m_4hr_audit/MES/MES_2026-06-22.jsonl	464795	4689f53f70b8b3cbe33fdd820da62d710bc1a83f8ae2c32ac67dfa363cdf077b
data/replay_corpus_v1_5m_4hr_audit/MES/MES_2026-06-23.jsonl	465067	8f90db2e1966795ac1bb9e62ee77aee6ecf37b3e4561b2f8a3cc03e7f9e3c30e
data/replay_corpus_v1_5m_4hr_audit/MES/MES_2026-06-24.jsonl	465365	fa05b214ec0cd815e67fd519683ab09eef7bc2a499daec8fa937b525dad9934f
data/replay_corpus_v1_5m_4hr_audit/MES/MES_2026-06-25.jsonl	465543	e66bca5eccf9307c06efca7ee4581471511f9129f67af9d6c4d006c57f30e5f5
data/replay_corpus_v1_5m_4hr_audit/MES/MES_2026-06-26.jsonl	425041	43ad4309da43950011e6f83fc16d3e95e8f7ac59f0c6c845df5bc01d9941bf9d
data/replay_corpus_v1_5m_4hr_audit/MNQ/MNQ_2024-07-02.jsonl	100041	e8a2efa1dd0e5c7c1101b2ab97eec8d9b3b3027a77d5d073315a068c0f7e708a
data/replay_corpus_v1_5m_4hr_audit/MNQ/MNQ_2024-07-03.jsonl	390366	eeb106a5db35a94b9aabeeba391c3656664d933a8834daa9070c54949a6b9b9f
data/replay_corpus_v1_5m_4hr_audit/MNQ/MNQ_2024-07-04.jsonl	387753	9f48676647d090ad2fa78823df626cf38ee3bd217cf9df0b851935025d34a649
data/replay_corpus_v1_5m_4hr_audit/MNQ/MNQ_2024-07-05.jsonl	428266	c8565fe55c77c03c13af75e5a41d8c8839a583aa8ffb6639843f1755361f304c
data/replay_corpus_v1_5m_4hr_audit/MNQ/MNQ_2024-07-07.jsonl	40909	43b5742bf9c3ecbce69b67d3a3590e1e97f174580e2dfb7af00582dae4151f11
data/replay_corpus_v1_5m_4hr_audit/MNQ/MNQ_2024-07-08.jsonl	468772	a2ad374c138026fb3f5744ec8b0f8165bf4d1663dcc34c7e5319adaee4e57ec5
data/replay_corpus_v1_5m_4hr_audit/MNQ/MNQ_2024-07-09.jsonl	469503	a1d078d578eacd4f373a979038353efa74330dbbb929ca33c511006e23692d48
data/replay_corpus_v1_5m_4hr_audit/MNQ/MNQ_2024-07-10.jsonl	467284	fec0efc8edc831df9abe5d8faac878b959cd9224cae8e13bd82915b7ddee3c91
data/replay_corpus_v1_5m_4hr_audit/MNQ/MNQ_2024-07-11.jsonl	469584	6b99820a2e411944bf488872e451142b6c26a0d6ff89a371e7a0746bc1d9e62e
data/replay_corpus_v1_5m_4hr_audit/MNQ/MNQ_2024-07-12.jsonl	429551	735124603845def382da6bda5216c583d0c907ee0bc2c063b67a1186a639513a
data/replay_corpus_v1_5m_4hr_audit/MNQ/MNQ_2024-07-14.jsonl	40984	8ed7d7cb3e0f2659c608be0a298847673bd5329b1f7b47eaa4825d2799132d98
data/replay_corpus_v1_5m_4hr_audit/MNQ/MNQ_2024-07-15.jsonl	470586	bf0a9c493d85383115398508ef2c1939f68dc59d3b94e22dc51303d0b8e0ea51
data/replay_corpus_v1_5m_4hr_audit/MNQ/MNQ_2024-07-16.jsonl	469724	289aff2117d34d228f88934eab16e32d798ad5cb392ed8add701104152e53e82
data/replay_corpus_v1_5m_4hr_audit/MNQ/MNQ_2024-07-17.jsonl	469910	0dbbaad919e20a3a55af1ece4750345bf4321473c372c8f86838eb6ce907a2d2
data/replay_corpus_v1_5m_4hr_audit/MNQ/MNQ_2024-07-18.jsonl	470469	7f05f41ae77d4627b82f962bb0b26561b25451b78a93b3fc137c90841f8d4f36
data/replay_corpus_v1_5m_4hr_audit/MNQ/MNQ_2024-07-19.jsonl	430296	8458eab65538ec47e8ca4f07d93cc4962ed6425b86ee95dcabf7e322419c47cb
data/replay_corpus_v1_5m_4hr_audit/MNQ/MNQ_2024-07-21.jsonl	40819	10affe815c68fc3777a281bf70e87500c36eb09a36bbcb6de174a97bd5ee8ff9
data/replay_corpus_v1_5m_4hr_audit/MNQ/MNQ_2024-07-22.jsonl	470380	afcbdaee528d6d3e20bdcd5ddd0e39ee7cd39cb69691a002315e31be57b36d47
data/replay_corpus_v1_5m_4hr_audit/MNQ/MNQ_2024-07-23.jsonl	470715	aa7f7c81a137cb486c089b5b3d2ee641f4e8772cb107e7431a7a276e164049c6
data/replay_corpus_v1_5m_4hr_audit/MNQ/MNQ_2024-07-24.jsonl	470767	a8d324fb5a183be899759cfa09a66479264c67b4de91a10555b9294a7ef28753
data/replay_corpus_v1_5m_4hr_audit/MNQ/MNQ_2024-07-25.jsonl	470883	d4b07c46021ab1220a803304844207cf532b5a02f11745ab4d63ed221deda385
data/replay_corpus_v1_5m_4hr_audit/MNQ/MNQ_2024-07-26.jsonl	429852	c5b6e27f094c855873f284d1017492dc7f3893396f8dffd04c0a9c03d2129360
data/replay_corpus_v1_5m_4hr_audit/MNQ/MNQ_2024-07-28.jsonl	40766	ec6fad6e3b209f79d4e75e8e9dbe47d586acc259e4a909043ac8cddfb4fc20eb
data/replay_corpus_v1_5m_4hr_audit/MNQ/MNQ_2024-07-29.jsonl	470691	161f5370b72947845866d5a6cf6b76263a6fa194c5713784489e0a5a791de9d7
data/replay_corpus_v1_5m_4hr_audit/MNQ/MNQ_2024-07-30.jsonl	469979	098053b891bb449d4e323d9b3495a82722de07a32d7aaa7036386b1b45568063
data/replay_corpus_v1_5m_4hr_audit/MNQ/MNQ_2024-07-31.jsonl	469208	007595f617ccb2a143a7732431118cf8c854110261e3b00544c821e0fbae869f
data/replay_corpus_v1_5m_4hr_audit/MNQ/MNQ_2024-08-01.jsonl	470200	3a07bc3b5cfddc5bc91b56c1056735fbeb065dbbe76d2153ef07f4dcc6ff2944
data/replay_corpus_v1_5m_4hr_audit/MNQ/MNQ_2024-08-02.jsonl	430501	9f34c6382ff973a950846522b7e4be0096bdae411e75e002f4561b8729e79b22
data/replay_corpus_v1_5m_4hr_audit/MNQ/MNQ_2024-08-04.jsonl	40872	bb4758c98d22e8ae7b5ec77660a65c531f1fbdb8f96dde8ec5a917b23e42637f
data/replay_corpus_v1_5m_4hr_audit/MNQ/MNQ_2024-08-05.jsonl	470537	a46fceb88c113ff3c24e2b135f9bf593b4084b2220dd5c13ed29daff18d3a557
data/replay_corpus_v1_5m_4hr_audit/MNQ/MNQ_2024-08-06.jsonl	470056	52d1dea6e927137f241de98124f17ffcfcddeabe32b8e1fd16030c3cd7399f6e
data/replay_corpus_v1_5m_4hr_audit/MNQ/MNQ_2024-08-07.jsonl	469727	477c9894015940e602d265d1da088c4e7a0e370860b0bd249bf5d090fadb0143
data/replay_corpus_v1_5m_4hr_audit/MNQ/MNQ_2024-08-08.jsonl	470273	7dd8af3354fcce7712622b49aa2f1556619e480370a8ab43435b272d31ad8989
data/replay_corpus_v1_5m_4hr_audit/MNQ/MNQ_2024-08-09.jsonl	429147	f6e1c76ff54040e399cf8723ac8f1a26b861500817cf966c6a5fed205f1e567e
data/replay_corpus_v1_5m_4hr_audit/MNQ/MNQ_2024-08-11.jsonl	40840	a6ec3adb08dd6954ba48ff44823904402c87936ec8fba86bdbbda616b25b7981
data/replay_corpus_v1_5m_4hr_audit/MNQ/MNQ_2024-08-12.jsonl	469812	de97fb798265c5634750f2df1e853d54af26c03e19c4a04688ebe5b64e779213
data/replay_corpus_v1_5m_4hr_audit/MNQ/MNQ_2024-08-13.jsonl	468238	e2842f7bb31c1494745731aa1ac9943d5d971fd0a4846f23aea2f357a6900924
data/replay_corpus_v1_5m_4hr_audit/MNQ/MNQ_2024-08-14.jsonl	470077	aab00ccb00a16b5551201faffed708040f1fe2a5260ae1ff0b61c4611f7d2c49
data/replay_corpus_v1_5m_4hr_audit/MNQ/MNQ_2024-08-15.jsonl	469045	a68c7d0f4d3efc0b204577ebe70e5240b8fe834e45ca899d81a64be9394d6ee8
data/replay_corpus_v1_5m_4hr_audit/MNQ/MNQ_2024-08-16.jsonl	428800	57c79854c68dd68f72b391f89a91aa31694a13534c580897ab7c0a5afbeb4d61
data/replay_corpus_v1_5m_4hr_audit/MNQ/MNQ_2024-08-18.jsonl	40732	f0670dadaaf731270dc822091f91d00d7f4d5fb2bfe1f9732416ec5344645fe0
data/replay_corpus_v1_5m_4hr_audit/MNQ/MNQ_2024-08-19.jsonl	468704	3f45808ff23034cbb886965ee9a11fe23c65d65574668fc251775e6cced6d4d1
data/replay_corpus_v1_5m_4hr_audit/MNQ/MNQ_2024-08-20.jsonl	469916	186bbee1876bce2e81fa9b72c94c13b8da2e7de78f888a254021504f05c8b30d
data/replay_corpus_v1_5m_4hr_audit/MNQ/MNQ_2024-08-21.jsonl	469212	8ff310d170824870b69252a74a1d061045900eba9b3d5234a9f1934a3fb619f6
data/replay_corpus_v1_5m_4hr_audit/MNQ/MNQ_2024-08-22.jsonl	469765	2faf6fad6a09eb3480728db2dded7f09cc6073085d7d4d1cb72c8b825cc99971
data/replay_corpus_v1_5m_4hr_audit/MNQ/MNQ_2024-08-23.jsonl	428987	729d613f32c08ac2f5fd74aa9d5306e2d85ea10ccda8265515b00ecee7f67988
data/replay_corpus_v1_5m_4hr_audit/MNQ/MNQ_2024-08-25.jsonl	41031	bd1a0370f9e62f4089f67bd5da0fc46e24d1d9673e117a22af237641581aad8f
data/replay_corpus_v1_5m_4hr_audit/MNQ/MNQ_2024-08-26.jsonl	470730	6bbbd2d604eb1bfaa8dd29eea84b40b9e66f39684734ac6dcbe11f0fa87587c7
data/replay_corpus_v1_5m_4hr_audit/MNQ/MNQ_2024-08-27.jsonl	470637	76fb27cb18d11ce5faa23177697fbf91525f13e506d2ac880d8b9a98e5de5300
data/replay_corpus_v1_5m_4hr_audit/MNQ/MNQ_2024-08-28.jsonl	470795	5a5086a1a2ea42ccb9be4734f051580a8b8382aa460f3507930cb445f76fa6ac
data/replay_corpus_v1_5m_4hr_audit/MNQ/MNQ_2024-08-29.jsonl	469842	ef71651639815a50dfb98c320da0f5cd08df76150b0f21715a25c7dd916ec22a
data/replay_corpus_v1_5m_4hr_audit/MNQ/MNQ_2024-08-30.jsonl	427333	482f9f39e54ce124f73874e976667b6824a8619f43e587332d74e6dcb0e16276
data/replay_corpus_v1_5m_4hr_audit/MNQ/MNQ_2024-09-01.jsonl	40851	342e808e278cf08c8499458bba65ea041ea215823b9cc752c6412e680f967229
data/replay_corpus_v1_5m_4hr_audit/MNQ/MNQ_2024-09-02.jsonl	387877	71bf723fe0ab45991cf1e9f9be4900c2fb8f7a54bab39bf1a65960ab10b46706
data/replay_corpus_v1_5m_4hr_audit/MNQ/MNQ_2024-09-03.jsonl	470233	3cb3872bd75cd1cab338ef30cd298a088906f6a77412413a2d379dc2a717773d
data/replay_corpus_v1_5m_4hr_audit/MNQ/MNQ_2024-09-04.jsonl	470817	cfc1f68193948f176a301fdc9f315773ab4a16a4b733d9164bc82c7cb8cbe3dc
data/replay_corpus_v1_5m_4hr_audit/MNQ/MNQ_2024-09-05.jsonl	471828	f18fc116251da74661bf64e6b2efb90e5400defc1bfa07d2c317ce620bb275f9
data/replay_corpus_v1_5m_4hr_audit/MNQ/MNQ_2024-09-06.jsonl	430547	737bc835965ded4a1106b0a031cd611543c87f386eb7a26984237f43aaa150a8
data/replay_corpus_v1_5m_4hr_audit/MNQ/MNQ_2024-09-08.jsonl	40889	c5b1b2b9f2dcf1161be788c0c5075a697f2348a738e1f22190608372edeaf5d1
data/replay_corpus_v1_5m_4hr_audit/MNQ/MNQ_2024-09-09.jsonl	470017	90c9d3b82280c02a9c60a4dcd632f51f95a79238eef1a081fe06508ba21db654
data/replay_corpus_v1_5m_4hr_audit/MNQ/MNQ_2024-09-10.jsonl	470553	4405465054a39aee9d2fad1acd3f87e28e77125a4c341f2edeb41ceaf2aaf31c
data/replay_corpus_v1_5m_4hr_audit/MNQ/MNQ_2024-09-11.jsonl	470465	0947ef90f80f578dd6a31493a91a343968e3acb973a744963b1e4c3bca6d9f5a
data/replay_corpus_v1_5m_4hr_audit/MNQ/MNQ_2024-09-12.jsonl	468524	0c0fefcd0f8cd885bed70963acd6a3c5f743a88514753f243026311b81c222ee
data/replay_corpus_v1_5m_4hr_audit/MNQ/MNQ_2024-09-13.jsonl	427953	5d1f0fd3720e1fbe9baa5275a4acb0119c5a3656a1632903d6f62d807011d3c3
data/replay_corpus_v1_5m_4hr_audit/MNQ/MNQ_2024-09-15.jsonl	40896	da7df22e3316196fbba69122cde9f2549f4f00835ff005ad1ace9a2c93b1e6ef
data/replay_corpus_v1_5m_4hr_audit/MNQ/MNQ_2024-09-16.jsonl	470129	20e62bf52a98883a07127123ec328700eb0df3b556c5fcbb3f5e65c13fcce24b
data/replay_corpus_v1_5m_4hr_audit/MNQ/MNQ_2024-09-17.jsonl	469717	a050ce5b99cee3bf0da52176365dc22381c14227c6ad45e27ac72a7b257c4627
data/replay_corpus_v1_5m_4hr_audit/MNQ/MNQ_2024-09-18.jsonl	469444	f2beacf8275bbce85c2e9ce8a5467ffb3f287b48a4055cd6a6962bc2a027449a
data/replay_corpus_v1_5m_4hr_audit/MNQ/MNQ_2024-09-19.jsonl	469866	8fcd850cb18bf18e176cc0ea865ffe0adee99413626d3d617d20d1c5c8165086
data/replay_corpus_v1_5m_4hr_audit/MNQ/MNQ_2024-09-20.jsonl	429844	6a65c4442f7d2d7902723f681f839dabd51dcc3838f20b5f6575a60b83b6d690
data/replay_corpus_v1_5m_4hr_audit/MNQ/MNQ_2024-09-22.jsonl	40781	ffd101d0182f688dfaa4087391dbab65c30460ca3e8fceeaa746d672790e5ca9
data/replay_corpus_v1_5m_4hr_audit/MNQ/MNQ_2024-09-23.jsonl	470251	dcf2784bbf2443309654b9227ab234491fe72fb33077bf03acdb858ba936bade
data/replay_corpus_v1_5m_4hr_audit/MNQ/MNQ_2024-09-24.jsonl	469640	1a4ae3abea2d230fb6b736ab7fd49bc34dc6c160365ad94aed71499ae14b174e
data/replay_corpus_v1_5m_4hr_audit/MNQ/MNQ_2024-09-25.jsonl	469744	0331104286ac86a0da489fd99a02aade78cb7a3e0fb791602d8e5516c2e96d36
data/replay_corpus_v1_5m_4hr_audit/MNQ/MNQ_2024-09-26.jsonl	468735	bd506839dfe6a66c6ead3f74de57c31932c9f8ed1168b93bbb6d5195d25fcf2f
data/replay_corpus_v1_5m_4hr_audit/MNQ/MNQ_2024-09-27.jsonl	429489	d4600c1fed326e80113863c643c6a4809cd89f9fa5c33c1f531ce2a5df0d6765
data/replay_corpus_v1_5m_4hr_audit/MNQ/MNQ_2024-09-29.jsonl	40805	18850edabd0bc7e107460110b7ae48a1c2cf2ee0357b0bc09e250cabd722098d
data/replay_corpus_v1_5m_4hr_audit/MNQ/MNQ_2024-09-30.jsonl	470550	7a7e228554ef1843c89e61c7dfd5a320c24b11d008a2069beb331674fff0b45d
data/replay_corpus_v1_5m_4hr_audit/MNQ/MNQ_2024-10-01.jsonl	470555	03c124934d4d3681ea949e0631691f48b41d0878e8324b98facd04c967df603d
data/replay_corpus_v1_5m_4hr_audit/MNQ/MNQ_2024-10-02.jsonl	470125	ac9595196b3cdde5ebf9bce5f7411edab69dac19ff945976bc91150effaaec8b
data/replay_corpus_v1_5m_4hr_audit/MNQ/MNQ_2024-10-03.jsonl	471046	b7ea26c270a0a43d0a365c03dfc3ed36caec40ba5c69da65bb1857139a18326f
data/replay_corpus_v1_5m_4hr_audit/MNQ/MNQ_2024-10-04.jsonl	428789	43be341b61f94d392c563adb9c28cb2ce081fc9d1e1295dd733f8f495e29bda3
data/replay_corpus_v1_5m_4hr_audit/MNQ/MNQ_2024-10-06.jsonl	40784	dd30590bde93c6c8b329b47973b58bdcdd52f9258634e81dcaa83aa0297c84ec
data/replay_corpus_v1_5m_4hr_audit/MNQ/MNQ_2024-10-07.jsonl	470707	ec44625548d7bb0d5f8fdc24171bba3ab05907fd640adab9ea0a1aafcf83fd7b
data/replay_corpus_v1_5m_4hr_audit/MNQ/MNQ_2024-10-08.jsonl	469634	fbb7fd4cc8f9c982a7190f5e42556a12334483d39351dc431311f5d38a00dc82
data/replay_corpus_v1_5m_4hr_audit/MNQ/MNQ_2024-10-09.jsonl	468902	836dd6cf5c5ced109d1f8beb787eea03f06cf0e9cd6f1c946a6e8b3e8812232c
data/replay_corpus_v1_5m_4hr_audit/MNQ/MNQ_2024-10-10.jsonl	469184	6d711dda7b09cdac46ee24d8f82fbe053d5c34411978c1855ff0f11c68875bae
data/replay_corpus_v1_5m_4hr_audit/MNQ/MNQ_2024-10-11.jsonl	428847	2b0ed48bfdd68b92755a94a3c8379aee4a604f2eb0a8704ceb6d713a24c58567
data/replay_corpus_v1_5m_4hr_audit/MNQ/MNQ_2024-10-13.jsonl	40963	f3fed9a3ae11e198e09c5c45cab97e4ac5f291f62bdb66783ae341def0518bd5
data/replay_corpus_v1_5m_4hr_audit/MNQ/MNQ_2024-10-14.jsonl	469377	f7ef11b5e1c374e2d333b356d7ce68f237afa6c790274e26670fa2f9a5151c80
data/replay_corpus_v1_5m_4hr_audit/MNQ/MNQ_2024-10-15.jsonl	470421	9279413b07ad0344ab6ee14d813a7a629183d224b842452a352e8ffeeb0aff78
data/replay_corpus_v1_5m_4hr_audit/MNQ/MNQ_2024-10-16.jsonl	471029	e8b9012417a96b0a671ba091bed35d9ec9329dacf1172f4919a2b75d65838b28
data/replay_corpus_v1_5m_4hr_audit/MNQ/MNQ_2024-10-17.jsonl	470443	40a437d10e7fcb4612e82c342500f7c26566af5807e19d89a570fe548567ff07
data/replay_corpus_v1_5m_4hr_audit/MNQ/MNQ_2024-10-18.jsonl	428290	82a7ad386907b59e9ef012a435c6764a3d6e4a35bfc16697a3165cf716e84aa9
data/replay_corpus_v1_5m_4hr_audit/MNQ/MNQ_2024-10-20.jsonl	40590	7a78272f595c4d4630abad63d114f0ba65091849c4080206a715930bb07d10bf
data/replay_corpus_v1_5m_4hr_audit/MNQ/MNQ_2024-10-21.jsonl	470565	431fc86e09ddf722d935e9060026fbc341c60e8ac9733a3174de93a1c7c87b64
data/replay_corpus_v1_5m_4hr_audit/MNQ/MNQ_2024-10-22.jsonl	470508	46eb9691a58dcc63fe1c9c0a99b250118d9d509aff4f36b3ef4d2da8b5968208
data/replay_corpus_v1_5m_4hr_audit/MNQ/MNQ_2024-10-23.jsonl	470226	9eea2f5d7bd7eeabcf0f0e5d8a792b864ddf22a7b4fc41384c6f8f6779faf533
data/replay_corpus_v1_5m_4hr_audit/MNQ/MNQ_2024-10-24.jsonl	470020	80663e2cbf57552bdae89ac6a627284d25c63215a3f53375978074d26cf09992
data/replay_corpus_v1_5m_4hr_audit/MNQ/MNQ_2024-10-25.jsonl	428858	a1aa6586fc03effdda24f4bccfdd7617797a790947caeb570211764bf2e49dd7
data/replay_corpus_v1_5m_4hr_audit/MNQ/MNQ_2024-10-27.jsonl	40812	1001e8f141590517261eb9013b6a8eaa969f8fcb0a7a797436933c207b2f731a
data/replay_corpus_v1_5m_4hr_audit/MNQ/MNQ_2024-10-28.jsonl	469975	919d6a77b6652ab755fd3cb2b0c77d0324675de6fb0b4db997bc208b038ea533
data/replay_corpus_v1_5m_4hr_audit/MNQ/MNQ_2024-10-29.jsonl	469936	8c8f2da46683be29b709537eb79abee45a1a245f591c541b6d5a99611b159575
data/replay_corpus_v1_5m_4hr_audit/MNQ/MNQ_2024-10-30.jsonl	469505	487819b98064bb71aa7d5bdcf49fc3ae04ba2f55daa29c349e05acdd8d52604d
data/replay_corpus_v1_5m_4hr_audit/MNQ/MNQ_2024-10-31.jsonl	469972	cbe788b89944e7cf45e1659a8eb9752d7c7066c0cd39f5f9bb274453d08d72f2
data/replay_corpus_v1_5m_4hr_audit/MNQ/MNQ_2024-11-01.jsonl	430087	b5c456c0b17c77c2555f14cd14deac33b7542d415fb8c0ba4f26f3cdf348153b
data/replay_corpus_v1_5m_4hr_audit/MNQ/MNQ_2024-11-03.jsonl	20523	e94d4d75379a2af3938d76d3b1b1428579538a7afb70b33254ced8e9c9688b1d
data/replay_corpus_v1_5m_4hr_audit/MNQ/MNQ_2024-11-04.jsonl	471473	a841cefe4b575d3e5c8d97543a3e7b26ef88aa7cde3cb9ae6b155e18013825eb
data/replay_corpus_v1_5m_4hr_audit/MNQ/MNQ_2024-11-05.jsonl	469910	6ded8c7b46a8ece9d07695a9757d2118914f5af0ac614484d3f4108adb13caaf
data/replay_corpus_v1_5m_4hr_audit/MNQ/MNQ_2024-11-06.jsonl	467899	902ed1c326131c69f50f1001cc261f187e4cdaab4193f9c6c953e2e3d7e22a36
data/replay_corpus_v1_5m_4hr_audit/MNQ/MNQ_2024-11-07.jsonl	468817	f9577d157aee35b1845fea8dff4f9df17bcbb00fcf53acfb0a24a8188f67f981
data/replay_corpus_v1_5m_4hr_audit/MNQ/MNQ_2024-11-08.jsonl	449585	0f17ad4d8d2769b21f92bbd0c3942eb17eb7355a361f3245b5bd895448771999
data/replay_corpus_v1_5m_4hr_audit/MNQ/MNQ_2024-11-10.jsonl	20291	b71cb1b127c322a5e18d5b741dc61faf2a8117f135fc3db2a1acf2f9ccdef2b0
data/replay_corpus_v1_5m_4hr_audit/MNQ/MNQ_2024-11-11.jsonl	469761	ba0d0f60a6308764f6f67dcc3405fdf29db4b0d55f25da560de8af2d722872d3
data/replay_corpus_v1_5m_4hr_audit/MNQ/MNQ_2024-11-12.jsonl	471098	618bce45c8321883c23a50ce2ca68dcb521b635b419faf6d0e0bb9dd510debfe
data/replay_corpus_v1_5m_4hr_audit/MNQ/MNQ_2024-11-13.jsonl	471078	3133a999ac50a90d6463ecdd9696ac5e968e80028b944e9fc60005832585bba9
data/replay_corpus_v1_5m_4hr_audit/MNQ/MNQ_2024-11-14.jsonl	470561	ed23ead62ad3c2a08482c8a6988ea0fc5be01a890e4e8c75c713636ae13afec0
data/replay_corpus_v1_5m_4hr_audit/MNQ/MNQ_2024-11-15.jsonl	450172	250cddef736e740097be704df3534b501183e21260cb24c9f8fb05587ccbbcca
data/replay_corpus_v1_5m_4hr_audit/MNQ/MNQ_2024-11-17.jsonl	20385	0642894a8c227329df247130d48dd7df2670bf9ef13d2bd19aca96cbbcf8f0be
data/replay_corpus_v1_5m_4hr_audit/MNQ/MNQ_2024-11-18.jsonl	470776	2f1a68c9ab1432540988140e94f3f5ac9a9bc908d8939abb6295d75505abad82
data/replay_corpus_v1_5m_4hr_audit/MNQ/MNQ_2024-11-19.jsonl	470777	908bcf0235c8f069058ad93634b632bffcaee6d757b60bfe7b2742e9795b34b0
data/replay_corpus_v1_5m_4hr_audit/MNQ/MNQ_2024-11-20.jsonl	469376	7727aafc40f6e5c0e81b8caa88584bdfe2c33e13d34a7074ba35c068c5fffa5c
data/replay_corpus_v1_5m_4hr_audit/MNQ/MNQ_2024-11-21.jsonl	469861	e63094d2d5129e1363cac2e5226ed1cceebb69a67ffc7ae3c71ae975e052f63e
data/replay_corpus_v1_5m_4hr_audit/MNQ/MNQ_2024-11-22.jsonl	449732	715f524b2eb708545b9f1347588beae2d41f87f3df81ab3f1b42593f20a58e1c
data/replay_corpus_v1_5m_4hr_audit/MNQ/MNQ_2024-11-24.jsonl	20353	5b9c5b56bca4318d5b9fbbf0419707221c2d0f6496c880c84fe5a9281e0ec300
data/replay_corpus_v1_5m_4hr_audit/MNQ/MNQ_2024-11-25.jsonl	469766	1e5309021fcc7aca3a3b04d43fb1444dc87b703d68f7af947f84a4d649cb4731
data/replay_corpus_v1_5m_4hr_audit/MNQ/MNQ_2024-11-26.jsonl	469927	de896706d0afe0a13718576a7d6f1d5c3909f274300de71318f97d0b320cd55c
data/replay_corpus_v1_5m_4hr_audit/MNQ/MNQ_2024-11-27.jsonl	470501	1861eae52880be099aa7b0c00354f310b93e1fb051f2bc519d2a7db1f2eaadff
data/replay_corpus_v1_5m_4hr_audit/MNQ/MNQ_2024-11-28.jsonl	387900	4037f8a63ecf1be40480e30f09613997a192e5aeb6071e3aadd28ee22620277a
data/replay_corpus_v1_5m_4hr_audit/MNQ/MNQ_2024-11-29.jsonl	373202	48855ebe2e5f18e008dccdc45e72d7c81c230332e922fa18806dc7c14f217544
data/replay_corpus_v1_5m_4hr_audit/MNQ/MNQ_2024-12-01.jsonl	20330	e5afb97b4a92e065fc418ca3a5d8b492cac9ff8f3377d26292ead451fa399ccd
data/replay_corpus_v1_5m_4hr_audit/MNQ/MNQ_2024-12-02.jsonl	468998	568f7bf88f3ffefd93ceeecb246c0689da742ce562083562bb50316127deb1d2
data/replay_corpus_v1_5m_4hr_audit/MNQ/MNQ_2024-12-03.jsonl	469594	79727e5d8dbe8cf0db92cf9f2b84a51143f3911c38c52c5b30cbbcc2f0c2c250
data/replay_corpus_v1_5m_4hr_audit/MNQ/MNQ_2024-12-04.jsonl	467877	1599a144839c4454558d3011769223c364ddb23ce2e1979821e71bd0779b27bb
data/replay_corpus_v1_5m_4hr_audit/MNQ/MNQ_2024-12-05.jsonl	469129	4d111fd62c273677998891b7c5b3768057e0afc8f45b536b661c2753157be9ea
data/replay_corpus_v1_5m_4hr_audit/MNQ/MNQ_2024-12-06.jsonl	448809	baa8f6827500a941f0bb04366df22f9f4c454e88b1ed90540f94462c02b4c36c
data/replay_corpus_v1_5m_4hr_audit/MNQ/MNQ_2024-12-08.jsonl	20307	208aa66bf399df6061d24bfea895b210d01ce16b29708ac5a92e6322de874adf
data/replay_corpus_v1_5m_4hr_audit/MNQ/MNQ_2024-12-09.jsonl	468978	82dc8149a244598596b626d3c7849f786a82f4bf9ca9b256b6c1a2301c2daadc
data/replay_corpus_v1_5m_4hr_audit/MNQ/MNQ_2024-12-10.jsonl	469518	92af906b28c4dc0f99bb15d73b4b09e3d0ebf7e030d38ad356e106fb5a90df86
data/replay_corpus_v1_5m_4hr_audit/MNQ/MNQ_2024-12-11.jsonl	470474	0d99f9f8f0c754244b5f151416ddc13bb01fc7cbc4bdca2df2bd12feac5c4d35
data/replay_corpus_v1_5m_4hr_audit/MNQ/MNQ_2024-12-12.jsonl	464868	654ee2606ebd7811e0be1343ad55c651a7e36092394cc64bc089ce54ff861b59
data/replay_corpus_v1_5m_4hr_audit/MNQ/MNQ_2024-12-13.jsonl	448107	2f96f2b89d1117b9370bcf533c45ea83ad0e68afd4f4808d0a7dadef4a33cdf4
data/replay_corpus_v1_5m_4hr_audit/MNQ/MNQ_2024-12-15.jsonl	20392	5bbbdce6a339088a3d2ffcbd5e19d38760c30b419b5d0d77867d89c9c17d8102
data/replay_corpus_v1_5m_4hr_audit/MNQ/MNQ_2024-12-16.jsonl	468034	9b85ff42211178241f955c06ee58b7dfcd7bcd3972c76a8ec55872834db397a9
data/replay_corpus_v1_5m_4hr_audit/MNQ/MNQ_2024-12-17.jsonl	469944	0b9286309ff3d8ac37667870f3d7e5fe358c71adc23cd5b0a485d93c08ef505f
data/replay_corpus_v1_5m_4hr_audit/MNQ/MNQ_2024-12-18.jsonl	470708	27692072518cb980997b82425c1315209429c133d66dc91636cb19393ae7d681
data/replay_corpus_v1_5m_4hr_audit/MNQ/MNQ_2024-12-19.jsonl	470877	ad9a4afdc1da73208e461ccf35bc9a96c499b243519e7d97ee51a7fa77689845
data/replay_corpus_v1_5m_4hr_audit/MNQ/MNQ_2024-12-20.jsonl	450031	d729fa48b0d7c039fc768844f0acd67810510abce4f1dae75d7fd9cba6e3a37a
data/replay_corpus_v1_5m_4hr_audit/MNQ/MNQ_2024-12-22.jsonl	20361	f4c75afb68d6ae68fad1396b06e4d1af6068df901aa9f26880c17d6828957619
data/replay_corpus_v1_5m_4hr_audit/MNQ/MNQ_2024-12-23.jsonl	469106	007f8f59cc7ebc8445d5593386e01197dcd2b6ee554ac4b553272bf06bdb0850
data/replay_corpus_v1_5m_4hr_audit/MNQ/MNQ_2024-12-24.jsonl	372342	2cd51a09ef390e5b076138097a87dc766354fcb713cd415e7084e77778a5f4ba
data/replay_corpus_v1_5m_4hr_audit/MNQ/MNQ_2024-12-25.jsonl	20130	6f9225486ccd0c25a563cfd83f3be42b0eadd61c5c7fdc80341d933bb1a09335
data/replay_corpus_v1_5m_4hr_audit/MNQ/MNQ_2024-12-26.jsonl	469172	6ac9fb19a9b3e9b12d3c2ee3c743b971091cc819c57070bebeb17b13d368c8df
data/replay_corpus_v1_5m_4hr_audit/MNQ/MNQ_2024-12-27.jsonl	449665	db1077627f87916810a49c388fcdb235f8f5ddebedbade693dc58b458c1d76b4
data/replay_corpus_v1_5m_4hr_audit/MNQ/MNQ_2024-12-29.jsonl	20466	a75092bb3cc72d89eedd3f06c1f3ce648ae498394d837a5e0f20086b9e5ec47f
data/replay_corpus_v1_5m_4hr_audit/MNQ/MNQ_2024-12-30.jsonl	471070	53a2bcff8347b6b407fbc652e5d4366f8c2e2ebda2991159161c1dfbe2007330
data/replay_corpus_v1_5m_4hr_audit/MNQ/MNQ_2024-12-31.jsonl	450496	c090834188aee64ae061631e74be01b81d0303b8207705518ab444c9ff8de438
data/replay_corpus_v1_5m_4hr_audit/MNQ/MNQ_2025-01-01.jsonl	20471	8ce1829ccfd348144abbd0032a81e309da2ae0bc77dbe8fb91833b2407d4ccc6
data/replay_corpus_v1_5m_4hr_audit/MNQ/MNQ_2025-01-02.jsonl	470362	0ddd28e45f852eca377166331fe963d1142c05921d6ad2ed905b04c30d780414
data/replay_corpus_v1_5m_4hr_audit/MNQ/MNQ_2025-01-03.jsonl	450403	db1ab674fe3ae9d1eff03d753f157d24f48122f10f7015593caf73e488b88970
data/replay_corpus_v1_5m_4hr_audit/MNQ/MNQ_2025-01-05.jsonl	20364	130342efb3a5eab852356f8a1c1a02441ed450beebe7c8ceb03a1cd6e8ad2e63
data/replay_corpus_v1_5m_4hr_audit/MNQ/MNQ_2025-01-06.jsonl	469221	1c6e2023917c11b9e6abe4de5d348e8feef8a03fa7392c35499b2722d274178c
data/replay_corpus_v1_5m_4hr_audit/MNQ/MNQ_2025-01-07.jsonl	470860	fd59fa83e2d12750db5c38c6fa7738d89f924985b36c0730fe5ed87d2380da5a
data/replay_corpus_v1_5m_4hr_audit/MNQ/MNQ_2025-01-08.jsonl	470948	79512249586a1545fab502eaa594159af4317e54c9db6896ba6195e96e4cb05e
data/replay_corpus_v1_5m_4hr_audit/MNQ/MNQ_2025-01-09.jsonl	317780	8ae8f8a9099d7f148c856d2f01f1d0e325b3e7ee008b4120c778c1130113c8ed
data/replay_corpus_v1_5m_4hr_audit/MNQ/MNQ_2025-01-10.jsonl	449602	9b192f9d9480f71b9670c21a8d0b87c0bc4eb515934a88695db12abcef96a143
data/replay_corpus_v1_5m_4hr_audit/MNQ/MNQ_2025-01-12.jsonl	20487	7fbc0a93da810e7e8da69334f4315c4fd896b3c462b39ba6e37ae81ac0737a07
data/replay_corpus_v1_5m_4hr_audit/MNQ/MNQ_2025-01-13.jsonl	470473	513a70828f8061689f766c59aec3c03e1cc404f6ccceb2a6a991e6748e8e7b4e
data/replay_corpus_v1_5m_4hr_audit/MNQ/MNQ_2025-01-14.jsonl	470514	2d672716db01da56a8987770a703db244f6c526e06e276eec4c5a9d05cd9038a
data/replay_corpus_v1_5m_4hr_audit/MNQ/MNQ_2025-01-15.jsonl	469615	096e0066e5021f41109ff0fd291b7c6b25bab791334d843ea61a533d40c273a0
data/replay_corpus_v1_5m_4hr_audit/MNQ/MNQ_2025-01-16.jsonl	463469	f862bee6ad68a4286b0043571c7890242e232c188ad4f7cfcdd096d8e981134f
data/replay_corpus_v1_5m_4hr_audit/MNQ/MNQ_2025-01-17.jsonl	432232	511e2178a2471abc57549e44c7cb5eb228fc0a7ada86edcf0f5cf2cdf68bc798
data/replay_corpus_v1_5m_4hr_audit/MNQ/MNQ_2025-01-19.jsonl	20410	ba1dcd818f1d367126d17107a34d6ddc06080afb1c7ddc1adbe7e53c1841e3b5
data/replay_corpus_v1_5m_4hr_audit/MNQ/MNQ_2025-01-20.jsonl	387680	8e7f7e3fe824d63709c56083f16b7c5f1f796f05d4e6bc7b62b5b3dbbcb83ad4
data/replay_corpus_v1_5m_4hr_audit/MNQ/MNQ_2025-01-21.jsonl	469617	682170126346cd7eadde5f4452e8f67686f5fa35ca4fb6e0c0546c5c6266629d
data/replay_corpus_v1_5m_4hr_audit/MNQ/MNQ_2025-01-22.jsonl	467649	498db813bdf5f073fcde410a6c6020eee3650a4ddb617162a2a783d485de51da
data/replay_corpus_v1_5m_4hr_audit/MNQ/MNQ_2025-01-23.jsonl	458713	cd7a5dded27de4219df1dd109b92afef0e0a4bdf807b79fb17f2fdbf256c04c8
data/replay_corpus_v1_5m_4hr_audit/MNQ/MNQ_2025-01-24.jsonl	433193	20b91d451ee3adcc394fd225025ccb6cea9cc947b2df60dd3c92194f295a0d9e
data/replay_corpus_v1_5m_4hr_audit/MNQ/MNQ_2025-01-26.jsonl	20432	84ae3d228a70f756b5290271774913c2a27a92310cc9c96c714b6865ad366c64
data/replay_corpus_v1_5m_4hr_audit/MNQ/MNQ_2025-01-27.jsonl	470744	214536affea3832e6f1c195a0f9eec888e66cb51e500b1706c4cb92112cf857b
data/replay_corpus_v1_5m_4hr_audit/MNQ/MNQ_2025-01-28.jsonl	471231	111ff038460921009427a551d609f5a0d70139be1f4555af0c980efc9680bac5
data/replay_corpus_v1_5m_4hr_audit/MNQ/MNQ_2025-01-29.jsonl	471087	63d196415e97a3c7fb31d8acb3113bf757507fbb4b15f161eee7b95e97008059
data/replay_corpus_v1_5m_4hr_audit/MNQ/MNQ_2025-01-30.jsonl	456477	abaa8de1ea2689016a257fed3e01116638cbee419cebaa6d56a545a6ae5bb684
data/replay_corpus_v1_5m_4hr_audit/MNQ/MNQ_2025-01-31.jsonl	443853	f3fa832e3cf91c7d6b09828bda7170fbb0a7c9bff18eeea0167a1cdba942b09a
data/replay_corpus_v1_5m_4hr_audit/MNQ/MNQ_2025-02-02.jsonl	20411	6b828e1692bf1f5b9c6f85dc826d6299b981ff9396e4c8740c569155f9705595
data/replay_corpus_v1_5m_4hr_audit/MNQ/MNQ_2025-02-03.jsonl	469927	9014dce3a52d2266e306723bcb4dcd2e9ff1a65a26dfebaec92f462dbc834894
data/replay_corpus_v1_5m_4hr_audit/MNQ/MNQ_2025-02-04.jsonl	471250	3e3ddae62ffd7c86a75439ae50237d955b908a816fdd99b7ca728e3eb71311c0
data/replay_corpus_v1_5m_4hr_audit/MNQ/MNQ_2025-02-05.jsonl	469666	e373e3b1dd57ad98411e5f699bb81859b3b472ea4e96578e893ff87298457b4b
data/replay_corpus_v1_5m_4hr_audit/MNQ/MNQ_2025-02-06.jsonl	469086	e9b93f9e37e09cf335cb243cdd840b41a0c121686b9f4aa4f05f2a2e8bdd9439
data/replay_corpus_v1_5m_4hr_audit/MNQ/MNQ_2025-02-07.jsonl	448645	c3b6b744842a7551c0f8fc4582ceb4afcff517a5339644c36643675be8336d06
data/replay_corpus_v1_5m_4hr_audit/MNQ/MNQ_2025-02-09.jsonl	20455	44a04254314e05eec0fd6cca325292496b41f0446787207fe61cd68eb89b8027
data/replay_corpus_v1_5m_4hr_audit/MNQ/MNQ_2025-02-10.jsonl	469471	92a5351d98d8f0ac280a30b454075330a80028d51e888bb50c3d8d90f7626311
data/replay_corpus_v1_5m_4hr_audit/MNQ/MNQ_2025-02-11.jsonl	470681	2075f4d7dc5332dc86d5787c5df35f0b153ab0dccb2f89a91b9576ce965bf92f
data/replay_corpus_v1_5m_4hr_audit/MNQ/MNQ_2025-02-12.jsonl	470779	a332251f57c871c4ee482879f049a7d9e5470bb28973ca6325a27dac999d7654
data/replay_corpus_v1_5m_4hr_audit/MNQ/MNQ_2025-02-13.jsonl	454561	44898698725360a49a275bdce46175680c873ee8abb3c8138478911d3001bffa
data/replay_corpus_v1_5m_4hr_audit/MNQ/MNQ_2025-02-14.jsonl	435241	90f943dd74ac2e49dc92bdec3ef2cc5a4b970176e463df8f63c65acdd8b3de73
data/replay_corpus_v1_5m_4hr_audit/MNQ/MNQ_2025-02-16.jsonl	20302	6c49d5f376a4bdc4f16ff7a4f217f8785f9aa4b3294dab2bce5f99ad126a9447
data/replay_corpus_v1_5m_4hr_audit/MNQ/MNQ_2025-02-17.jsonl	387154	ea2a4bbea6214e7c95c8bf558cfc88ffdfc26f58d4acc36bd3ebc5dd160b93a5
data/replay_corpus_v1_5m_4hr_audit/MNQ/MNQ_2025-02-18.jsonl	469015	63d0da196c532aed71537ff34ac8d7fb60a845d33456ea013ada9a90c6fdf991
data/replay_corpus_v1_5m_4hr_audit/MNQ/MNQ_2025-02-19.jsonl	469780	4a56817a3d0a227db14b0bd26b1f4a5a15efd81161d9af065a275425c5ab5bbb
data/replay_corpus_v1_5m_4hr_audit/MNQ/MNQ_2025-02-20.jsonl	470499	e6dada2e4ea9de304c199e427cff1e5513054e0d26eb86746b7b8da44391e8a9
data/replay_corpus_v1_5m_4hr_audit/MNQ/MNQ_2025-02-21.jsonl	449885	2632883466775432e6d9c229e9856abb6f7b717c0ae8dadf204069e428701db7
data/replay_corpus_v1_5m_4hr_audit/MNQ/MNQ_2025-02-23.jsonl	20467	f532ee2439dd0dd82f723d4b134f2363529417669eca2a6af7e85441ca37d3b4
data/replay_corpus_v1_5m_4hr_audit/MNQ/MNQ_2025-02-24.jsonl	470773	a40e736dea6d8de6ee646b70541a65ef3640edf34db40358c6dd9cd28934d2eb
data/replay_corpus_v1_5m_4hr_audit/MNQ/MNQ_2025-02-25.jsonl	470480	bf9d1339f7ffba8ba20509110f98b50cea4416859d60d2fdf37cbf3e86e15509
data/replay_corpus_v1_5m_4hr_audit/MNQ/MNQ_2025-02-26.jsonl	470462	2681a064dcde833c2889e32231ba50b8767bfaa94d9025609e418b034719caaa
data/replay_corpus_v1_5m_4hr_audit/MNQ/MNQ_2025-02-27.jsonl	470944	eea3bbf96cc5e84aa39419072524059e90e5bbc32320247e2ebbc482783a843a
data/replay_corpus_v1_5m_4hr_audit/MNQ/MNQ_2025-02-28.jsonl	450606	35cf4e5dc5a6c5542c440bb4599c6d1898c2c8d63cca46777cf8c6ea5b96eb88
data/replay_corpus_v1_5m_4hr_audit/MNQ/MNQ_2025-03-02.jsonl	20407	f9160ae6cadd730a0a321968ea14db6c7b96fde1027c9b410c399d14c6c82ec1
data/replay_corpus_v1_5m_4hr_audit/MNQ/MNQ_2025-03-03.jsonl	470953	3561de4fa3f3f7ac541eea27be14a7b87c08d776b198adfefd673228047a481c
data/replay_corpus_v1_5m_4hr_audit/MNQ/MNQ_2025-03-04.jsonl	470896	6b19397ca14ac05e9e7093f37d9f5b59c61d5e29febd02dde8e5c246153dd923
data/replay_corpus_v1_5m_4hr_audit/MNQ/MNQ_2025-03-05.jsonl	471053	a9b416b4fb2161f95873567684d016b88449730eb3ba312c9d53e67b814a3ee5
data/replay_corpus_v1_5m_4hr_audit/MNQ/MNQ_2025-03-06.jsonl	471059	8e43963d16b5e142d6d3733a3b0056b48071f349d5ff3d306aa8f3eaefcb7798
data/replay_corpus_v1_5m_4hr_audit/MNQ/MNQ_2025-03-07.jsonl	451122	fcd663774813f3524326011a197f7f0b583142807bba4169bac1b6d82b1e9126
data/replay_corpus_v1_5m_4hr_audit/MNQ/MNQ_2025-03-09.jsonl	40954	d11861f9597d34b30c9505dd43bd57d0528cc3a120d54eb5f50335b86139ee41
data/replay_corpus_v1_5m_4hr_audit/MNQ/MNQ_2025-03-10.jsonl	471048	f3a9b1ceae535f94f6dd817d2b18bab873a6efca0149f4dc43cf9520c50569ea
data/replay_corpus_v1_5m_4hr_audit/MNQ/MNQ_2025-03-11.jsonl	470475	96d8e904b4ff14ab4a558fb4ca0f352ce3c45084505616ff6a5e57cdff5a9b9e
data/replay_corpus_v1_5m_4hr_audit/MNQ/MNQ_2025-03-12.jsonl	470568	916c155f31e26b069da270ce3cb92cbdbac79a6e6f52636f89e2dff2162ed7c9
data/replay_corpus_v1_5m_4hr_audit/MNQ/MNQ_2025-03-13.jsonl	468847	01bcececfaf56394f214e8d3802a4162e400170b915f11506e953213614d0d10
data/replay_corpus_v1_5m_4hr_audit/MNQ/MNQ_2025-03-14.jsonl	427995	cb80b10c3fe39e7a1f712608a83c0a6905618fc9bf7013157b6874916faf9b8b
data/replay_corpus_v1_5m_4hr_audit/MNQ/MNQ_2025-03-16.jsonl	41007	1a1eb9983fe3b209e0b8e6ffd9feca03184cc715fdf86a44dfd125420082df20
data/replay_corpus_v1_5m_4hr_audit/MNQ/MNQ_2025-03-17.jsonl	470040	6dd774bdcc0d68cf7a5669c8d1a7af28cea76637cee2b581670aab62171468c7
data/replay_corpus_v1_5m_4hr_audit/MNQ/MNQ_2025-03-18.jsonl	471411	a2ca10c83e29720a3fc740f82624b7db9ec6eb33e4f2b7eee0abd88f6bf4c215
data/replay_corpus_v1_5m_4hr_audit/MNQ/MNQ_2025-03-19.jsonl	470703	45b0ec94ada9d7e6cfff53104593e8dc2327f45f55e85c6c10e330495ec0ae85
data/replay_corpus_v1_5m_4hr_audit/MNQ/MNQ_2025-03-20.jsonl	470383	8828ec7a3cf6ba44c631e182dbd633de04091000a9f48c462190809f9d317163
data/replay_corpus_v1_5m_4hr_audit/MNQ/MNQ_2025-03-21.jsonl	430435	7a220a6141ac0c673cac003b0a3192563ec2ccc8a0265b130fc29690c42b078f
data/replay_corpus_v1_5m_4hr_audit/MNQ/MNQ_2025-03-23.jsonl	40550	8baa2119e35e3213f88b0a34b08cc517e7c4f573d61c2e958c250becd568f43c
data/replay_corpus_v1_5m_4hr_audit/MNQ/MNQ_2025-03-24.jsonl	469294	0722b3d319c119eed24a1eb0566c69c42cc89d137dce8192b5fcc487b74236f1
data/replay_corpus_v1_5m_4hr_audit/MNQ/MNQ_2025-03-25.jsonl	469217	207ae39619d21fea150f8f75f184b099691e674adc87c3edbd3acf4dd979098c
data/replay_corpus_v1_5m_4hr_audit/MNQ/MNQ_2025-03-26.jsonl	470263	dc63c90c1990b41df210c5cda0713eef9d325b69bcafd0c23a3a96162cd5a4a9
data/replay_corpus_v1_5m_4hr_audit/MNQ/MNQ_2025-03-27.jsonl	471357	3a8a3550b886c4aa231c12a450eb5f3847df676b237f9d258d7c3f761cad3460
data/replay_corpus_v1_5m_4hr_audit/MNQ/MNQ_2025-03-28.jsonl	430941	c88fa4a9a5c449b8a630598682307c9a0dc5a415d973e420418cfe7e5e50eebb
data/replay_corpus_v1_5m_4hr_audit/MNQ/MNQ_2025-03-30.jsonl	40816	14188bb175fe136f64a8669cd6e765089aa243e4b3c98816adde9ed375cc68b0
data/replay_corpus_v1_5m_4hr_audit/MNQ/MNQ_2025-03-31.jsonl	471440	94c98b588c223ce9cfc7ab03c8551fcd2ec2b3e656d816bff04845d928687541
data/replay_corpus_v1_5m_4hr_audit/MNQ/MNQ_2025-04-01.jsonl	470958	392bb897f0a61a85df7dad9829fcc9a4ad5c634d0741c4bacaf0921504b37cbe
data/replay_corpus_v1_5m_4hr_audit/MNQ/MNQ_2025-04-02.jsonl	470173	072883f88f1feab6737354c25f12f517f23f4526449931f3735df30344877992
data/replay_corpus_v1_5m_4hr_audit/MNQ/MNQ_2025-04-03.jsonl	470530	922b2e33e9c414c1ecc82c7cea97b6bcebcc472cbd9efb80b9dc7c91cde922ee
data/replay_corpus_v1_5m_4hr_audit/MNQ/MNQ_2025-04-04.jsonl	430239	ead1d703e651d87c988d2366c8c10cd7209fd1804821a5055485b503084753c6
data/replay_corpus_v1_5m_4hr_audit/MNQ/MNQ_2025-04-06.jsonl	40946	85429db21180bd1c2ad202606f6c63e3282451cb8a4f3817bf80dabb39838eef
data/replay_corpus_v1_5m_4hr_audit/MNQ/MNQ_2025-04-07.jsonl	470813	959b43bf72cf3cc8861fc7772a883ea7d735fee26d58ec46ebccbcd83da3afa8
data/replay_corpus_v1_5m_4hr_audit/MNQ/MNQ_2025-04-08.jsonl	470392	5d27d0037864ea6c6f44c60992aab85f4744185208e2bbee047368fe2e2dad6c
data/replay_corpus_v1_5m_4hr_audit/MNQ/MNQ_2025-04-09.jsonl	470318	4213c15294c60154867e567839d7825d6e4111f0de13b8e9cbfa357661dea8d8
data/replay_corpus_v1_5m_4hr_audit/MNQ/MNQ_2025-04-10.jsonl	470605	2ea827801c5085561ec6791320a1e3d50e8ddd58dfb2cb46623e868ffa3318f6
data/replay_corpus_v1_5m_4hr_audit/MNQ/MNQ_2025-04-11.jsonl	430796	c8553f65608c2086798c4ef42f080cfd4dc864f9d6ca4f6376853599f608ac20
data/replay_corpus_v1_5m_4hr_audit/MNQ/MNQ_2025-04-13.jsonl	40882	91f404ae5c01aa50746ad99b3097370a1b7cf1e74a682d1cf7be93c186693c64
data/replay_corpus_v1_5m_4hr_audit/MNQ/MNQ_2025-04-14.jsonl	471379	96e119661e904143e82c9df21fe450fbd254374e6d99102e0fdc592b1cd0a99f
data/replay_corpus_v1_5m_4hr_audit/MNQ/MNQ_2025-04-15.jsonl	471313	f4506528ed69dc13d84701e7642fcbe11dd311943226fcaffd9f2be436459153
data/replay_corpus_v1_5m_4hr_audit/MNQ/MNQ_2025-04-16.jsonl	471299	226702066d94534664f055f4bf5a19cdf752c6246b2911ae28d4b3808721b35e
data/replay_corpus_v1_5m_4hr_audit/MNQ/MNQ_2025-04-17.jsonl	429751	23381727c3f5f5b20ff00d733bc79b7f4477eec8cbf16c0c55c8c90256fdc753
data/replay_corpus_v1_5m_4hr_audit/MNQ/MNQ_2025-04-20.jsonl	40870	d2864f15709975741bbbde0209aa06f38c74277c884d18c88d35e47d2dbb39e5
data/replay_corpus_v1_5m_4hr_audit/MNQ/MNQ_2025-04-21.jsonl	471053	a6736e32eda758f1be67d97d5d8cd2170f42f7a8a3245fc0d4d14a82120e7d61
data/replay_corpus_v1_5m_4hr_audit/MNQ/MNQ_2025-04-22.jsonl	470664	5fd995b0996c9dc49558fd99e476cbcba03bccc6db5b9cc22e9f6876fb238f67
data/replay_corpus_v1_5m_4hr_audit/MNQ/MNQ_2025-04-23.jsonl	469488	f99eb2832bd481bfffa507054d842c6078ba590ebadd6e7d59a45d5144f588d1
data/replay_corpus_v1_5m_4hr_audit/MNQ/MNQ_2025-04-24.jsonl	468859	e90761938aa73a448f24a56fe57d5d5342c9d4e2614fc3f5669fa7b9380c8be1
data/replay_corpus_v1_5m_4hr_audit/MNQ/MNQ_2025-04-25.jsonl	428507	142f02a22108a7374fd489687c5286a3ca50a023b72fee09fcf2ef2af452ee29
data/replay_corpus_v1_5m_4hr_audit/MNQ/MNQ_2025-04-27.jsonl	40973	788f50064efa1f03514531b1a5b0cceab4ff3ada5b3fb8a8c165a37e0153f37e
data/replay_corpus_v1_5m_4hr_audit/MNQ/MNQ_2025-04-28.jsonl	470716	6abfc737a8155c843ca2cd8c6f9ab5c648a790eb6601cd63fa2c8e52d6d37eb6
data/replay_corpus_v1_5m_4hr_audit/MNQ/MNQ_2025-04-29.jsonl	470568	a06e16683989d3e52cddc1056071201dd00cd28b5f6b9cc5ba420bebe104700b
data/replay_corpus_v1_5m_4hr_audit/MNQ/MNQ_2025-04-30.jsonl	469904	fadf2e3e23e8cce1f97740dd5c9d5ae195209386598b195cd0a5f7320340bfbe
data/replay_corpus_v1_5m_4hr_audit/MNQ/MNQ_2025-05-01.jsonl	469627	af28db26650575f5ccf43c1d9a02f1e4316ef509c7ee7b4d0e4239b7f7f12e20
data/replay_corpus_v1_5m_4hr_audit/MNQ/MNQ_2025-05-02.jsonl	428976	aa8036f9ee2ea977ff98117d30698b7809dc0102a57eb392681e37451627936d
data/replay_corpus_v1_5m_4hr_audit/MNQ/MNQ_2025-05-04.jsonl	40765	8f63a9cbdf60215096209bbc09911995110ec61c440e456aaff1eaadb858e86c
data/replay_corpus_v1_5m_4hr_audit/MNQ/MNQ_2025-05-05.jsonl	469946	a1db17554d8f6982911fcac9451a321513a63caf009d7c5d0be887fe25a03e2e
data/replay_corpus_v1_5m_4hr_audit/MNQ/MNQ_2025-05-06.jsonl	471151	91e9f2ab62ff323cd50bfef0924b63a9003ab6b4fce3e8621d57a540debfc1e7
data/replay_corpus_v1_5m_4hr_audit/MNQ/MNQ_2025-05-07.jsonl	471621	e9be0d1b17f7e53b5c28491b0bafdd1a09b1d9cf2207e8c29bb1841e6f5c5194
data/replay_corpus_v1_5m_4hr_audit/MNQ/MNQ_2025-05-08.jsonl	469581	c0861840dab551934a3328040a33b66451615b86f36c5251550995ffae691e53
data/replay_corpus_v1_5m_4hr_audit/MNQ/MNQ_2025-05-09.jsonl	429140	72e816bdc20206044a07edcabaf0d85ee15c0728f0c665d6de74b64c0a35d7b5
data/replay_corpus_v1_5m_4hr_audit/MNQ/MNQ_2025-05-11.jsonl	40727	126ba98c4adf9ee64452ed8e0ff8f9ea61f293ae26fb4c10d922cfc34dd9fc8c
data/replay_corpus_v1_5m_4hr_audit/MNQ/MNQ_2025-05-12.jsonl	469604	4c6d09af652d44b2764a3204954341aedb2d7ac0c7a3477629dd8bb2dc0d3964
data/replay_corpus_v1_5m_4hr_audit/MNQ/MNQ_2025-05-13.jsonl	469631	8801ed5000d1e914ed2b02f29941ec247525f51d840f81181554d01b70e6e56d
data/replay_corpus_v1_5m_4hr_audit/MNQ/MNQ_2025-05-14.jsonl	469917	35a2679649c0b0dff6ead5268f7d779d850853e42dd43147e9536b24868b15a5
data/replay_corpus_v1_5m_4hr_audit/MNQ/MNQ_2025-05-15.jsonl	470276	f0742288c00290395536d15fbdbc53366f79069bef8088c692b72383c73bcf7c
data/replay_corpus_v1_5m_4hr_audit/MNQ/MNQ_2025-05-16.jsonl	428929	dc1e5b7a2f3a0e4d648dc234d92ba098d8704410d34abb45c64dbecf1de26aad
data/replay_corpus_v1_5m_4hr_audit/MNQ/MNQ_2025-05-18.jsonl	40975	7a863edb03609e6b1f10c7fb4a142afac19509c50ae39a3ee875a9e974969d12
data/replay_corpus_v1_5m_4hr_audit/MNQ/MNQ_2025-05-19.jsonl	470413	c7000611911560ba7c7837d91ef000da3700f7fd775696cfd54fd9092e51ff31
data/replay_corpus_v1_5m_4hr_audit/MNQ/MNQ_2025-05-20.jsonl	470690	c7cf63271414fc0e1c880ff2717e7f90bf3a55fa8f375035052e2308149bfe4c
data/replay_corpus_v1_5m_4hr_audit/MNQ/MNQ_2025-05-21.jsonl	470119	689cca0ca52ccbcc22a76b4f7dafc5efec09357a3c8387d0d46cda3222b58842
data/replay_corpus_v1_5m_4hr_audit/MNQ/MNQ_2025-05-22.jsonl	471017	ae7ff00a8fdf6b06dbd3f0084bbcae62030a34e5c147a01d42d36a9d900696f5
data/replay_corpus_v1_5m_4hr_audit/MNQ/MNQ_2025-05-23.jsonl	430739	fa2d38a27f0684d7d05952e817d98de38fb55fe257b1eb709bcc077d22eb29ba
data/replay_corpus_v1_5m_4hr_audit/MNQ/MNQ_2025-05-25.jsonl	40865	0fec3a449264236a88312ad8e8e5b1ca3e728fa75cf53a2a649845e7b4a28ce7
data/replay_corpus_v1_5m_4hr_audit/MNQ/MNQ_2025-05-26.jsonl	388726	dd4446b347fc4d96d707b94d64e0838e159c63baec1263c00b21262a977346a6
data/replay_corpus_v1_5m_4hr_audit/MNQ/MNQ_2025-05-27.jsonl	469632	93b8d170a01e021d18fd4d60f95f8c5f721d056847a6f2801d0b571ad581107e
data/replay_corpus_v1_5m_4hr_audit/MNQ/MNQ_2025-05-28.jsonl	469791	71723ad9544d2becd346ac057e702325253bc2d48e7e793f6e800fc361565e11
data/replay_corpus_v1_5m_4hr_audit/MNQ/MNQ_2025-05-29.jsonl	469895	d44f723af3745e775c82933b09f63cb9cfb3a55915c15d23e29f7e9d295c9040
data/replay_corpus_v1_5m_4hr_audit/MNQ/MNQ_2025-05-30.jsonl	429975	516fc57f58b8fd5609035317ceb558fb562867bbddde9b15fec6cea07fae436c
data/replay_corpus_v1_5m_4hr_audit/MNQ/MNQ_2025-06-01.jsonl	41089	95d834d692b53bdf90177644628e34af30336cacb8b587e8b8a7fea3c1ee0ead
data/replay_corpus_v1_5m_4hr_audit/MNQ/MNQ_2025-06-02.jsonl	470305	938fa96dbf31647df80a8db97cd758e79cc8d974c9d72cb9e156743b3ef1f065
data/replay_corpus_v1_5m_4hr_audit/MNQ/MNQ_2025-06-03.jsonl	469340	8b66bc74d9ec64d9a9b7aa5198dee5ff8b2d9264735f4fada0a5856ca5169716
data/replay_corpus_v1_5m_4hr_audit/MNQ/MNQ_2025-06-04.jsonl	469087	55729ea29792f2aa5140340c37d3ecd2241532b0ce7f2c6d5c3080af4ead5c5b
data/replay_corpus_v1_5m_4hr_audit/MNQ/MNQ_2025-06-05.jsonl	469501	85b2db86917bf19c17584de46c696aa6c5d260fa3f391a704d799451efc6e9f0
data/replay_corpus_v1_5m_4hr_audit/MNQ/MNQ_2025-06-06.jsonl	429288	ea3f47e71f2cc4cbd4eeec77ae9721981f1a52346c9ac867bf38eb0678ae355a
data/replay_corpus_v1_5m_4hr_audit/MNQ/MNQ_2025-06-08.jsonl	40874	35ea2dede477a33ef140ae7e4cb0d8acb9fe4bda83d1140a4a88abcf89a96209
data/replay_corpus_v1_5m_4hr_audit/MNQ/MNQ_2025-06-09.jsonl	470269	fc0da6725806548689802b60174889bdf205c1fc32f55ffcd00e59392f4254df
data/replay_corpus_v1_5m_4hr_audit/MNQ/MNQ_2025-06-10.jsonl	468618	d9acbd3eefea781f96defa1c15ea80130de9245751b6b289cf914d2af8dc2ac6
data/replay_corpus_v1_5m_4hr_audit/MNQ/MNQ_2025-06-11.jsonl	469523	dd6a79745f131925cea551f92e3e807c4f4edb623a13c668ac77f33efee9ed3c
data/replay_corpus_v1_5m_4hr_audit/MNQ/MNQ_2025-06-12.jsonl	468218	a1ae0f425d142c568e913fece6d490fb38a5c3eb6ce3fb2c60794904b6e09f3d
data/replay_corpus_v1_5m_4hr_audit/MNQ/MNQ_2025-06-13.jsonl	429230	3663a004f44fd1f67edf068665a95eb9f5aa314b9d2fd3aeb82115d59ef29e14
data/replay_corpus_v1_5m_4hr_audit/MNQ/MNQ_2025-06-15.jsonl	41103	20b58f355bde7d3b7c0b6c9f00984f6caf4c44309ebb435492962468ef072182
data/replay_corpus_v1_5m_4hr_audit/MNQ/MNQ_2025-06-16.jsonl	470152	f9d99099d0952889a9a26ad10b3538400a9b3a34d62405bc6783d98643ad9627
data/replay_corpus_v1_5m_4hr_audit/MNQ/MNQ_2025-06-17.jsonl	470601	e454064ea102924b8ef5a79df898d928706d34763ccafb4697083628617cfe0f
data/replay_corpus_v1_5m_4hr_audit/MNQ/MNQ_2025-06-18.jsonl	470730	5498dbd1078dc24327440f4867edc7171219135d60877d182590bcfae0e7a629
data/replay_corpus_v1_5m_4hr_audit/MNQ/MNQ_2025-06-19.jsonl	389450	5bf75ed73720e9b205dc13ca5d33a62a282e6f285494d8ed5e774ff2ab8ab129
data/replay_corpus_v1_5m_4hr_audit/MNQ/MNQ_2025-06-20.jsonl	429889	783da99ec382308a1cfd5d98bdfb33abfe0b28c85829a0ba5c279d30aa8e865b
data/replay_corpus_v1_5m_4hr_audit/MNQ/MNQ_2025-06-22.jsonl	40768	213cc8b99113606899adc029dfc930f49afab7d4888e92e23d917a7b489114cc
data/replay_corpus_v1_5m_4hr_audit/MNQ/MNQ_2025-06-23.jsonl	468401	0cb3bda2a37e916538087fe21c9ee3055592d12fa05ff6dd9dff62b01468242a
data/replay_corpus_v1_5m_4hr_audit/MNQ/MNQ_2025-06-24.jsonl	469538	f0e0fc8409b39c5fecb116233b51b592e35c24666f5475062a1c759f9a7ada73
data/replay_corpus_v1_5m_4hr_audit/MNQ/MNQ_2025-06-25.jsonl	469237	3902987c6aaf368eb201f4f44b942c03bb44c3a70a05dd5503fc7f91f621430b
data/replay_corpus_v1_5m_4hr_audit/MNQ/MNQ_2025-06-26.jsonl	467686	6da1fa62ddb99ff0adf4603ceebf392d87b65b660fdce34c3730d7ac536f2747
data/replay_corpus_v1_5m_4hr_audit/MNQ/MNQ_2025-06-27.jsonl	427939	ebf968a404be622c5e73bc5ea07ec2a2b26e3e4b2d63c5ac6e44593495de5f70
data/replay_corpus_v1_5m_4hr_audit/MNQ/MNQ_2025-06-29.jsonl	40654	f3e23236e3c1e1bd02824c8aba84ddf45c3d8da8376e3fba7c128ce9cc5200b6
data/replay_corpus_v1_5m_4hr_audit/MNQ/MNQ_2025-06-30.jsonl	468973	7e4ab103512aada410ac99cf4536e08e108fa9949123c0008fb86da314c9318e
data/replay_corpus_v1_5m_4hr_audit/MNQ/MNQ_2025-07-01.jsonl	470223	1fa5f826eabab4846235154abe5625ad7630a569f57b2622e860bf0963c16cbb
data/replay_corpus_v1_5m_4hr_audit/MNQ/MNQ_2025-07-02.jsonl	470069	0db7bff0690bebbe8257834cc911ad4704cb6bf925a39a2625716b74b0221eaf
data/replay_corpus_v1_5m_4hr_audit/MNQ/MNQ_2025-07-03.jsonl	393252	e6bcf4d12fd4a2e9d085452b70b28e7ae858b4d90b2ad80b59cdeb444339ae82
data/replay_corpus_v1_5m_4hr_audit/MNQ/MNQ_2025-07-04.jsonl	347644	4175866f906388be54d52c9f33a2f9d39ffb2a10503903b65c49bbcbd28aeba9
data/replay_corpus_v1_5m_4hr_audit/MNQ/MNQ_2025-07-06.jsonl	40930	596cc877a2623727a2a1ad79fafcfd46a39f0256b6ee3bbf2149f958b8b6a8d8
data/replay_corpus_v1_5m_4hr_audit/MNQ/MNQ_2025-07-07.jsonl	471543	ea772e0e49df23d4f1227f43f1a32ada8a940f0945a3bbffadbd2719f8c15c35
data/replay_corpus_v1_5m_4hr_audit/MNQ/MNQ_2025-07-08.jsonl	470741	ada0a2feda60bede6472484435ba8f6ad86f7c820b9bb3e5d554f437c6fa0fa2
data/replay_corpus_v1_5m_4hr_audit/MNQ/MNQ_2025-07-09.jsonl	469870	e6e06d05c4ef14c9219174703e85704320fef7de8f54dde45d231675ceb46a7c
data/replay_corpus_v1_5m_4hr_audit/MNQ/MNQ_2025-07-10.jsonl	470187	8d8c2cc4051181c893537754567fa375f414e03913fa7e2b18e32887c50e6c87
data/replay_corpus_v1_5m_4hr_audit/MNQ/MNQ_2025-07-11.jsonl	430705	8e95d11a8894cae26aa91af5a00b370864ef924e40b747a722ef42fead5daaf0
data/replay_corpus_v1_5m_4hr_audit/MNQ/MNQ_2025-07-13.jsonl	40974	0a0cf8a0bcb908f0d3e9593696171a26be67f459c27fa8d97e430afa0b634525
data/replay_corpus_v1_5m_4hr_audit/MNQ/MNQ_2025-07-14.jsonl	470592	950f22f5c416aaaa5e6eeb55e3db39f1e0c8267f5b52d0107f41b0eb3d799220
data/replay_corpus_v1_5m_4hr_audit/MNQ/MNQ_2025-07-15.jsonl	469544	d1410d708b63cc6f2a94e86fccbfd0ae4c19ffac85897a0a02bcc69868b95c76
data/replay_corpus_v1_5m_4hr_audit/MNQ/MNQ_2025-07-16.jsonl	470412	ebb5e1f6ebc18474d9a95db84d0ffa10f83154f3249fd8288f51dec2abf820d0
data/replay_corpus_v1_5m_4hr_audit/MNQ/MNQ_2025-07-17.jsonl	470345	e53dff8ddfb656b9be5bc71a1ab41e48b025128bb262d27165afcbb8cf5bbb3a
data/replay_corpus_v1_5m_4hr_audit/MNQ/MNQ_2025-07-18.jsonl	428528	a7f94b2d043ee7ac1fae3dab6d0edf9c696c6c5a2f20fd73f9148095f6e1e3b0
data/replay_corpus_v1_5m_4hr_audit/MNQ/MNQ_2025-07-20.jsonl	40628	9817b1b260768330a88f63b89be4674994fafa155c3751dbc6eff9e258a3118d
data/replay_corpus_v1_5m_4hr_audit/MNQ/MNQ_2025-07-21.jsonl	468433	da0c17fc55866eab27fbe9b414790294acfec2151dacfdb7f01a40daaeb7e9bf
data/replay_corpus_v1_5m_4hr_audit/MNQ/MNQ_2025-07-22.jsonl	470087	be261ffcc07ad1f5a47549dbe2c970a7d6aeef6e1f7fcd263bdd14c9b3e96afb
data/replay_corpus_v1_5m_4hr_audit/MNQ/MNQ_2025-07-23.jsonl	470205	12b98ee33b82d03e7e3764a46ce435f049e8ba7cdf1b61b688babad1632e4481
data/replay_corpus_v1_5m_4hr_audit/MNQ/MNQ_2025-07-24.jsonl	468964	3f0d46ac263f6c139f20e587b68b05dbe4aea0d360fac4df816d6822330d81bd
data/replay_corpus_v1_5m_4hr_audit/MNQ/MNQ_2025-07-25.jsonl	427863	c66901957b085d6a51d047f498555a271d88ed459746f3cfd145447811c49ae6
data/replay_corpus_v1_5m_4hr_audit/MNQ/MNQ_2025-07-27.jsonl	40700	bab7fa4a225e5071ee483cc0bab28da67398ef95ead9ef133bc03dd56c481a78
data/replay_corpus_v1_5m_4hr_audit/MNQ/MNQ_2025-07-28.jsonl	468860	9cd091868273c316f6cae90ee175473ba75355dedb8f82883c858315e97473b3
data/replay_corpus_v1_5m_4hr_audit/MNQ/MNQ_2025-07-29.jsonl	468481	d234d1ee0836bf589f3bf712fc1ca3f5b3f24f3cd145d1d568fe5ed3d5f9b80d
data/replay_corpus_v1_5m_4hr_audit/MNQ/MNQ_2025-07-30.jsonl	470012	85a1744181364d06dabfd608a322c1fab84a240795fec69e55cacf319223c213
data/replay_corpus_v1_5m_4hr_audit/MNQ/MNQ_2025-07-31.jsonl	469131	4a79a2b5ed846ea9d19e8e7ee42761c1f3951ee12c7e57ea79ce736122448a94
data/replay_corpus_v1_5m_4hr_audit/MNQ/MNQ_2025-08-01.jsonl	429154	c528ae3831ee99f77a5105df2dcd87cf0650511350bf737e28862cd64c717053
data/replay_corpus_v1_5m_4hr_audit/MNQ/MNQ_2025-08-03.jsonl	41058	e49fe2402e034be03e67664eb3d685d8a8b3bd4f57208921165d5bf3c75f91c3
data/replay_corpus_v1_5m_4hr_audit/MNQ/MNQ_2025-08-04.jsonl	469419	7ad1a5d0879b99ca7fb1b4aa73be6ba629ed896896b888be2e9960634693026d
data/replay_corpus_v1_5m_4hr_audit/MNQ/MNQ_2025-08-05.jsonl	469565	f1979eaa242417a61b7e3ea7edb3dbfbff331d2470334a6e14b4b2a78a6e4e66
data/replay_corpus_v1_5m_4hr_audit/MNQ/MNQ_2025-08-06.jsonl	469215	3d06b4c2b4fbb610a23da8ae41befc584e9308fed65fedc9cbf17227beb27a92
data/replay_corpus_v1_5m_4hr_audit/MNQ/MNQ_2025-08-07.jsonl	468936	c6e5aff2a97587b082a69b8d5967ad1b2ae41b852c9ac3aded8200ff923bb236
data/replay_corpus_v1_5m_4hr_audit/MNQ/MNQ_2025-08-08.jsonl	428020	20d2442012b14710be0cc8c1d35507aaaeacbccba01654e92d5bb67b763c6573
data/replay_corpus_v1_5m_4hr_audit/MNQ/MNQ_2025-08-10.jsonl	40687	6b4e3eb2af5a734d02947976bfe0097962e02ef012da2b04e7416e288303ae06
data/replay_corpus_v1_5m_4hr_audit/MNQ/MNQ_2025-08-11.jsonl	469981	4d9be9000f38e962a166e667b977e27bfca595cf10be9dc8f4b517aecb20cc34
data/replay_corpus_v1_5m_4hr_audit/MNQ/MNQ_2025-08-12.jsonl	468717	37104f625f30c9870166cf633a5b0965777ab21e8ef4e2e02c19a1fa12db955a
data/replay_corpus_v1_5m_4hr_audit/MNQ/MNQ_2025-08-13.jsonl	468799	103fa664a77b5958ddb71a43287d45c1e763b0e82e1af1b309ff051585d9142c
data/replay_corpus_v1_5m_4hr_audit/MNQ/MNQ_2025-08-14.jsonl	470712	b9c393b692753176e18f7dc93dc241654c6d674e892e5ef98f63f4138b98a8db
data/replay_corpus_v1_5m_4hr_audit/MNQ/MNQ_2025-08-15.jsonl	429933	cbeca2554dd2a74f606f1abc2923093150c5010c2aad85e792d1f259e5cd84c7
data/replay_corpus_v1_5m_4hr_audit/MNQ/MNQ_2025-08-17.jsonl	40870	fb6c64859766b9e8d865657dae91a0087ad9e8199ada1842157e2da17926ff36
data/replay_corpus_v1_5m_4hr_audit/MNQ/MNQ_2025-08-18.jsonl	471241	f6172239cc0c451746862c0bc628ca84152abe9fbab7fbd4daf2374f21eb2e32
data/replay_corpus_v1_5m_4hr_audit/MNQ/MNQ_2025-08-19.jsonl	471543	8bcde0be5011357a98381cb419e89ad1e72486a91890fb4bdf1cc68c47630c24
data/replay_corpus_v1_5m_4hr_audit/MNQ/MNQ_2025-08-20.jsonl	471547	f65a5580e20ce14bdb908e6c8bb09c7e016a72054d990c85eae0dfc96a889d0e
data/replay_corpus_v1_5m_4hr_audit/MNQ/MNQ_2025-08-21.jsonl	470827	62844a0ad95d5abead01eed91cbc25943b237ed31a8a400cd5d7dcb5cf3ab5da
data/replay_corpus_v1_5m_4hr_audit/MNQ/MNQ_2025-08-22.jsonl	429672	952fd2c84241a5b8c5c72d0e22ec1a8527646524a85059348beb156b3cc11161
data/replay_corpus_v1_5m_4hr_audit/MNQ/MNQ_2025-08-24.jsonl	40854	eac760a05cb3ba156ead9636548e020e996724a8094cb61d9aef83fe16e86e3b
data/replay_corpus_v1_5m_4hr_audit/MNQ/MNQ_2025-08-25.jsonl	470026	02688a84ca2a757aa94818cc4ccf2848d650f085cab560baf51f455dc83e3302
data/replay_corpus_v1_5m_4hr_audit/MNQ/MNQ_2025-08-26.jsonl	470643	a42b67725e3880f30a5f6da5dbdd18bd32ec551b730328f493f565d6c5df987a
data/replay_corpus_v1_5m_4hr_audit/MNQ/MNQ_2025-08-27.jsonl	470237	f95bc2dcec5124db15c56e57b6dfe3e4ec89126b690fb435c24214f68c2a03ed
data/replay_corpus_v1_5m_4hr_audit/MNQ/MNQ_2025-08-28.jsonl	469773	40e9d39e82d3205c2721c30c8d3df71f932abcd451d9d5a58c43ebbc0555045d
data/replay_corpus_v1_5m_4hr_audit/MNQ/MNQ_2025-08-29.jsonl	430370	808bcde399a7d9256ffefd745e9dc093d9b150a1cbcae7e050d3d6463c5787ea
data/replay_corpus_v1_5m_4hr_audit/MNQ/MNQ_2025-08-31.jsonl	40730	8c64e43dad4d2fb5292c5d91e536ed8b484e5f56bbf9eb8ef6fb43fcffcdf064
data/replay_corpus_v1_5m_4hr_audit/MNQ/MNQ_2025-09-01.jsonl	388487	6ce3eee9c143dc563b0a7737cdfbc937bb6008780a80899620e33421197a0766
data/replay_corpus_v1_5m_4hr_audit/MNQ/MNQ_2025-09-02.jsonl	470577	9d49e36cace88121d549e9a7097a701310f7461eb885249bd774297f6abe1639
data/replay_corpus_v1_5m_4hr_audit/MNQ/MNQ_2025-09-03.jsonl	470430	23c594551877e2b78c36b7947fae9f3918828abf34a4ec720c9d9550a56d0006
data/replay_corpus_v1_5m_4hr_audit/MNQ/MNQ_2025-09-04.jsonl	468262	2f5eb9e91ac890fc0eee5d05370146886275b8f11bdd385a52357e59ed9c27f6
data/replay_corpus_v1_5m_4hr_audit/MNQ/MNQ_2025-09-05.jsonl	427250	a07e0306a87090042e21566710cdb782e095363c278d6dd4a4c616347140d136
data/replay_corpus_v1_5m_4hr_audit/MNQ/MNQ_2025-09-07.jsonl	40498	d184b844604ad2aa72af4a7ac51abf6f750626555e6380f3f02216071db90385
data/replay_corpus_v1_5m_4hr_audit/MNQ/MNQ_2025-09-08.jsonl	441887	1e8a82d264a25f3331013a79970f8327642c2afd703731df1159280d0b5df6b0
data/replay_corpus_v1_5m_4hr_audit/MNQ/MNQ_2025-09-09.jsonl	124064	3b0a24b2cdc07baa65f355f85a0af0ec51a3d0c6eea5bfc10f01abd604d562af
data/replay_corpus_v1_5m_4hr_audit/MNQ/MNQ_2025-09-10.jsonl	468398	3e92e0086b02e302d5883d5944c947492be4b6ec495430160a0c91d42417f37d
data/replay_corpus_v1_5m_4hr_audit/MNQ/MNQ_2025-09-11.jsonl	467602	7b17ea4dd4f9682a8260aa2a415411f056fb2ea08c49d8be14541cb23bb1607d
data/replay_corpus_v1_5m_4hr_audit/MNQ/MNQ_2025-09-12.jsonl	427480	bdfb4c3954e3ee4acb0792b6fafcd7b43a39bdc75cf8a3b862c4e032ab7ca761
data/replay_corpus_v1_5m_4hr_audit/MNQ/MNQ_2025-09-14.jsonl	40872	53ce4845dd790b210ada05b76ed9f6de584a22a43746ffff14eb3633629fe9d6
data/replay_corpus_v1_5m_4hr_audit/MNQ/MNQ_2025-09-15.jsonl	468212	52db52316e5402af13280470aed4ebf0173f97fb00a5424e969a139d15105870
data/replay_corpus_v1_5m_4hr_audit/MNQ/MNQ_2025-09-16.jsonl	468676	9fbc3f6c727968d970217195c651d5b936d6c4f1f24d8e5531eb73cff786d1b5
data/replay_corpus_v1_5m_4hr_audit/MNQ/MNQ_2025-09-17.jsonl	469700	0e35546734c623443c30fcd8f0a85a8db65d716795b6aec5c177679cc01daa8f
data/replay_corpus_v1_5m_4hr_audit/MNQ/MNQ_2025-09-18.jsonl	470114	816588579a19050c7580263c2108a3edadf6b60a7d9abade07c7658c8744b502
data/replay_corpus_v1_5m_4hr_audit/MNQ/MNQ_2025-09-19.jsonl	428607	1a100ab0db6a66f07a1dd868cafef0f9f69fb73d131b3e5db190f0819b47f331
data/replay_corpus_v1_5m_4hr_audit/MNQ/MNQ_2025-09-21.jsonl	40846	47838cab8013f32ef348a2203c4b900b8dd6d2ed89bc90c074787a91ad29b7d6
data/replay_corpus_v1_5m_4hr_audit/MNQ/MNQ_2025-09-22.jsonl	469262	8b1455516d7e994603d0cf0031ba518a4c6654adb6ed07c735f5d1ed0463989f
data/replay_corpus_v1_5m_4hr_audit/MNQ/MNQ_2025-09-23.jsonl	470092	b0d22a767c8fb36d1caa8bc93167a35540024edddea70411f6a55156248c188a
data/replay_corpus_v1_5m_4hr_audit/MNQ/MNQ_2025-09-24.jsonl	471410	bbfa87e74bc711828087d71993725ac42677c6c07efdb4dd81dc1e0bc91937a9
data/replay_corpus_v1_5m_4hr_audit/MNQ/MNQ_2025-09-25.jsonl	470575	30deadfec8efebfd1b6d5355cc9533b8d40ce3a708088b95b84a30560718cd64
data/replay_corpus_v1_5m_4hr_audit/MNQ/MNQ_2025-09-26.jsonl	430050	cef2609dc19decb17fd1369e30077a13ba86d3cdd311c624a0dd650ff9a61424
data/replay_corpus_v1_5m_4hr_audit/MNQ/MNQ_2025-09-28.jsonl	40628	9c9ad6bc505d007f44e9f030e55849cbee45b024314909e6a88849f4c8eaa50b
data/replay_corpus_v1_5m_4hr_audit/MNQ/MNQ_2025-09-29.jsonl	470017	0341ad8b42d640a7a1d30bd2c0bcf9b6e3843333082b9c3c56b72fc39e344414
data/replay_corpus_v1_5m_4hr_audit/MNQ/MNQ_2025-09-30.jsonl	470471	2060dce88e94a2b9d8e517dc8e948098feddbe849d84bb812391031ac04c1886
data/replay_corpus_v1_5m_4hr_audit/MNQ/MNQ_2025-10-01.jsonl	470176	e7fe52d9a227d8ef9aa8c67c6789bbae2469c321db42b98f86258c967bc3106d
data/replay_corpus_v1_5m_4hr_audit/MNQ/MNQ_2025-10-02.jsonl	468422	dd66c04cccbcdd9d9aeed54469c3aa8f47885868949103c0cf71ef9992705129
data/replay_corpus_v1_5m_4hr_audit/MNQ/MNQ_2025-10-03.jsonl	428100	456cfdef04e10840b7a5fb86cc458cff9e79598c7e99563a2f7597c8256dc2cb
data/replay_corpus_v1_5m_4hr_audit/MNQ/MNQ_2025-10-05.jsonl	40785	c1f30818ff16fb90c4806ffba6cd70f33e0f5b8e8aff209a8b8cc52a9a4e4622
data/replay_corpus_v1_5m_4hr_audit/MNQ/MNQ_2025-10-06.jsonl	469075	6765a769012867e2b39ecbaa4a26872403f8397b0ff2c13072210e783f5f21f6
data/replay_corpus_v1_5m_4hr_audit/MNQ/MNQ_2025-10-07.jsonl	469467	abd45a97c6863fac7ef2551ba22fe037919244d89cae63f114f5f5427736416a
data/replay_corpus_v1_5m_4hr_audit/MNQ/MNQ_2025-10-08.jsonl	469423	1765e2dce30eac096d731853f6d426c30a2255abad2a1e9bae459157b5df3634
data/replay_corpus_v1_5m_4hr_audit/MNQ/MNQ_2025-10-09.jsonl	471080	bc43f9e2f592f3e7c02bf07243078907f83011cc8ff3ed45c61527f81966a653
data/replay_corpus_v1_5m_4hr_audit/MNQ/MNQ_2025-10-10.jsonl	429624	06369fbe320541efa0df70e6525fe9d514a05b36a8f20d1e25931caddfdd2665
data/replay_corpus_v1_5m_4hr_audit/MNQ/MNQ_2025-10-12.jsonl	40821	d1750985c13fa0f2afc3f7371557a8fc615105d2c1c33e438b1b9b3bddc7c4b6
data/replay_corpus_v1_5m_4hr_audit/MNQ/MNQ_2025-10-13.jsonl	470664	dd8b779efebb34ccca29dbf75a1a49776f88bbff611969c0efb782ad7224f8f0
data/replay_corpus_v1_5m_4hr_audit/MNQ/MNQ_2025-10-14.jsonl	470537	abbb61db576b5779fa0658026f0c64037a2b8ba3fff7be911da8894b56619b4c
data/replay_corpus_v1_5m_4hr_audit/MNQ/MNQ_2025-10-15.jsonl	470502	edc7f38ea333dbdecdacdfa88d3142a53dfd32fa718d42d56e4b5629b6888aff
data/replay_corpus_v1_5m_4hr_audit/MNQ/MNQ_2025-10-16.jsonl	469810	dc64279c1fdbc39b1c0cf847db52ec8e9dfe14e2b0a35346a6d898aa8a09ab0e
data/replay_corpus_v1_5m_4hr_audit/MNQ/MNQ_2025-10-17.jsonl	429916	68be4cf6c21c4e7c8b19c9d5e09b449efd9a2bc3269f0b7c3960135d1521c818
data/replay_corpus_v1_5m_4hr_audit/MNQ/MNQ_2025-10-19.jsonl	40996	fbd78cafd8bc9c8680774b9ae5d8b171a8ba10650d694053ca2b7e4e2256c558
data/replay_corpus_v1_5m_4hr_audit/MNQ/MNQ_2025-10-20.jsonl	470869	772cd8430a4a4b86d6de5c2701278c65d5a667bf0f1c63c0ce536512a21e67d1
data/replay_corpus_v1_5m_4hr_audit/MNQ/MNQ_2025-10-21.jsonl	470044	d5e62682de9a6ed73729c30dc4cfc852a664cc4672454c5d668705eec691433b
data/replay_corpus_v1_5m_4hr_audit/MNQ/MNQ_2025-10-22.jsonl	469982	6fbeb9d0a8d4124bbf2e3b347937ad69dee4256e44b968b252b5ce783075d0e3
data/replay_corpus_v1_5m_4hr_audit/MNQ/MNQ_2025-10-23.jsonl	470133	55b7cb0b927d3a92c63095f11c19cc3096e068b2cde7f45200d9c0d8af7308b9
data/replay_corpus_v1_5m_4hr_audit/MNQ/MNQ_2025-10-24.jsonl	428890	963d7242da178cd2726d0cf30bf764a50eec0ae37f68fe2a8860089769c9ddee
data/replay_corpus_v1_5m_4hr_audit/MNQ/MNQ_2025-10-26.jsonl	40623	6237da3327bfac46206844ae6cb24565fc796f302f14214477445ebf970de9ed
data/replay_corpus_v1_5m_4hr_audit/MNQ/MNQ_2025-10-27.jsonl	467642	6d47a79e127b54da2df1e4c093aa40c1216d7d0ce09db28c5967baf67f8e884b
data/replay_corpus_v1_5m_4hr_audit/MNQ/MNQ_2025-10-28.jsonl	468997	e452b2cb7f8bee736712f4daf7a9960d7776e10bcb990dd412ab756dd13b0fc7
data/replay_corpus_v1_5m_4hr_audit/MNQ/MNQ_2025-10-29.jsonl	469931	a95cbeef51f57c877f518e9fc9821f48dce8389d388e09301c95b44ff9ba5c11
data/replay_corpus_v1_5m_4hr_audit/MNQ/MNQ_2025-10-30.jsonl	469841	641592c0c3df331ad25a59ba36a2872d5fd3c6584adf682479f1e0a6df77747c
data/replay_corpus_v1_5m_4hr_audit/MNQ/MNQ_2025-10-31.jsonl	429092	7049bb99b6fba4797dc7f75142becb3de20c066ec91d62d5a82db433324b1566
data/replay_corpus_v1_5m_4hr_audit/MNQ/MNQ_2025-11-02.jsonl	20431	2efecee0b50a45282e487007ce98638ebfa63fc84bad6a9c6dfe1bf08c4fa0b5
data/replay_corpus_v1_5m_4hr_audit/MNQ/MNQ_2025-11-03.jsonl	470560	aad2205c471345dc06a6cec7faf9b2c782b7c01bf6a8efb282062b62affa08df
data/replay_corpus_v1_5m_4hr_audit/MNQ/MNQ_2025-11-04.jsonl	471039	a098997881b68bbc8c1244aa5cd20861a728b7e545702bf416a4c9703c8f9a87
data/replay_corpus_v1_5m_4hr_audit/MNQ/MNQ_2025-11-05.jsonl	470138	9790340affdad901083966287682274e90073485d080769d594a2abed8e1ebcd
data/replay_corpus_v1_5m_4hr_audit/MNQ/MNQ_2025-11-06.jsonl	471279	278eb448c8857ea294e7008d10a621dbbcb5897fb53a0b434c834137773e01e4
data/replay_corpus_v1_5m_4hr_audit/MNQ/MNQ_2025-11-07.jsonl	450461	1c0297152d12a1e75b5b6f1c6fa8841e625a861c7c2b875263cdccb84c21d6b4
data/replay_corpus_v1_5m_4hr_audit/MNQ/MNQ_2025-11-09.jsonl	20314	ea1869551f00b50df1825401d4148c9f075e696c43c37b578fd6bff9a7fa7099
data/replay_corpus_v1_5m_4hr_audit/MNQ/MNQ_2025-11-10.jsonl	469516	d84645ab857152344d9c9d1a15c1b428cf385f9bb68d6c6cb1532bcf2293f0c0
data/replay_corpus_v1_5m_4hr_audit/MNQ/MNQ_2025-11-11.jsonl	470210	7b619a2c2af79495f483c2f02d597e46774691383c54172ea8393cee4d9bf677
data/replay_corpus_v1_5m_4hr_audit/MNQ/MNQ_2025-11-12.jsonl	469668	371d49612ba25134317e75e7a50212383589aedbec21ac548401b2b0dac921de
data/replay_corpus_v1_5m_4hr_audit/MNQ/MNQ_2025-11-13.jsonl	469595	f6d2402e542e6edfee35d03d4fab8744494db9919e4db88d1a28453253c96315
data/replay_corpus_v1_5m_4hr_audit/MNQ/MNQ_2025-11-14.jsonl	450174	4b66f5ff2cb4fca237d351aabbb6908480e80c3dee0d3c27ce09b3717c7c2166
data/replay_corpus_v1_5m_4hr_audit/MNQ/MNQ_2025-11-16.jsonl	20448	38f9100696362b2870aa2151318daeb615a6262e83e9c56540bc90a6902f035a
data/replay_corpus_v1_5m_4hr_audit/MNQ/MNQ_2025-11-17.jsonl	469898	16f16ef64317ab78c75887451dec42f8f523649a153348a4dc00818b985a76c4
data/replay_corpus_v1_5m_4hr_audit/MNQ/MNQ_2025-11-18.jsonl	470731	86af25d629ad3b15974f9dd0ba8147e7df6d99851d963cfdfb12e62bec32f43f
data/replay_corpus_v1_5m_4hr_audit/MNQ/MNQ_2025-11-19.jsonl	470878	110114bf0fe6bbaa6256e4b67c90d7905542fcd39e18b3ec47d00ff8ecbe06f6
data/replay_corpus_v1_5m_4hr_audit/MNQ/MNQ_2025-11-20.jsonl	469391	fb5d0d4e230e8e6fca0f4f727fd43ad50afbffb5e9c5657acd2cbed2adb82de9
data/replay_corpus_v1_5m_4hr_audit/MNQ/MNQ_2025-11-21.jsonl	450338	b7277d6809c8058c84f34fe3e9df161dc0d224bd30657b018de710e39ad0f58a
data/replay_corpus_v1_5m_4hr_audit/MNQ/MNQ_2025-11-23.jsonl	20399	8e0ce029afba78c12c1d01e2657c26b20398f4ee0ac4b2448aba3429e361687a
data/replay_corpus_v1_5m_4hr_audit/MNQ/MNQ_2025-11-24.jsonl	469998	fb7e64aee396226be56f267ce293e9b9794bc59ef05655715324e8c1a3706294
data/replay_corpus_v1_5m_4hr_audit/MNQ/MNQ_2025-11-25.jsonl	471119	4ba2fb3485a9457696a7f2c13149f98c530a77395943525013b36df1d1aa1fe5
data/replay_corpus_v1_5m_4hr_audit/MNQ/MNQ_2025-11-26.jsonl	469084	e0f8bcfdf8b09da0c09b04f59c38e00b220f5a7d07f027beeb55fc7c3737697e
data/replay_corpus_v1_5m_4hr_audit/MNQ/MNQ_2025-11-27.jsonl	388585	2c57f2ad2966d7a0c6313dfd1c1c26e5ff06f2af8d14ccfcc87693bb8166586a
data/replay_corpus_v1_5m_4hr_audit/MNQ/MNQ_2025-11-28.jsonl	152810	5d1bb32c3d43b826f7d177550bf5a9342eaca90590510ef5f6788a42bdf6ab72
data/replay_corpus_v1_5m_4hr_audit/MNQ/MNQ_2025-11-30.jsonl	20314	c0dbc4d742993d813e753382f4022bc4dfa0530cf40b626c8ad66f513250c0c4
data/replay_corpus_v1_5m_4hr_audit/MNQ/MNQ_2025-12-01.jsonl	470340	ba3dc1b42a897e28eb6129402abb050a2f759db5b60730539de41f6a7dff9a2d
data/replay_corpus_v1_5m_4hr_audit/MNQ/MNQ_2025-12-02.jsonl	470236	5463fa9664b19287be9a77d8a4d53d54be91091589195f96048d00a2dfe7afc6
data/replay_corpus_v1_5m_4hr_audit/MNQ/MNQ_2025-12-03.jsonl	469643	587c0ab4fea27c7e66fca151517a92ca6ad75bb37073f12c48dd43cc2d2ce605
data/replay_corpus_v1_5m_4hr_audit/MNQ/MNQ_2025-12-04.jsonl	470376	d2f205527909be0c306647e5538bd2288257423fe01d4896454b5d60845cc74c
data/replay_corpus_v1_5m_4hr_audit/MNQ/MNQ_2025-12-05.jsonl	445994	a701ef70bf5478b57556620da844d747494a9291f8e46fe0666a4ef65095c587
data/replay_corpus_v1_5m_4hr_audit/MNQ/MNQ_2025-12-07.jsonl	20336	b9433e8d3e5d3e8e554c580b55321c2d88dc99139ecfb1d962587ca8457628ad
data/replay_corpus_v1_5m_4hr_audit/MNQ/MNQ_2025-12-08.jsonl	469501	7c2768d8fc0c70d0728ef757c37df5db02f99d9e06d94930e13c498f4605a15e
data/replay_corpus_v1_5m_4hr_audit/MNQ/MNQ_2025-12-09.jsonl	471034	3f8eb69e55a32950c116ae4e9adc9d4fc1583733253d188373c98d8654935121
data/replay_corpus_v1_5m_4hr_audit/MNQ/MNQ_2025-12-10.jsonl	470462	5da20e94bc57132f900c153a8cab0652e339e44dc690635f6ff50595f2625410
data/replay_corpus_v1_5m_4hr_audit/MNQ/MNQ_2025-12-11.jsonl	456696	235e40fbe6182d421fd1993e6577151c9511bd196939e2f2aef9133cb1c00569
data/replay_corpus_v1_5m_4hr_audit/MNQ/MNQ_2025-12-12.jsonl	433907	46051b74ad9195e389be7944286b94903fdf5e2bda6700858bbf365f8830ba61
data/replay_corpus_v1_5m_4hr_audit/MNQ/MNQ_2025-12-14.jsonl	20485	84a3af4e3b3377d0c2d1a27d367a35965e00cc458adb8b85cfb9586f4658f554
data/replay_corpus_v1_5m_4hr_audit/MNQ/MNQ_2025-12-15.jsonl	469945	9e3e6cbc295517f69d5f4a2aa007d6cecfd5c96ed98e7f652fba23951dac860c
data/replay_corpus_v1_5m_4hr_audit/MNQ/MNQ_2025-12-16.jsonl	470237	9add1b425328f8bb771d23e5c0dc8af249d70fe5d10cb3e0230291ddec45e7fb
data/replay_corpus_v1_5m_4hr_audit/MNQ/MNQ_2025-12-17.jsonl	470289	9b6c8a351ae4811565c85fa8902064a6b7ea954d2d560b3dda4dd0fc2af7ace4
data/replay_corpus_v1_5m_4hr_audit/MNQ/MNQ_2025-12-18.jsonl	469861	a2d961ced581bc63df4ce67e66486ba50eb4d689d14bbe2b272033d92496615d
data/replay_corpus_v1_5m_4hr_audit/MNQ/MNQ_2025-12-19.jsonl	450096	01e65d1a4bd56aa4c9b75bac82e78ebb12fe712575661709bda7e65940cd3bd5
data/replay_corpus_v1_5m_4hr_audit/MNQ/MNQ_2025-12-21.jsonl	20247	c501ba95669176f89a2cd0eaa88d6c22a11584f512a4ca169f9c623daf1d28e9
data/replay_corpus_v1_5m_4hr_audit/MNQ/MNQ_2025-12-22.jsonl	469441	10553bade504bac6d69bc2196603c74dd4a2c7dc82e4c856410c65a61d88d65a
data/replay_corpus_v1_5m_4hr_audit/MNQ/MNQ_2025-12-23.jsonl	468556	90ba6db9cb238b8f77c10d378bd710289e7f6ba1ebf75034e7043772c09d9d1a
data/replay_corpus_v1_5m_4hr_audit/MNQ/MNQ_2025-12-24.jsonl	371905	27fb201ed9944dee404512681b832ad91550213d41f1d9a3e854cdbbb20eab62
data/replay_corpus_v1_5m_4hr_audit/MNQ/MNQ_2025-12-25.jsonl	20258	7512bfdf8daf4d893cd35b1cf35c2946eb3038ba138a143467cbb94b2ab54f63
data/replay_corpus_v1_5m_4hr_audit/MNQ/MNQ_2025-12-26.jsonl	448463	e29e9a9c76fe655ed2d852e36b26440c6c957fef6362c56eb6f2cd95a19c20eb
data/replay_corpus_v1_5m_4hr_audit/MNQ/MNQ_2025-12-28.jsonl	20490	12c9b588a3237e7d758b5005dd5d57419ae22e3f2645e6e6433d045b071bc933
data/replay_corpus_v1_5m_4hr_audit/MNQ/MNQ_2025-12-29.jsonl	470313	774b7af2140631dd0eba7d15f9d7afce8bd364a81c72b9cf503935ec2f63d94f
data/replay_corpus_v1_5m_4hr_audit/MNQ/MNQ_2025-12-30.jsonl	470898	7e05694eac97e029f5e9bf4bfab758ceb0eec610f46099c6e481f9f49262879e
data/replay_corpus_v1_5m_4hr_audit/MNQ/MNQ_2025-12-31.jsonl	450512	c43b353d555ad1554dd00a8d5a2dde31a3fa88971ef63ea6b19e7d1298163b99
data/replay_corpus_v1_5m_4hr_audit/MNQ/MNQ_2026-01-01.jsonl	20401	47a0d312d13bb16cd4e7b131d5892980dab06b2b8e1c36a58f3ce8a03248b310
data/replay_corpus_v1_5m_4hr_audit/MNQ/MNQ_2026-01-02.jsonl	450112	198c74067eb431c11ef96b52cba3fd6bfd0cb6bd97a9a2649f195ed6f8797a46
data/replay_corpus_v1_5m_4hr_audit/MNQ/MNQ_2026-01-04.jsonl	20460	139107a63af74e5748f2397712770f40bc81ff1b8764b65a02e1847a5bf88322
data/replay_corpus_v1_5m_4hr_audit/MNQ/MNQ_2026-01-05.jsonl	469573	858e06d35ef8ed9668aa4d5a9a0784a9cd483cfaf3b46b7e1f7d406218c17caf
data/replay_corpus_v1_5m_4hr_audit/MNQ/MNQ_2026-01-06.jsonl	469699	b53ad06017a630c42e5bcdf0926535633b2fa1fe0301bd810eca09953c14c08f
data/replay_corpus_v1_5m_4hr_audit/MNQ/MNQ_2026-01-07.jsonl	470418	fd6d2f14c85a6919134506fc4e903b86bf58d793c779c813a52c7ec3b7e637d1
data/replay_corpus_v1_5m_4hr_audit/MNQ/MNQ_2026-01-08.jsonl	471289	971b95c002cc1cc78bf150b4f9c1e0e84753aa36822f2525f9ee3c9c8aa13066
data/replay_corpus_v1_5m_4hr_audit/MNQ/MNQ_2026-01-09.jsonl	450149	b5f739f1faf0055783d9ecb8646f16918ad6e3344ba8d9a7e9e95cb2432dff60
data/replay_corpus_v1_5m_4hr_audit/MNQ/MNQ_2026-01-11.jsonl	20416	349372bc5e0d347a539f1f6c7ad508b696afc39dbf8365f8c81944bcae3beaba
data/replay_corpus_v1_5m_4hr_audit/MNQ/MNQ_2026-01-12.jsonl	469671	d9b918b0fbcdd0b826fdd7578091b531332d758675dc82ba9e6676b1ce689d79
data/replay_corpus_v1_5m_4hr_audit/MNQ/MNQ_2026-01-13.jsonl	470923	a62cf2a985bde70ac13de4343cb605be17c2793002eba622faa8567c12dc0d60
data/replay_corpus_v1_5m_4hr_audit/MNQ/MNQ_2026-01-14.jsonl	470943	1636d6885d496260b6495050f6d8b502ee884fd4639cf7e6c2e623733c303f5f
data/replay_corpus_v1_5m_4hr_audit/MNQ/MNQ_2026-01-15.jsonl	470201	d353698429461bc3b422ac7a5dbc2ffe5790333411117ea6eeecfe087d29a3a1
data/replay_corpus_v1_5m_4hr_audit/MNQ/MNQ_2026-01-16.jsonl	449156	6d79f94f2fa9d515a3136f83f257cdfc54070896d21cb376d784371c75732461
data/replay_corpus_v1_5m_4hr_audit/MNQ/MNQ_2026-01-18.jsonl	20465	1cf5dc5b9dc00f7e4e310952944cfeb950d4964e9fe2eb8842d99e29ea03d42b
data/replay_corpus_v1_5m_4hr_audit/MNQ/MNQ_2026-01-19.jsonl	389105	9acb59cd56874c816bfb5b0bfce425f704da5b7aaca46e9bd55adb4f8002ead7
data/replay_corpus_v1_5m_4hr_audit/MNQ/MNQ_2026-01-20.jsonl	471486	daebba36115d53f1c2da75078af3266f88b1d1cfd29177eefd9778b5cfdfb28d
data/replay_corpus_v1_5m_4hr_audit/MNQ/MNQ_2026-01-21.jsonl	470990	5788356d19cf766c19c7e56056ae9d0023b54a3002208709e0943b2604aee9dc
data/replay_corpus_v1_5m_4hr_audit/MNQ/MNQ_2026-01-22.jsonl	469820	e8da9d6739beede75624a8c7253f4221084da8a84a72874267b39f63a5be8055
data/replay_corpus_v1_5m_4hr_audit/MNQ/MNQ_2026-01-23.jsonl	449989	291a032b4a61dde26b1a414b213e438cc56ed1f099088baacd194e4b0bd61cd7
data/replay_corpus_v1_5m_4hr_audit/MNQ/MNQ_2026-01-25.jsonl	20421	fed558c2774ce495e28c5764e76346187a9bcbaa211ce7be7589ee42286e13eb
data/replay_corpus_v1_5m_4hr_audit/MNQ/MNQ_2026-01-26.jsonl	469216	ef62b11840cbe4a697c3a30683d6575476a9af7804a9bb6752ddd59d5ac4e585
data/replay_corpus_v1_5m_4hr_audit/MNQ/MNQ_2026-01-27.jsonl	468303	4b8f53da36ba6a2f0439c5c7d6b5e8c0f651725412a63b6148fb9d2e86fbc794
data/replay_corpus_v1_5m_4hr_audit/MNQ/MNQ_2026-01-28.jsonl	468964	5d62313197d0c414869ec2497aedcf5c9d8db1b205ba1d89f83453a987af60c1
data/replay_corpus_v1_5m_4hr_audit/MNQ/MNQ_2026-01-29.jsonl	469532	f7b7c68cdc72b16d23f4a7b80c8b1ccd5fcb19ff150c119eecfa9a43dd93cc3c
data/replay_corpus_v1_5m_4hr_audit/MNQ/MNQ_2026-01-30.jsonl	450378	63586d77987ccfaee5a03c64c114ba60da8f92aec050400e08e13b2eeb793980
data/replay_corpus_v1_5m_4hr_audit/MNQ/MNQ_2026-02-01.jsonl	20549	34e7f509a10a4e43d2fadf3210932f050fb799d8593514708d0fb5de648cb3b0
data/replay_corpus_v1_5m_4hr_audit/MNQ/MNQ_2026-02-02.jsonl	470510	128d92f41e7bf2dfe4d127921cefcd3c303f7e723f7965d51a272b8d0744ce30
data/replay_corpus_v1_5m_4hr_audit/MNQ/MNQ_2026-02-03.jsonl	470355	fd20ef4eaf7f39a4ad1a3f5f54116e49512a09866712b496890f4d4fb134cdf3
data/replay_corpus_v1_5m_4hr_audit/MNQ/MNQ_2026-02-04.jsonl	470174	4ffcd255ea1c8654af6dd01fd6638c4b2fc8c699d24661cc0662dfe456ebd8ae
data/replay_corpus_v1_5m_4hr_audit/MNQ/MNQ_2026-02-05.jsonl	471235	f54a13a3f6b5ca48c3b19ddde48e0f0a728dc726b08a81d9cad2a0ad000c7d00
data/replay_corpus_v1_5m_4hr_audit/MNQ/MNQ_2026-02-06.jsonl	449993	6c913959f4e0664e817e35598d90105f7cbaf6d5e321236517c264ec345118a0
data/replay_corpus_v1_5m_4hr_audit/MNQ/MNQ_2026-02-08.jsonl	20265	944ade586f1d9e2cb87e4ef10be294f53e940b9476872fd9d59110ac66347dd4
data/replay_corpus_v1_5m_4hr_audit/MNQ/MNQ_2026-02-09.jsonl	469255	0fa7525ce0ef1cccbeee82d38125a3112043afacd2335a0fdd7c2b4113e1c1c9
data/replay_corpus_v1_5m_4hr_audit/MNQ/MNQ_2026-02-10.jsonl	470448	cc5c73b1f0cf1d1486a34ec5a78dee2a6a3ce4ceea1a43d8681c111fdcc8bba6
data/replay_corpus_v1_5m_4hr_audit/MNQ/MNQ_2026-02-11.jsonl	470516	6b856fd0494a4354468fcaf6774d32108528230428931c61ddce93decd92ef00
data/replay_corpus_v1_5m_4hr_audit/MNQ/MNQ_2026-02-12.jsonl	469238	b577aff6a2d3446aa2f6203e340f8b0e4b2d2254998dde18ff2ec27f564fe0bf
data/replay_corpus_v1_5m_4hr_audit/MNQ/MNQ_2026-02-13.jsonl	450207	591e0613a738bf00da091965cde5e37b01706c67f8c87b5764e602706e23affd
data/replay_corpus_v1_5m_4hr_audit/MNQ/MNQ_2026-02-15.jsonl	20499	8e0c6d57f96ff7889754694a7072062faa37de6463cff8bf00c2671f86dc907a
data/replay_corpus_v1_5m_4hr_audit/MNQ/MNQ_2026-02-16.jsonl	388865	5fc67dad8c4c2f05c7cbea4a4129430f199b70285b76a8b6b25966f46e1e5d44
data/replay_corpus_v1_5m_4hr_audit/MNQ/MNQ_2026-02-17.jsonl	471029	038aafa2d9b1f0dbfcc9afa61912aef55ffa4349daf3169e6de47118dc5505de
data/replay_corpus_v1_5m_4hr_audit/MNQ/MNQ_2026-02-18.jsonl	470866	0b489493735275c9a909e83cf9b42d1a0970c4e3ba4fd344ed291acaa08b902c
data/replay_corpus_v1_5m_4hr_audit/MNQ/MNQ_2026-02-19.jsonl	470289	e43058689303b6350d293048370dca6b03345bbc661a4b02e5c7383acaf2262f
data/replay_corpus_v1_5m_4hr_audit/MNQ/MNQ_2026-02-20.jsonl	450186	52106ef2c37ccad86da95f62c0772bb30f5b4f047af173518c48c2f4ee32d7a0
data/replay_corpus_v1_5m_4hr_audit/MNQ/MNQ_2026-02-22.jsonl	20413	bb1e3be359ef596027ef26ade841678506eaebb24991e0a91cb809d7366f2d6f
data/replay_corpus_v1_5m_4hr_audit/MNQ/MNQ_2026-02-23.jsonl	470486	730100258cb29e37033d7c366008e7e23dd873ded07dd4c5b0674d316d1240a7
data/replay_corpus_v1_5m_4hr_audit/MNQ/MNQ_2026-02-24.jsonl	470495	cdaf05a2a14d231f4e175713c715de536290bc0fb05c08e8f9e47b15c65835f0
data/replay_corpus_v1_5m_4hr_audit/MNQ/MNQ_2026-02-25.jsonl	468725	7910210be0012c363074f5f8d97b5ea3d9b20de5036effaa308296d253f14da6
data/replay_corpus_v1_5m_4hr_audit/MNQ/MNQ_2026-02-26.jsonl	470357	7cd1c26c7c593ae8e160c12675452e9da53ddb8ea667990a582ad2a30bba06a4
data/replay_corpus_v1_5m_4hr_audit/MNQ/MNQ_2026-02-27.jsonl	450120	f436f57ffe1141e4286953f8540be7d1acfe2bf8251e9dc1e5e7a1d79ec47ba7
data/replay_corpus_v1_5m_4hr_audit/MNQ/MNQ_2026-03-01.jsonl	20476	8c6526a45fc9f33b5dbe73b4c8a6123706105e835e2ed8a4aebef28da05f122f
data/replay_corpus_v1_5m_4hr_audit/MNQ/MNQ_2026-03-02.jsonl	470485	52d305e390613743f9815b65132d52fc5190a0be70b8d9cd29f9ccd0b0977710
data/replay_corpus_v1_5m_4hr_audit/MNQ/MNQ_2026-03-03.jsonl	470660	8ecec1556af8b2e79bd0672f8138f4aff64cd4b1344b40d9ed06c794415cfff4
data/replay_corpus_v1_5m_4hr_audit/MNQ/MNQ_2026-03-04.jsonl	470738	ff78a3d445f7a7c3401e94d3cfa520a0f8086977ec5f67474ecafaed1f420c4f
data/replay_corpus_v1_5m_4hr_audit/MNQ/MNQ_2026-03-05.jsonl	470384	69a665159c52b813358f28e3e88e253549dc302631cc781b136c6abd8c522dc2
data/replay_corpus_v1_5m_4hr_audit/MNQ/MNQ_2026-03-06.jsonl	433039	059881a6b12596c1a8d4b859ba2fe6669ae0041af7f6840e594d120f87010c17
data/replay_corpus_v1_5m_4hr_audit/MNQ/MNQ_2026-03-08.jsonl	40849	806b096216c3ee781bc35387d973f2859f1dd0e2df23ec028c68261b2fbbcce1
data/replay_corpus_v1_5m_4hr_audit/MNQ/MNQ_2026-03-09.jsonl	470356	321adc16164d2fde8d90dcd4a77a4fbdedf8c95b2fd3c8dce0fa3c57a1b12531
data/replay_corpus_v1_5m_4hr_audit/MNQ/MNQ_2026-03-10.jsonl	470416	7b25a2f3e9fb77414397d53fdb81ccb5cfcb640f1389104c70018e3203645040
data/replay_corpus_v1_5m_4hr_audit/MNQ/MNQ_2026-03-11.jsonl	470151	df056303491da0c926b3710b40945ad36a7bda5d2b23f7899495845a465ec91d
data/replay_corpus_v1_5m_4hr_audit/MNQ/MNQ_2026-03-12.jsonl	466756	2c1a4dd56f9fe85239180520fda505aaa24a20be0fd9489f3d7138b124914c4b
data/replay_corpus_v1_5m_4hr_audit/MNQ/MNQ_2026-03-13.jsonl	427837	3f1ae9cf79ee4a01b1a45ba7ee2a902b9280608c28380fc6197358f128225d01
data/replay_corpus_v1_5m_4hr_audit/MNQ/MNQ_2026-03-15.jsonl	40844	38eb6151cf713d7d9411eb7187e2fb9066985e138a201569345578c5078cbf4e
data/replay_corpus_v1_5m_4hr_audit/MNQ/MNQ_2026-03-16.jsonl	469645	c5016cf2bc6406177ec0a2fe96c194a7180aa6b13118062a82541737fd53e489
data/replay_corpus_v1_5m_4hr_audit/MNQ/MNQ_2026-03-17.jsonl	470191	acb953db36fc35b8b499aa909150f43fb1d13af02f56aae80b61fea68eca28d7
data/replay_corpus_v1_5m_4hr_audit/MNQ/MNQ_2026-03-18.jsonl	469327	2cdbb2f5c58c5effbab93c1bee94483d9f94d042c0d4d6363b8f7075f081bf64
data/replay_corpus_v1_5m_4hr_audit/MNQ/MNQ_2026-03-19.jsonl	471037	7eed62a3138ea37e52ab670c2e17afbae9768cb4be28ed9d0f26cb753afc4a6c
data/replay_corpus_v1_5m_4hr_audit/MNQ/MNQ_2026-03-20.jsonl	430866	a62475eddc200a203a5ef5cd15b7e27700b6c900c40dad574235c275f694fb9b
data/replay_corpus_v1_5m_4hr_audit/MNQ/MNQ_2026-03-22.jsonl	40931	42900c5c241c62219469a562864e6f1d991f62ce2b0e2765feb57a24461fa5f1
data/replay_corpus_v1_5m_4hr_audit/MNQ/MNQ_2026-03-23.jsonl	471410	b44b76536d4d562ea70d13cee9ee71ef96c8f9d8a2c6f680545c22bac93f131a
data/replay_corpus_v1_5m_4hr_audit/MNQ/MNQ_2026-03-24.jsonl	470205	1814df0ea5bb8a249d1657b2ec001a570b317bae2b73ed074bac8a47714210f4
data/replay_corpus_v1_5m_4hr_audit/MNQ/MNQ_2026-03-25.jsonl	471678	7739bf2148daa7131f6275b97363c925f107b29de7d59be73f589fe33031ec2b
data/replay_corpus_v1_5m_4hr_audit/MNQ/MNQ_2026-03-26.jsonl	470984	cc2ab1e8d43febfafe8cc612fc21902a3413b7a6088be202e518230d18ce7e78
data/replay_corpus_v1_5m_4hr_audit/MNQ/MNQ_2026-03-27.jsonl	429724	607faf2d84ec3d914a71329ac8e67ea36d5cfa1ac943d63f83d49a6ac4127189
data/replay_corpus_v1_5m_4hr_audit/MNQ/MNQ_2026-03-29.jsonl	40835	fa5169f3ff09b60a74c45b0032c1be615f428ef7cce1fb79b39c3a6eb3197a67
data/replay_corpus_v1_5m_4hr_audit/MNQ/MNQ_2026-03-30.jsonl	470378	4602fe70948728f5d856b46454a2a6191453c5797738e6cf55f3b26940bad4a7
data/replay_corpus_v1_5m_4hr_audit/MNQ/MNQ_2026-03-31.jsonl	470224	f3413ac32d6fab31aecb298f7a3570e59dad29bbe3a727931144bf99fa0fd4bc
data/replay_corpus_v1_5m_4hr_audit/MNQ/MNQ_2026-04-01.jsonl	468983	a2b5046a048bc73060e59fd5ff6fa63ba533277d9895d7de26633f72415f53cf
data/replay_corpus_v1_5m_4hr_audit/MNQ/MNQ_2026-04-02.jsonl	470219	3f69a9bc1cc772ab53ce29f6d8731df43063df8184ddb048d710e8a728a445ee
data/replay_corpus_v1_5m_4hr_audit/MNQ/MNQ_2026-04-03.jsonl	270809	4bdecc89196a90d50a2ad943897aaca299e51d0ea4b105453e8bc68a6e9b3621
data/replay_corpus_v1_5m_4hr_audit/MNQ/MNQ_2026-04-05.jsonl	40810	2a618c6ed651e8c3ed50fa05afc70384abf2be086b5daac2ef3ba9f321812c98
data/replay_corpus_v1_5m_4hr_audit/MNQ/MNQ_2026-04-06.jsonl	470092	73f2e8c43872e9372468079d2207052280c454c6373d6ec7889b83147c9c73c4
data/replay_corpus_v1_5m_4hr_audit/MNQ/MNQ_2026-04-07.jsonl	470401	a80239742004ed13ca345dc4e1c7520fd9e7929b56d2ee3ebc6600ba55f6f930
data/replay_corpus_v1_5m_4hr_audit/MNQ/MNQ_2026-04-08.jsonl	470370	e93d79549b69a5d44c4a94486b976127407ccf0493e617f482ea22c770288d31
data/replay_corpus_v1_5m_4hr_audit/MNQ/MNQ_2026-04-09.jsonl	470127	caec4444ba08ac41fc3d1ef78512df339ad6016ded78eb7fe237ce177c667f56
data/replay_corpus_v1_5m_4hr_audit/MNQ/MNQ_2026-04-10.jsonl	429038	84fff0caafe389b6ef3091ee60486dbafdfa7cd2016376b10ce5e5c94adbfc15
data/replay_corpus_v1_5m_4hr_audit/MNQ/MNQ_2026-04-12.jsonl	40614	1cb38c060b3e0dafb21fa831a483e6aca5446c685bd2a54c59f7935a9a1e50e1
data/replay_corpus_v1_5m_4hr_audit/MNQ/MNQ_2026-04-13.jsonl	468183	72f538e91520d4d018456ad940a54eb717a8676502e613b270cf3ec488abf331
data/replay_corpus_v1_5m_4hr_audit/MNQ/MNQ_2026-04-14.jsonl	468389	48e309457a667711d42b97512f7a909df3c689ee9688dedc9551c93c25d187b0
data/replay_corpus_v1_5m_4hr_audit/MNQ/MNQ_2026-04-15.jsonl	469555	ed475841fcde7f17f5abfcdb10102de982dc07016d931f3ebed5c1d2dd7c8372
data/replay_corpus_v1_5m_4hr_audit/MNQ/MNQ_2026-04-16.jsonl	469765	bc443ddab7c06769656552a8d7c8fe843250153b8dcdfca94495b49fe790b452
data/replay_corpus_v1_5m_4hr_audit/MNQ/MNQ_2026-04-17.jsonl	428947	508d532b29819c49271c352da2a91dfc0c63188e216bb974e409197a67309b85
data/replay_corpus_v1_5m_4hr_audit/MNQ/MNQ_2026-04-19.jsonl	40915	48d2e5a6c4fee7c1b5fd039e0bca6f2f86dd742be67e23b0767b762b444e73e3
data/replay_corpus_v1_5m_4hr_audit/MNQ/MNQ_2026-04-20.jsonl	470307	efd8e3db8d9b36d2961308d2ae321b3014db59636dbffc21084fe279e06fced3
data/replay_corpus_v1_5m_4hr_audit/MNQ/MNQ_2026-04-21.jsonl	470818	30a151f1c686ed422f3be76386b2e5423fcb6c1aa0e80c67b1ade586455eb4ac
data/replay_corpus_v1_5m_4hr_audit/MNQ/MNQ_2026-04-22.jsonl	468544	0997c345114bb0e5c6a2cc6449f5be243eba7b85249878a29e03c0aeef617050
data/replay_corpus_v1_5m_4hr_audit/MNQ/MNQ_2026-04-23.jsonl	469390	f8d064b57e2b03800510c27cba402a2bacebbe65432f42ed737b1b76d4a6c278
data/replay_corpus_v1_5m_4hr_audit/MNQ/MNQ_2026-04-24.jsonl	429567	6114248f90f7fb7d28a1a7b7ec7052ae65b16427c0df3062d16661b46dbd1720
data/replay_corpus_v1_5m_4hr_audit/MNQ/MNQ_2026-04-26.jsonl	41008	f995e8c092d083f303a2a687bbe7eb3d63235f737f657a07ee0c4ab0ea2bf2a2
data/replay_corpus_v1_5m_4hr_audit/MNQ/MNQ_2026-04-27.jsonl	471004	e31ca9504d8d6510e76376736366a52d0931720edcdcc45bcf5ba04556917821
data/replay_corpus_v1_5m_4hr_audit/MNQ/MNQ_2026-04-28.jsonl	470783	69503a6016d291560652afbfbb6ce24161d2ed89519547341c1dabc5a2a532df
data/replay_corpus_v1_5m_4hr_audit/MNQ/MNQ_2026-04-29.jsonl	470775	0d62322c3f202ce92418d9bcb9e29687b1c8f98aa93612b4ef0c1a4fdaade9d9
data/replay_corpus_v1_5m_4hr_audit/MNQ/MNQ_2026-04-30.jsonl	470189	da9dab9c7869990c1461c842affa66ccc3b1b8b2f012bbbaed5c0e62fd3796bd
data/replay_corpus_v1_5m_4hr_audit/MNQ/MNQ_2026-05-01.jsonl	428744	6587f29a5b78fb66dde74d5b640eedbcc72a216e88aa9a24377855a9de6a5e91
data/replay_corpus_v1_5m_4hr_audit/MNQ/MNQ_2026-05-03.jsonl	40737	cd1bed64d6ec93706bc8105a06afbc4025941e36b121e0e1b50a4a9589f95c17
data/replay_corpus_v1_5m_4hr_audit/MNQ/MNQ_2026-05-04.jsonl	468888	03de49b2afe717e4a03bb7edbd7af192aeeae174b014380adc38d7fea7aa17ad
data/replay_corpus_v1_5m_4hr_audit/MNQ/MNQ_2026-05-05.jsonl	468129	1017441647a5849b18e090fa5b909f2bad6f9aad60643ee94b544804e03d78da
data/replay_corpus_v1_5m_4hr_audit/MNQ/MNQ_2026-05-06.jsonl	469088	719a3d4491243e9d536fc486f5853aeba29e3895e90a2b29a1f9ac0aa25fc19a
data/replay_corpus_v1_5m_4hr_audit/MNQ/MNQ_2026-05-07.jsonl	469549	d05c033bf612ae011c3eb4aa2516dfdc3a1e8c6719f0d1d07f1fcddcf38aae59
data/replay_corpus_v1_5m_4hr_audit/MNQ/MNQ_2026-05-08.jsonl	426668	1bf4a259d93edf2d590a906f3c18d4d640460d5346acb2caa3e1ce7f0c652c4c
data/replay_corpus_v1_5m_4hr_audit/MNQ/MNQ_2026-05-10.jsonl	40773	0adb7fe3166fbf7438bf4c879fcbf1cedefbd7fadac90699798e8335a8f01942
data/replay_corpus_v1_5m_4hr_audit/MNQ/MNQ_2026-05-11.jsonl	469559	1d727e49c6f0159bea67d69bb9ea10025be44cd88f4e3234d4e6578993534282
data/replay_corpus_v1_5m_4hr_audit/MNQ/MNQ_2026-05-12.jsonl	471295	8e3ececf418d2fbadb2c2b8d5873d92488e495e11762d4df425d9f98ec8fcfa7
data/replay_corpus_v1_5m_4hr_audit/MNQ/MNQ_2026-05-13.jsonl	470485	dbe9fe8c5e7995a033a908ed57e7a0472f347bfc389fb44c4a9f23aefee0f2b6
data/replay_corpus_v1_5m_4hr_audit/MNQ/MNQ_2026-05-14.jsonl	470146	e88d22fa36dc92040848aba6cfae30c6c8adc6b5ca02163622a08a5a6aa7ca2e
data/replay_corpus_v1_5m_4hr_audit/MNQ/MNQ_2026-05-15.jsonl	429936	ab205bb25c8db01166a183fbc10166bbdd8dc1e481d47230e2bd5d7f7488a60a
data/replay_corpus_v1_5m_4hr_audit/MNQ/MNQ_2026-05-17.jsonl	40904	33706e2389daea809b73d62f8fc8dd05c53b7672a428af65913167d3b9cbe8b1
data/replay_corpus_v1_5m_4hr_audit/MNQ/MNQ_2026-05-18.jsonl	470899	1656035c489a152452150447bf137da74f52e06d3eb3bfab27fd2d774d6c0f38
data/replay_corpus_v1_5m_4hr_audit/MNQ/MNQ_2026-05-19.jsonl	471739	ae408e2d1f67152a9132ae11f70f1baae863616ac0bb606b54b62a71813706e7
data/replay_corpus_v1_5m_4hr_audit/MNQ/MNQ_2026-05-20.jsonl	470035	c966850c0dd5696af284ccf62d04798df74cf453bc6661e908552a1eb437eaaf
data/replay_corpus_v1_5m_4hr_audit/MNQ/MNQ_2026-05-21.jsonl	470075	5f09aaa8ce1a6e72ea6bef6091e3794bb8eb443f9112acb81a1ecab2c382ccfa
data/replay_corpus_v1_5m_4hr_audit/MNQ/MNQ_2026-05-22.jsonl	429082	a5fdb994e79b25707ce76a10ddfcd90cd7d3be18f26fdb4c92933d2a7c965e37
data/replay_corpus_v1_5m_4hr_audit/MNQ/MNQ_2026-05-24.jsonl	40718	4548d92ce89d1a4dd317203d2d405b03d550b1214c61f384934f1cbe7dfd213f
data/replay_corpus_v1_5m_4hr_audit/MNQ/MNQ_2026-05-25.jsonl	387244	75bc92f066d2eb6aa6e4e3e4f05b688b3bfff6e1a9133d92cdb926ad142dd925
data/replay_corpus_v1_5m_4hr_audit/MNQ/MNQ_2026-05-26.jsonl	469055	70badc25e024b602d154be11ccc7927777bdd58ef4181e49b120ee970e31adf1
data/replay_corpus_v1_5m_4hr_audit/MNQ/MNQ_2026-05-27.jsonl	469422	3edd4837a89fa9ed2809704ac9ad585c4d2b9f951e023361e897bf22a4ea6a93
data/replay_corpus_v1_5m_4hr_audit/MNQ/MNQ_2026-05-28.jsonl	469479	71384206ff43b7f1d4d358a2dfd5361b5e40bf118d00c887bf3c5d7fcc298414
data/replay_corpus_v1_5m_4hr_audit/MNQ/MNQ_2026-05-29.jsonl	430042	33f45bb3cf5777e606e31058ca8f8f8237c4ba00e60b4916201527a605acf6df
data/replay_corpus_v1_5m_4hr_audit/MNQ/MNQ_2026-05-31.jsonl	40674	adb4b6be93bb4357a8ed542b79aa40020382c067aa618a0a9b16d618f3b61ac2
data/replay_corpus_v1_5m_4hr_audit/MNQ/MNQ_2026-06-01.jsonl	469415	ef9329f08b3247fb5bd663b60ece649babbaa8e318279d7f729271aad46eedb8
data/replay_corpus_v1_5m_4hr_audit/MNQ/MNQ_2026-06-02.jsonl	468905	43ae1a42edd9a77cba4932f10aea2dd1755cc812563bd253acdeabe4cc0ccfa9
data/replay_corpus_v1_5m_4hr_audit/MNQ/MNQ_2026-06-03.jsonl	470123	4540138ab73fe3deab2a6bcbc51304da2ba066b161c13ae0ee16e2d3428ccdc4
data/replay_corpus_v1_5m_4hr_audit/MNQ/MNQ_2026-06-04.jsonl	470801	6a84a11780371ae577a07f8ab3417262636cc3401449dbdff877dcc5bfada48b
data/replay_corpus_v1_5m_4hr_audit/MNQ/MNQ_2026-06-05.jsonl	430038	623ed3af52b09938d83e6ecfb2d08cc70ca0622619e940d159061d04b74dbc5b
data/replay_corpus_v1_5m_4hr_audit/MNQ/MNQ_2026-06-07.jsonl	40897	bd47a5462c6fdd19d7b890c3ff7003b785cad93c982ce60a705a58e3f2bc59bf
data/replay_corpus_v1_5m_4hr_audit/MNQ/MNQ_2026-06-08.jsonl	470283	d5c1f6b54e03f038670658450e11a177c2aa473ce0c6dd4cfcd877f2f5a99192
data/replay_corpus_v1_5m_4hr_audit/MNQ/MNQ_2026-06-09.jsonl	470369	23d8473a6f6546e0b4d655f593a8281285e94e8b7a5578efe19d0ac064a0e04e
data/replay_corpus_v1_5m_4hr_audit/MNQ/MNQ_2026-06-10.jsonl	471056	4689c682a677a63b51260d82a24bcc1dcec65a0d10dfcbb9b4c7db2789344c6d
data/replay_corpus_v1_5m_4hr_audit/MNQ/MNQ_2026-06-11.jsonl	468148	695dfd39c68ea616519a6360df59db5e5eaabab399fbc1b6044649b31a5b74c2
data/replay_corpus_v1_5m_4hr_audit/MNQ/MNQ_2026-06-12.jsonl	428525	e5576e49d36b65d881f4ce8bb6253e10f3dd6e3bf6538bb03d21ef7d66928f6f
data/replay_corpus_v1_5m_4hr_audit/MNQ/MNQ_2026-06-14.jsonl	40632	874458afd0d3c4d88240ffd5750bf0ed3db7039a56b5048af2a8fa49ea6fc71c
data/replay_corpus_v1_5m_4hr_audit/MNQ/MNQ_2026-06-15.jsonl	468460	768f67a63ffb292c98347d847f0daefd47ebe23df003978b89632d5f215353cf
data/replay_corpus_v1_5m_4hr_audit/MNQ/MNQ_2026-06-16.jsonl	470610	72da6ebb704b78a2ecc2e0bb18b8d56372ad8ab6ac65eefddb79e6ea511b63f9
data/replay_corpus_v1_5m_4hr_audit/MNQ/MNQ_2026-06-17.jsonl	470243	da18318929a4937cbd785b8cda70dd4f9076f29d4b2e1e15d66fe61739a9b4ec
data/replay_corpus_v1_5m_4hr_audit/MNQ/MNQ_2026-06-18.jsonl	470985	6341371169041c901c9f860ea52b32f2bc3e2b7aa0b5d8543b8f8e0d32f7378f
data/replay_corpus_v1_5m_4hr_audit/MNQ/MNQ_2026-06-19.jsonl	347314	14c1cb0244b80d638337884fbc525248fbb5845c74637a02f1b53c2323ba872d
data/replay_corpus_v1_5m_4hr_audit/MNQ/MNQ_2026-06-21.jsonl	40989	a650d9a835af6f60c824c0b45efe6a18a025705044663b70089227eead81a018
data/replay_corpus_v1_5m_4hr_audit/MNQ/MNQ_2026-06-22.jsonl	470965	8b0fc82d035a629d5a8c4ea75be331e01c5d04591a9697c7fdd1314a91d24307
data/replay_corpus_v1_5m_4hr_audit/MNQ/MNQ_2026-06-23.jsonl	470723	e784b1cfd54fcc2319189829e4ce8977d35671ee8417645f6e246fad98af4f33
data/replay_corpus_v1_5m_4hr_audit/MNQ/MNQ_2026-06-24.jsonl	471876	572b120420f124c5ca00a3fc2a08ec523206d212c1699a2695df5cf04b53b9d2
data/replay_corpus_v1_5m_4hr_audit/MNQ/MNQ_2026-06-25.jsonl	470814	aa30f10ed48791d733cb083644429fc94de53c4e06dae0c79a74dc62d06a9303
data/replay_corpus_v1_5m_4hr_audit/MNQ/MNQ_2026-06-26.jsonl	428977	55d219ed0ea805910b5a1d471c4ab0c5b630be491957990067851cf41afa9dc0
