population,family,symbol,direction,clock_bucket,family_n,family_1R,family_2R,other_families_n,other_1R,other_2R
PRIMARY_20,STRAT_222_REVERSAL,AAPL,LONG,early_14:30-16:00,1,1,0,4,3,1
PRIMARY_20,STRAT_212_REVERSAL,AAPL,LONG,early_14:30-16:00,1,1,0,4,3,1
PRIMARY_20,OTHER:strat_122,AAPL,LONG,early_14:30-16:00,1,1,0,4,3,1
PRIMARY_20,OTHER:strat_22_continuation,AAPL,LONG,early_14:30-16:00,1,0,0,4,4,1
PRIMARY_20,STRAT_212_CONTINUATION,AAPL,LONG,early_14:30-16:00,1,1,1,4,3,0
PRIMARY_20,STRAT_222_REVERSAL,AAPL,LONG,later,1,0,0,10,6,2
PRIMARY_20,STRAT_212_REVERSAL,AAPL,LONG,later,1,1,1,10,5,1
PRIMARY_20,STRAT_222_CONTINUATION,AAPL,LONG,later,3,1,0,8,5,2
PRIMARY_20,OTHER:strat_122,AAPL,LONG,later,1,1,0,10,5,2
PRIMARY_20,OTHER:strat_outside_continuation,AAPL,LONG,later,2,1,0,9,5,2
PRIMARY_20,STRAT_322_REVERSAL,AAPL,LONG,later,1,1,0,10,5,2
PRIMARY_20,OTHER:strat_22_continuation,AAPL,LONG,later,1,0,0,10,6,2
PRIMARY_20,STRAT_212_CONTINUATION,AAPL,LONG,later,1,1,1,10,5,1
PRIMARY_20,STRAT_222_CONTINUATION,AAPL,LONG,opening_14:00,1,1,1,1,1,1
PRIMARY_20,OTHER:strat_122,AAPL,LONG,opening_14:00,1,1,1,1,1,1
PRIMARY_20,STRAT_222_REVERSAL,AAPL,SHORT,early_14:30-16:00,1,1,1,4,1,0
PRIMARY_20,OTHER:strat_outside_continuation,AAPL,SHORT,early_14:30-16:00,1,1,0,4,1,1
PRIMARY_20,STRAT_312,AAPL,SHORT,early_14:30-16:00,1,0,0,4,2,1
PRIMARY_20,STRAT_322_CONTINUATION,AAPL,SHORT,early_14:30-16:00,1,0,0,4,2,1
PRIMARY_20,STRAT_212_CONTINUATION,AAPL,SHORT,early_14:30-16:00,1,0,0,4,2,1
PRIMARY_20,STRAT_222_REVERSAL,AAPL,SHORT,later,2,0,0,12,2,0
PRIMARY_20,STRAT_212_REVERSAL,AAPL,SHORT,later,2,1,0,12,1,0
PRIMARY_20,STRAT_222_CONTINUATION,AAPL,SHORT,later,3,0,0,11,2,0
PRIMARY_20,OTHER:strat_122,AAPL,SHORT,later,1,0,0,13,2,0
PRIMARY_20,OTHER:strat_outside_continuation,AAPL,SHORT,later,2,1,0,12,1,0
PRIMARY_20,STRAT_322_REVERSAL,AAPL,SHORT,later,1,0,0,13,2,0
PRIMARY_20,STRAT_312,AAPL,SHORT,later,1,0,0,13,2,0
PRIMARY_20,OTHER:strat_22_continuation,AAPL,SHORT,later,1,0,0,13,2,0
PRIMARY_20,STRAT_322_CONTINUATION,AAPL,SHORT,later,1,0,0,13,2,0
PRIMARY_20,STRAT_222_CONTINUATION,AAPL,SHORT,opening_14:00,1,1,1,0,0,0
PRIMARY_20,STRAT_222_REVERSAL,AMZN,LONG,early_14:30-16:00,2,1,0,6,2,1
PRIMARY_20,STRAT_212_REVERSAL,AMZN,LONG,early_14:30-16:00,2,0,0,6,3,1
PRIMARY_20,STRAT_222_CONTINUATION,AMZN,LONG,early_14:30-16:00,2,0,0,6,3,1
PRIMARY_20,OTHER:strat_22_continuation,AMZN,LONG,early_14:30-16:00,1,1,0,7,2,1
PRIMARY_20,OTHER:strat_inside_break,AMZN,LONG,early_14:30-16:00,1,1,1,7,2,0
PRIMARY_20,STRAT_222_REVERSAL,AMZN,LONG,later,3,0,0,10,2,1
PRIMARY_20,STRAT_212_REVERSAL,AMZN,LONG,later,1,0,0,12,2,1
PRIMARY_20,STRAT_222_CONTINUATION,AMZN,LONG,later,2,0,0,11,2,1
PRIMARY_20,OTHER:strat_122,AMZN,LONG,later,2,1,1,11,1,0
PRIMARY_20,OTHER:strat_outside_continuation,AMZN,LONG,later,2,0,0,11,2,1
PRIMARY_20,STRAT_312,AMZN,LONG,later,1,0,0,12,2,1
PRIMARY_20,OTHER:strat_22_continuation,AMZN,LONG,later,1,0,0,12,2,1
PRIMARY_20,STRAT_322_CONTINUATION,AMZN,LONG,later,1,1,0,12,1,1
PRIMARY_20,STRAT_222_REVERSAL,AMZN,LONG,opening_14:00,1,1,1,0,0,0
PRIMARY_20,STRAT_222_REVERSAL,AMZN,SHORT,early_14:30-16:00,1,0,0,2,1,1
PRIMARY_20,STRAT_222_CONTINUATION,AMZN,SHORT,early_14:30-16:00,1,1,1,2,0,0
PRIMARY_20,OTHER:strat_122,AMZN,SHORT,early_14:30-16:00,1,0,0,2,1,1
PRIMARY_20,STRAT_222_REVERSAL,AMZN,SHORT,later,3,2,1,10,6,4
PRIMARY_20,STRAT_212_REVERSAL,AMZN,SHORT,later,3,2,1,10,6,4
PRIMARY_20,STRAT_222_CONTINUATION,AMZN,SHORT,later,1,0,0,12,8,5
PRIMARY_20,OTHER:strat_122,AMZN,SHORT,later,1,1,1,12,7,4
PRIMARY_20,OTHER:strat_22_continuation,AMZN,SHORT,later,3,2,1,10,6,4
PRIMARY_20,OTHER:strat_inside_break,AMZN,SHORT,later,1,0,0,12,8,5
PRIMARY_20,STRAT_212_CONTINUATION,AMZN,SHORT,later,1,1,1,12,7,4
PRIMARY_20,STRAT_222_REVERSAL,AMZN,SHORT,opening_14:00,2,2,2,2,2,2
PRIMARY_20,STRAT_222_CONTINUATION,AMZN,SHORT,opening_14:00,1,1,1,3,3,3
PRIMARY_20,OTHER:strat_outside_continuation,AMZN,SHORT,opening_14:00,1,1,1,3,3,3
PRIMARY_20,STRAT_222_REVERSAL,BAC,LONG,early_14:30-16:00,1,0,0,5,2,1
PRIMARY_20,STRAT_212_REVERSAL,BAC,LONG,early_14:30-16:00,1,1,0,5,1,1
PRIMARY_20,STRAT_222_CONTINUATION,BAC,LONG,early_14:30-16:00,1,0,0,5,2,1
PRIMARY_20,STRAT_322_REVERSAL,BAC,LONG,early_14:30-16:00,1,1,1,5,1,0
PRIMARY_20,OTHER:strat_22_continuation,BAC,LONG,early_14:30-16:00,1,0,0,5,2,1
PRIMARY_20,OTHER:strat_inside_break,BAC,LONG,early_14:30-16:00,1,0,0,5,2,1
PRIMARY_20,STRAT_222_REVERSAL,BAC,LONG,later,2,2,1,12,5,3
PRIMARY_20,STRAT_212_REVERSAL,BAC,LONG,later,1,1,1,13,6,3
PRIMARY_20,STRAT_222_CONTINUATION,BAC,LONG,later,2,1,0,12,6,4
PRIMARY_20,OTHER:strat_122,BAC,LONG,later,1,0,0,13,7,4
PRIMARY_20,OTHER:strat_outside_continuation,BAC,LONG,later,2,0,0,12,7,4
PRIMARY_20,STRAT_312,BAC,LONG,later,1,1,0,13,6,4
PRIMARY_20,OTHER:strat_22_continuation,BAC,LONG,later,2,1,1,12,6,3
PRIMARY_20,STRAT_212_CONTINUATION,BAC,LONG,later,3,1,1,11,6,3
PRIMARY_20,STRAT_322_CONTINUATION,BAC,LONG,opening_14:00,2,1,1,0,0,0
PRIMARY_20,STRAT_222_REVERSAL,BAC,SHORT,early_14:30-16:00,3,1,1,5,2,1
PRIMARY_20,STRAT_212_REVERSAL,BAC,SHORT,early_14:30-16:00,1,1,0,7,2,2
PRIMARY_20,STRAT_222_CONTINUATION,BAC,SHORT,early_14:30-16:00,2,0,0,6,3,2
PRIMARY_20,OTHER:strat_outside_continuation,BAC,SHORT,early_14:30-16:00,1,0,0,7,3,2
PRIMARY_20,OTHER:strat_22_continuation,BAC,SHORT,early_14:30-16:00,1,1,1,7,2,1
PRIMARY_20,STRAT_222_REVERSAL,BAC,SHORT,later,1,0,0,10,4,1
PRIMARY_20,STRAT_212_REVERSAL,BAC,SHORT,later,1,1,0,10,3,1
PRIMARY_20,STRAT_222_CONTINUATION,BAC,SHORT,later,3,1,0,8,3,1
PRIMARY_20,OTHER:strat_122,BAC,SHORT,later,2,2,1,9,2,0
PRIMARY_20,OTHER:strat_outside_continuation,BAC,SHORT,later,1,0,0,10,4,1
PRIMARY_20,OTHER:strat_22_continuation,BAC,SHORT,later,1,0,0,10,4,1
PRIMARY_20,STRAT_212_CONTINUATION,BAC,SHORT,later,2,0,0,9,4,1
PRIMARY_20,STRAT_222_CONTINUATION,BAC,SHORT,opening_14:00,1,1,1,1,1,1
PRIMARY_20,OTHER:strat_outside_continuation,BAC,SHORT,opening_14:00,1,1,1,1,1,1
PRIMARY_20,STRAT_222_REVERSAL,COIN,LONG,early_14:30-16:00,2,1,0,5,1,1
PRIMARY_20,STRAT_222_CONTINUATION,COIN,LONG,early_14:30-16:00,2,0,0,5,2,1
PRIMARY_20,OTHER:strat_122,COIN,LONG,early_14:30-16:00,1,1,1,6,1,0
PRIMARY_20,STRAT_322_REVERSAL,COIN,LONG,early_14:30-16:00,1,0,0,6,2,1
PRIMARY_20,OTHER:strat_inside_break,COIN,LONG,early_14:30-16:00,1,0,0,6,2,1
PRIMARY_20,STRAT_222_REVERSAL,COIN,LONG,later,1,0,0,8,1,0
PRIMARY_20,STRAT_212_REVERSAL,COIN,LONG,later,3,0,0,6,1,0
PRIMARY_20,STRAT_222_CONTINUATION,COIN,LONG,later,1,0,0,8,1,0
PRIMARY_20,OTHER:strat_outside_continuation,COIN,LONG,later,1,0,0,8,1,0
PRIMARY_20,OTHER:strat_22_continuation,COIN,LONG,later,2,0,0,7,1,0
PRIMARY_20,STRAT_212_CONTINUATION,COIN,LONG,later,1,1,0,8,0,0
PRIMARY_20,STRAT_222_REVERSAL,COIN,LONG,opening_14:00,2,2,2,1,1,1
PRIMARY_20,OTHER:strat_outside_continuation,COIN,LONG,opening_14:00,1,1,1,2,2,2
PRIMARY_20,STRAT_222_REVERSAL,COIN,SHORT,early_14:30-16:00,2,1,0,4,3,1
PRIMARY_20,STRAT_212_REVERSAL,COIN,SHORT,early_14:30-16:00,2,1,1,4,3,0
PRIMARY_20,STRAT_222_CONTINUATION,COIN,SHORT,early_14:30-16:00,1,1,0,5,3,1
PRIMARY_20,OTHER:strat_22_continuation,COIN,SHORT,early_14:30-16:00,1,1,0,5,3,1
PRIMARY_20,STRAT_222_REVERSAL,COIN,SHORT,later,4,2,2,14,7,4
PRIMARY_20,STRAT_222_CONTINUATION,COIN,SHORT,later,5,3,2,13,6,4
PRIMARY_20,OTHER:strat_122,COIN,SHORT,later,3,2,1,15,7,5
PRIMARY_20,STRAT_322_REVERSAL,COIN,SHORT,later,1,1,0,17,8,6
PRIMARY_20,OTHER:strat_22_continuation,COIN,SHORT,later,2,0,0,16,9,6
PRIMARY_20,OTHER:strat_inside_break,COIN,SHORT,later,1,1,1,17,8,5
PRIMARY_20,STRAT_212_CONTINUATION,COIN,SHORT,later,2,0,0,16,9,6
PRIMARY_20,OTHER:strat_outside_continuation,COIN,SHORT,opening_14:00,1,1,0,1,1,1
PRIMARY_20,STRAT_312,COIN,SHORT,opening_14:00,1,1,1,1,1,0
PRIMARY_20,STRAT_222_REVERSAL,GE,LONG,early_14:30-16:00,3,2,0,2,2,1
PRIMARY_20,OTHER:strat_22_continuation,GE,LONG,early_14:30-16:00,1,1,0,4,3,1
PRIMARY_20,OTHER:strat_inside_break,GE,LONG,early_14:30-16:00,1,1,1,4,3,0
PRIMARY_20,STRAT_222_REVERSAL,GE,LONG,later,4,3,1,9,2,2
PRIMARY_20,STRAT_212_REVERSAL,GE,LONG,later,1,0,0,12,5,3
PRIMARY_20,STRAT_222_CONTINUATION,GE,LONG,later,3,0,0,10,5,3
PRIMARY_20,OTHER:strat_122,GE,LONG,later,2,0,0,11,5,3
PRIMARY_20,OTHER:strat_outside_continuation,GE,LONG,later,1,0,0,12,5,3
PRIMARY_20,OTHER:strat_22_continuation,GE,LONG,later,1,1,1,12,4,2
PRIMARY_20,STRAT_212_CONTINUATION,GE,LONG,later,1,1,1,12,4,2
PRIMARY_20,STRAT_222_CONTINUATION,GE,LONG,opening_14:00,1,1,1,0,0,0
PRIMARY_20,STRAT_222_REVERSAL,GE,SHORT,early_14:30-16:00,1,0,0,7,4,1
PRIMARY_20,STRAT_212_REVERSAL,GE,SHORT,early_14:30-16:00,2,1,0,6,3,1
PRIMARY_20,STRAT_222_CONTINUATION,GE,SHORT,early_14:30-16:00,2,1,0,6,3,1
PRIMARY_20,OTHER:strat_outside_continuation,GE,SHORT,early_14:30-16:00,1,0,0,7,4,1
PRIMARY_20,OTHER:strat_22_continuation,GE,SHORT,early_14:30-16:00,1,1,0,7,3,1
PRIMARY_20,STRAT_322_CONTINUATION,GE,SHORT,early_14:30-16:00,1,1,1,7,3,0
PRIMARY_20,STRAT_222_REVERSAL,GE,SHORT,later,4,0,0,10,5,2
PRIMARY_20,STRAT_212_REVERSAL,GE,SHORT,later,3,3,2,11,2,0
PRIMARY_20,STRAT_222_CONTINUATION,GE,SHORT,later,3,1,0,11,4,2
PRIMARY_20,OTHER:strat_122,GE,SHORT,later,1,0,0,13,5,2
PRIMARY_20,OTHER:strat_outside_continuation,GE,SHORT,later,1,0,0,13,5,2
PRIMARY_20,STRAT_322_REVERSAL,GE,SHORT,later,1,0,0,13,5,2
PRIMARY_20,OTHER:strat_22_continuation,GE,SHORT,later,1,1,0,13,4,2
PRIMARY_20,STRAT_222_CONTINUATION,GE,SHORT,opening_14:00,3,3,3,0,0,0
PRIMARY_20,STRAT_222_REVERSAL,GOOGL,LONG,early_14:30-16:00,1,1,0,4,3,2
PRIMARY_20,STRAT_222_CONTINUATION,GOOGL,LONG,early_14:30-16:00,1,0,0,4,4,2
PRIMARY_20,OTHER:strat_122,GOOGL,LONG,early_14:30-16:00,1,1,0,4,3,2
PRIMARY_20,OTHER:strat_inside_break,GOOGL,LONG,early_14:30-16:00,2,2,2,3,2,0
PRIMARY_20,STRAT_222_REVERSAL,GOOGL,LONG,later,2,1,0,15,10,4
PRIMARY_20,STRAT_212_REVERSAL,GOOGL,LONG,later,1,1,1,16,10,3
PRIMARY_20,STRAT_222_CONTINUATION,GOOGL,LONG,later,3,2,0,14,9,4
PRIMARY_20,OTHER:strat_outside_continuation,GOOGL,LONG,later,1,1,0,16,10,4
PRIMARY_20,STRAT_322_REVERSAL,GOOGL,LONG,later,1,0,0,16,11,4
PRIMARY_20,STRAT_312,GOOGL,LONG,later,1,0,0,16,11,4
PRIMARY_20,OTHER:strat_22_continuation,GOOGL,LONG,later,5,3,1,12,8,3
PRIMARY_20,STRAT_212_CONTINUATION,GOOGL,LONG,later,3,3,2,14,8,2
PRIMARY_20,STRAT_222_CONTINUATION,GOOGL,LONG,opening_14:00,1,1,1,1,1,1
PRIMARY_20,OTHER:strat_122,GOOGL,LONG,opening_14:00,1,1,1,1,1,1
PRIMARY_20,STRAT_222_REVERSAL,GOOGL,SHORT,early_14:30-16:00,1,1,0,5,1,0
PRIMARY_20,STRAT_222_CONTINUATION,GOOGL,SHORT,early_14:30-16:00,3,0,0,3,2,0
PRIMARY_20,OTHER:strat_outside_continuation,GOOGL,SHORT,early_14:30-16:00,1,0,0,5,2,0
PRIMARY_20,STRAT_212_CONTINUATION,GOOGL,SHORT,early_14:30-16:00,1,1,0,5,1,0
PRIMARY_20,STRAT_222_REVERSAL,GOOGL,SHORT,later,2,1,1,7,4,2
PRIMARY_20,STRAT_212_REVERSAL,GOOGL,SHORT,later,2,1,1,7,4,2
PRIMARY_20,STRAT_222_CONTINUATION,GOOGL,SHORT,later,2,1,1,7,4,2
PRIMARY_20,STRAT_322_REVERSAL,GOOGL,SHORT,later,1,0,0,8,5,3
PRIMARY_20,OTHER:strat_22_continuation,GOOGL,SHORT,later,1,1,0,8,4,3
PRIMARY_20,STRAT_212_CONTINUATION,GOOGL,SHORT,later,1,1,0,8,4,3
PRIMARY_20,STRAT_222_REVERSAL,GOOGL,SHORT,opening_14:00,2,2,2,1,1,1
PRIMARY_20,STRAT_222_CONTINUATION,GOOGL,SHORT,opening_14:00,1,1,1,2,2,2
PRIMARY_20,STRAT_222_REVERSAL,INTC,LONG,early_14:30-16:00,2,1,0,7,1,0
PRIMARY_20,STRAT_212_REVERSAL,INTC,LONG,early_14:30-16:00,1,1,0,8,1,0
PRIMARY_20,STRAT_222_CONTINUATION,INTC,LONG,early_14:30-16:00,2,0,0,7,2,0
PRIMARY_20,OTHER:strat_outside_continuation,INTC,LONG,early_14:30-16:00,1,0,0,8,2,0
PRIMARY_20,OTHER:strat_22_continuation,INTC,LONG,early_14:30-16:00,1,0,0,8,2,0
PRIMARY_20,OTHER:strat_inside_break,INTC,LONG,early_14:30-16:00,1,0,0,8,2,0
PRIMARY_20,STRAT_322_CONTINUATION,INTC,LONG,early_14:30-16:00,1,0,0,8,2,0
PRIMARY_20,STRAT_222_REVERSAL,INTC,LONG,later,3,0,0,11,3,0
PRIMARY_20,STRAT_222_CONTINUATION,INTC,LONG,later,4,0,0,10,3,0
PRIMARY_20,OTHER:strat_122,INTC,LONG,later,1,1,0,13,2,0
PRIMARY_20,OTHER:strat_outside_continuation,INTC,LONG,later,2,0,0,12,3,0
PRIMARY_20,STRAT_312,INTC,LONG,later,1,1,0,13,2,0
PRIMARY_20,OTHER:strat_22_continuation,INTC,LONG,later,1,1,0,13,2,0
PRIMARY_20,STRAT_322_CONTINUATION,INTC,LONG,later,1,0,0,13,3,0
PRIMARY_20,STRAT_212_CONTINUATION,INTC,LONG,later,1,0,0,13,3,0
PRIMARY_20,STRAT_222_REVERSAL,INTC,LONG,opening_14:00,2,2,2,0,0,0
PRIMARY_20,STRAT_222_REVERSAL,INTC,SHORT,early_14:30-16:00,1,0,0,2,1,0
PRIMARY_20,STRAT_212_REVERSAL,INTC,SHORT,early_14:30-16:00,1,1,0,2,0,0
PRIMARY_20,OTHER:strat_22_continuation,INTC,SHORT,early_14:30-16:00,1,0,0,2,1,0
PRIMARY_20,STRAT_222_REVERSAL,INTC,SHORT,later,3,3,3,14,8,2
PRIMARY_20,STRAT_212_REVERSAL,INTC,SHORT,later,1,1,0,16,10,5
PRIMARY_20,STRAT_222_CONTINUATION,INTC,SHORT,later,5,2,0,12,9,5
PRIMARY_20,OTHER:strat_122,INTC,SHORT,later,2,2,1,15,9,4
PRIMARY_20,OTHER:strat_outside_continuation,INTC,SHORT,later,2,2,0,15,9,5
PRIMARY_20,OTHER:strat_22_continuation,INTC,SHORT,later,1,0,0,16,11,5
PRIMARY_20,OTHER:strat_inside_break,INTC,SHORT,later,1,0,0,16,11,5
PRIMARY_20,STRAT_322_CONTINUATION,INTC,SHORT,later,1,0,0,16,11,5
PRIMARY_20,STRAT_212_CONTINUATION,INTC,SHORT,later,1,1,1,16,10,4
PRIMARY_20,STRAT_222_REVERSAL,INTC,SHORT,opening_14:00,1,1,1,1,1,1
PRIMARY_20,STRAT_222_CONTINUATION,INTC,SHORT,opening_14:00,1,1,1,1,1,1
PRIMARY_20,STRAT_222_REVERSAL,IWM,LONG,early_14:30-16:00,1,0,0,3,2,1
PRIMARY_20,STRAT_212_REVERSAL,IWM,LONG,early_14:30-16:00,2,1,1,2,1,0
PRIMARY_20,OTHER:strat_outside_continuation,IWM,LONG,early_14:30-16:00,1,1,0,3,1,1
PRIMARY_20,STRAT_222_REVERSAL,IWM,LONG,later,1,0,0,6,1,0
PRIMARY_20,STRAT_212_REVERSAL,IWM,LONG,later,1,0,0,6,1,0
PRIMARY_20,STRAT_222_CONTINUATION,IWM,LONG,later,1,0,0,6,1,0
PRIMARY_20,OTHER:strat_122,IWM,LONG,later,2,1,0,5,0,0
PRIMARY_20,OTHER:strat_outside_continuation,IWM,LONG,later,1,0,0,6,1,0
PRIMARY_20,STRAT_322_CONTINUATION,IWM,LONG,later,1,0,0,6,1,0
PRIMARY_20,STRAT_222_CONTINUATION,IWM,LONG,opening_14:00,1,1,1,0,0,0
PRIMARY_20,STRAT_222_REVERSAL,IWM,SHORT,early_14:30-16:00,2,0,0,4,3,0
PRIMARY_20,STRAT_222_CONTINUATION,IWM,SHORT,early_14:30-16:00,2,1,0,4,2,0
PRIMARY_20,STRAT_312,IWM,SHORT,early_14:30-16:00,1,1,0,5,2,0
PRIMARY_20,OTHER:strat_22_continuation,IWM,SHORT,early_14:30-16:00,1,1,0,5,2,0
PRIMARY_20,STRAT_222_REVERSAL,IWM,SHORT,later,3,2,1,16,9,0
PRIMARY_20,STRAT_222_CONTINUATION,IWM,SHORT,later,6,4,0,13,7,1
PRIMARY_20,OTHER:strat_122,IWM,SHORT,later,2,1,0,17,10,1
PRIMARY_20,STRAT_322_REVERSAL,IWM,SHORT,later,1,0,0,18,11,1
PRIMARY_20,OTHER:strat_22_continuation,IWM,SHORT,later,2,2,0,17,9,1
PRIMARY_20,OTHER:strat_inside_break,IWM,SHORT,later,2,1,0,17,10,1
PRIMARY_20,STRAT_212_CONTINUATION,IWM,SHORT,later,3,1,0,16,10,1
PRIMARY_20,STRAT_222_CONTINUATION,IWM,SHORT,opening_14:00,3,3,3,1,1,1
PRIMARY_20,OTHER:strat_22_continuation,IWM,SHORT,opening_14:00,1,1,1,3,3,3
PRIMARY_20,STRAT_222_REVERSAL,JPM,LONG,early_14:30-16:00,1,0,0,4,0,0
PRIMARY_20,STRAT_212_REVERSAL,JPM,LONG,early_14:30-16:00,1,0,0,4,0,0
PRIMARY_20,STRAT_222_CONTINUATION,JPM,LONG,early_14:30-16:00,1,0,0,4,0,0
PRIMARY_20,OTHER:strat_22_continuation,JPM,LONG,early_14:30-16:00,1,0,0,4,0,0
PRIMARY_20,OTHER:strat_inside_break,JPM,LONG,early_14:30-16:00,1,0,0,4,0,0
PRIMARY_20,STRAT_222_REVERSAL,JPM,LONG,later,5,4,1,9,2,0
PRIMARY_20,STRAT_212_REVERSAL,JPM,LONG,later,1,0,0,13,6,1
PRIMARY_20,STRAT_222_CONTINUATION,JPM,LONG,later,1,0,0,13,6,1
PRIMARY_20,OTHER:strat_122,JPM,LONG,later,1,0,0,13,6,1
PRIMARY_20,OTHER:strat_outside_continuation,JPM,LONG,later,1,0,0,13,6,1
PRIMARY_20,STRAT_312,JPM,LONG,later,1,1,0,13,5,1
PRIMARY_20,OTHER:strat_22_continuation,JPM,LONG,later,1,0,0,13,6,1
PRIMARY_20,STRAT_322_CONTINUATION,JPM,LONG,later,1,0,0,13,6,1
PRIMARY_20,STRAT_212_CONTINUATION,JPM,LONG,later,2,1,0,12,5,1
PRIMARY_20,STRAT_222_CONTINUATION,JPM,LONG,opening_14:00,1,1,1,0,0,0
PRIMARY_20,STRAT_222_REVERSAL,JPM,SHORT,early_14:30-16:00,2,0,0,5,4,2
PRIMARY_20,STRAT_222_CONTINUATION,JPM,SHORT,early_14:30-16:00,2,1,1,5,3,1
PRIMARY_20,OTHER:strat_outside_continuation,JPM,SHORT,early_14:30-16:00,1,1,0,6,3,2
PRIMARY_20,STRAT_322_CONTINUATION,JPM,SHORT,early_14:30-16:00,1,1,0,6,3,2
PRIMARY_20,STRAT_212_CONTINUATION,JPM,SHORT,early_14:30-16:00,1,1,1,6,3,1
PRIMARY_20,STRAT_222_REVERSAL,JPM,SHORT,later,1,0,0,11,2,1
PRIMARY_20,STRAT_212_REVERSAL,JPM,SHORT,later,1,0,0,11,2,1
PRIMARY_20,STRAT_222_CONTINUATION,JPM,SHORT,later,1,1,0,11,1,1
PRIMARY_20,OTHER:strat_122,JPM,SHORT,later,3,1,1,9,1,0
PRIMARY_20,OTHER:strat_outside_continuation,JPM,SHORT,later,3,0,0,9,2,1
PRIMARY_20,STRAT_322_CONTINUATION,JPM,SHORT,later,2,0,0,10,2,1
PRIMARY_20,STRAT_212_CONTINUATION,JPM,SHORT,later,1,0,0,11,2,1
PRIMARY_20,STRAT_222_CONTINUATION,JPM,SHORT,opening_14:00,2,2,2,1,1,1
PRIMARY_20,OTHER:strat_22_continuation,JPM,SHORT,opening_14:00,1,1,1,2,2,2
PRIMARY_20,STRAT_222_REVERSAL,MRK,LONG,early_14:30-16:00,1,0,0,7,4,0
PRIMARY_20,STRAT_212_REVERSAL,MRK,LONG,early_14:30-16:00,2,1,0,6,3,0
PRIMARY_20,STRAT_222_CONTINUATION,MRK,LONG,early_14:30-16:00,1,0,0,7,4,0
PRIMARY_20,OTHER:strat_122,MRK,LONG,early_14:30-16:00,1,1,0,7,3,0
PRIMARY_20,OTHER:strat_outside_continuation,MRK,LONG,early_14:30-16:00,2,1,0,6,3,0
PRIMARY_20,OTHER:strat_22_continuation,MRK,LONG,early_14:30-16:00,1,1,0,7,3,0
PRIMARY_20,STRAT_222_REVERSAL,MRK,LONG,later,1,1,0,9,3,1
PRIMARY_20,STRAT_212_REVERSAL,MRK,LONG,later,1,1,0,9,3,1
PRIMARY_20,STRAT_222_CONTINUATION,MRK,LONG,later,3,2,1,7,2,0
PRIMARY_20,OTHER:strat_outside_continuation,MRK,LONG,later,1,0,0,9,4,1
PRIMARY_20,STRAT_312,MRK,LONG,later,1,0,0,9,4,1
PRIMARY_20,OTHER:strat_22_continuation,MRK,LONG,later,1,0,0,9,4,1
PRIMARY_20,STRAT_212_CONTINUATION,MRK,LONG,later,2,0,0,8,4,1
PRIMARY_20,OTHER:strat_outside_continuation,MRK,LONG,opening_14:00,1,1,1,0,0,0
PRIMARY_20,OTHER:strat_outside_continuation,MRK,SHORT,early_14:30-16:00,2,0,0,3,0,0
PRIMARY_20,STRAT_322_REVERSAL,MRK,SHORT,early_14:30-16:00,1,0,0,4,0,0
PRIMARY_20,STRAT_322_CONTINUATION,MRK,SHORT,early_14:30-16:00,1,0,0,4,0,0
PRIMARY_20,STRAT_212_CONTINUATION,MRK,SHORT,early_14:30-16:00,1,0,0,4,0,0
PRIMARY_20,STRAT_222_REVERSAL,MRK,SHORT,later,1,0,0,9,3,1
PRIMARY_20,STRAT_212_REVERSAL,MRK,SHORT,later,2,2,0,8,1,1
PRIMARY_20,OTHER:strat_122,MRK,SHORT,later,1,0,0,9,3,1
PRIMARY_20,OTHER:strat_outside_continuation,MRK,SHORT,later,1,0,0,9,3,1
PRIMARY_20,STRAT_322_REVERSAL,MRK,SHORT,later,1,0,0,9,3,1
PRIMARY_20,STRAT_312,MRK,SHORT,later,1,1,1,9,2,0
PRIMARY_20,OTHER:strat_22_continuation,MRK,SHORT,later,2,0,0,8,3,1
PRIMARY_20,STRAT_212_CONTINUATION,MRK,SHORT,later,1,0,0,9,3,1
PRIMARY_20,STRAT_222_CONTINUATION,MRK,SHORT,opening_14:00,1,1,1,1,1,1
PRIMARY_20,OTHER:strat_outside_continuation,MRK,SHORT,opening_14:00,1,1,1,1,1,1
PRIMARY_20,STRAT_222_REVERSAL,MSFT,LONG,early_14:30-16:00,1,1,1,9,4,0
PRIMARY_20,STRAT_212_REVERSAL,MSFT,LONG,early_14:30-16:00,2,2,0,8,3,1
PRIMARY_20,STRAT_222_CONTINUATION,MSFT,LONG,early_14:30-16:00,3,1,0,7,4,1
PRIMARY_20,OTHER:strat_122,MSFT,LONG,early_14:30-16:00,1,0,0,9,5,1
PRIMARY_20,OTHER:strat_outside_continuation,MSFT,LONG,early_14:30-16:00,1,1,0,9,4,1
PRIMARY_20,STRAT_322_REVERSAL,MSFT,LONG,early_14:30-16:00,1,0,0,9,5,1
PRIMARY_20,STRAT_212_CONTINUATION,MSFT,LONG,early_14:30-16:00,1,0,0,9,5,1
PRIMARY_20,STRAT_222_REVERSAL,MSFT,LONG,later,1,0,0,10,4,2
PRIMARY_20,STRAT_222_CONTINUATION,MSFT,LONG,later,3,0,0,8,4,2
PRIMARY_20,OTHER:strat_122,MSFT,LONG,later,1,1,0,10,3,2
PRIMARY_20,OTHER:strat_outside_continuation,MSFT,LONG,later,1,0,0,10,4,2
PRIMARY_20,OTHER:strat_22_continuation,MSFT,LONG,later,2,1,0,9,3,2
PRIMARY_20,OTHER:strat_inside_break,MSFT,LONG,later,1,1,1,10,3,1
PRIMARY_20,STRAT_322_CONTINUATION,MSFT,LONG,later,1,0,0,10,4,2
PRIMARY_20,STRAT_212_CONTINUATION,MSFT,LONG,later,1,1,1,10,3,1
PRIMARY_20,STRAT_222_CONTINUATION,MSFT,LONG,opening_14:00,1,1,1,0,0,0
PRIMARY_20,STRAT_222_REVERSAL,MSFT,SHORT,early_14:30-16:00,1,0,0,5,1,0
PRIMARY_20,STRAT_212_REVERSAL,MSFT,SHORT,early_14:30-16:00,1,0,0,5,1,0
PRIMARY_20,OTHER:strat_122,MSFT,SHORT,early_14:30-16:00,1,1,0,5,0,0
PRIMARY_20,OTHER:strat_outside_continuation,MSFT,SHORT,early_14:30-16:00,1,0,0,5,1,0
PRIMARY_20,STRAT_322_REVERSAL,MSFT,SHORT,early_14:30-16:00,1,0,0,5,1,0
PRIMARY_20,STRAT_322_CONTINUATION,MSFT,SHORT,early_14:30-16:00,1,0,0,5,1,0
PRIMARY_20,STRAT_222_REVERSAL,MSFT,SHORT,later,2,2,1,13,7,2
PRIMARY_20,STRAT_212_REVERSAL,MSFT,SHORT,later,2,1,0,13,8,3
PRIMARY_20,STRAT_222_CONTINUATION,MSFT,SHORT,later,5,3,1,10,6,2
PRIMARY_20,OTHER:strat_outside_continuation,MSFT,SHORT,later,1,1,0,14,8,3
PRIMARY_20,OTHER:strat_22_continuation,MSFT,SHORT,later,2,1,0,13,8,3
PRIMARY_20,OTHER:strat_inside_break,MSFT,SHORT,later,1,1,1,14,8,2
PRIMARY_20,STRAT_322_CONTINUATION,MSFT,SHORT,later,1,0,0,14,9,3
PRIMARY_20,STRAT_212_CONTINUATION,MSFT,SHORT,later,1,0,0,14,9,3
PRIMARY_20,STRAT_222_CONTINUATION,MSFT,SHORT,opening_14:00,1,1,1,1,1,1
PRIMARY_20,OTHER:strat_outside_continuation,MSFT,SHORT,opening_14:00,1,1,1,1,1,1
PRIMARY_20,STRAT_222_REVERSAL,NFLX,LONG,early_14:30-16:00,1,0,0,6,4,2
PRIMARY_20,STRAT_212_REVERSAL,NFLX,LONG,early_14:30-16:00,2,0,0,5,4,2
PRIMARY_20,OTHER:strat_22_continuation,NFLX,LONG,early_14:30-16:00,2,2,1,5,2,1
PRIMARY_20,OTHER:strat_inside_break,NFLX,LONG,early_14:30-16:00,1,1,1,6,3,1
PRIMARY_20,STRAT_212_CONTINUATION,NFLX,LONG,early_14:30-16:00,1,1,0,6,3,2
PRIMARY_20,STRAT_222_REVERSAL,NFLX,LONG,later,3,1,1,9,5,3
PRIMARY_20,STRAT_212_REVERSAL,NFLX,LONG,later,2,1,0,10,5,4
PRIMARY_20,STRAT_222_CONTINUATION,NFLX,LONG,later,3,2,1,9,4,3
PRIMARY_20,OTHER:strat_outside_continuation,NFLX,LONG,later,1,0,0,11,6,4
PRIMARY_20,OTHER:strat_22_continuation,NFLX,LONG,later,2,1,1,10,5,3
PRIMARY_20,STRAT_212_CONTINUATION,NFLX,LONG,later,1,1,1,11,5,3
PRIMARY_20,STRAT_222_CONTINUATION,NFLX,LONG,opening_14:00,2,2,2,0,0,0
PRIMARY_20,STRAT_222_REVERSAL,NFLX,SHORT,early_14:30-16:00,1,0,0,3,1,0
PRIMARY_20,STRAT_212_REVERSAL,NFLX,SHORT,early_14:30-16:00,1,1,0,3,0,0
PRIMARY_20,STRAT_222_CONTINUATION,NFLX,SHORT,early_14:30-16:00,1,0,0,3,1,0
PRIMARY_20,OTHER:strat_122,NFLX,SHORT,early_14:30-16:00,1,0,0,3,1,0
PRIMARY_20,STRAT_222_REVERSAL,NFLX,SHORT,later,3,3,1,9,6,1
PRIMARY_20,STRAT_212_REVERSAL,NFLX,SHORT,later,1,1,1,11,8,1
PRIMARY_20,STRAT_222_CONTINUATION,NFLX,SHORT,later,3,2,0,9,7,2
PRIMARY_20,OTHER:strat_122,NFLX,SHORT,later,1,1,0,11,8,2
PRIMARY_20,STRAT_312,NFLX,SHORT,later,1,1,0,11,8,2
PRIMARY_20,OTHER:strat_22_continuation,NFLX,SHORT,later,3,1,0,9,8,2
PRIMARY_20,STRAT_222_REVERSAL,NFLX,SHORT,opening_14:00,1,1,1,2,2,1
PRIMARY_20,STRAT_222_CONTINUATION,NFLX,SHORT,opening_14:00,1,1,1,2,2,1
PRIMARY_20,OTHER:strat_outside_continuation,NFLX,SHORT,opening_14:00,1,1,0,2,2,2
PRIMARY_20,STRAT_222_REVERSAL,NVDA,LONG,early_14:30-16:00,1,0,0,4,1,1
PRIMARY_20,OTHER:strat_22_continuation,NVDA,LONG,early_14:30-16:00,2,0,0,3,1,1
PRIMARY_20,OTHER:strat_inside_break,NVDA,LONG,early_14:30-16:00,1,0,0,4,1,1
PRIMARY_20,STRAT_212_CONTINUATION,NVDA,LONG,early_14:30-16:00,1,1,1,4,0,0
PRIMARY_20,STRAT_222_REVERSAL,NVDA,LONG,later,3,1,0,8,1,0
PRIMARY_20,STRAT_212_REVERSAL,NVDA,LONG,later,1,0,0,10,2,0
PRIMARY_20,STRAT_222_CONTINUATION,NVDA,LONG,later,1,0,0,10,2,0
PRIMARY_20,OTHER:strat_outside_continuation,NVDA,LONG,later,1,0,0,10,2,0
PRIMARY_20,STRAT_312,NVDA,LONG,later,1,0,0,10,2,0
PRIMARY_20,OTHER:strat_22_continuation,NVDA,LONG,later,1,0,0,10,2,0
PRIMARY_20,OTHER:strat_inside_break,NVDA,LONG,later,1,0,0,10,2,0
PRIMARY_20,STRAT_322_CONTINUATION,NVDA,LONG,later,1,0,0,10,2,0
PRIMARY_20,STRAT_212_CONTINUATION,NVDA,LONG,later,1,1,0,10,1,0
PRIMARY_20,STRAT_222_REVERSAL,NVDA,LONG,opening_14:00,1,0,0,1,1,1
PRIMARY_20,STRAT_222_CONTINUATION,NVDA,LONG,opening_14:00,1,1,1,1,0,0
PRIMARY_20,STRAT_222_REVERSAL,NVDA,SHORT,early_14:30-16:00,2,2,0,4,1,0
PRIMARY_20,STRAT_222_CONTINUATION,NVDA,SHORT,early_14:30-16:00,1,0,0,5,3,0
PRIMARY_20,OTHER:strat_outside_continuation,NVDA,SHORT,early_14:30-16:00,1,0,0,5,3,0
PRIMARY_20,STRAT_212_CONTINUATION,NVDA,SHORT,early_14:30-16:00,2,1,0,4,2,0
PRIMARY_20,STRAT_222_REVERSAL,NVDA,SHORT,later,3,2,1,9,5,1
PRIMARY_20,STRAT_222_CONTINUATION,NVDA,SHORT,later,3,1,0,9,6,2
PRIMARY_20,OTHER:strat_122,NVDA,SHORT,later,2,2,1,10,5,1
PRIMARY_20,OTHER:strat_outside_continuation,NVDA,SHORT,later,1,0,0,11,7,2
PRIMARY_20,OTHER:strat_22_continuation,NVDA,SHORT,later,2,1,0,10,6,2
PRIMARY_20,OTHER:strat_inside_break,NVDA,SHORT,later,1,1,0,11,6,2
PRIMARY_20,STRAT_222_CONTINUATION,NVDA,SHORT,opening_14:00,1,1,1,1,1,1
PRIMARY_20,STRAT_312,NVDA,SHORT,opening_14:00,1,1,1,1,1,1
PRIMARY_20,STRAT_212_REVERSAL,PLTR,LONG,early_14:30-16:00,2,0,0,8,6,3
PRIMARY_20,STRAT_222_CONTINUATION,PLTR,LONG,early_14:30-16:00,3,2,1,7,4,2
PRIMARY_20,OTHER:strat_122,PLTR,LONG,early_14:30-16:00,1,1,1,9,5,2
PRIMARY_20,STRAT_322_REVERSAL,PLTR,LONG,early_14:30-16:00,1,1,0,9,5,3
PRIMARY_20,STRAT_312,PLTR,LONG,early_14:30-16:00,1,1,1,9,5,2
PRIMARY_20,OTHER:strat_22_continuation,PLTR,LONG,early_14:30-16:00,1,1,0,9,5,3
PRIMARY_20,STRAT_212_CONTINUATION,PLTR,LONG,early_14:30-16:00,1,0,0,9,6,3
PRIMARY_20,STRAT_222_REVERSAL,PLTR,LONG,later,2,0,0,8,3,0
PRIMARY_20,STRAT_222_CONTINUATION,PLTR,LONG,later,1,0,0,9,3,0
PRIMARY_20,OTHER:strat_outside_continuation,PLTR,LONG,later,2,0,0,8,3,0
PRIMARY_20,OTHER:strat_22_continuation,PLTR,LONG,later,2,1,0,8,2,0
PRIMARY_20,OTHER:strat_inside_break,PLTR,LONG,later,1,0,0,9,3,0
PRIMARY_20,STRAT_212_CONTINUATION,PLTR,LONG,later,2,2,0,8,1,0
PRIMARY_20,STRAT_222_REVERSAL,PLTR,LONG,opening_14:00,1,1,1,0,0,0
PRIMARY_20,STRAT_222_REVERSAL,PLTR,SHORT,early_14:30-16:00,1,0,0,4,1,0
PRIMARY_20,STRAT_222_CONTINUATION,PLTR,SHORT,early_14:30-16:00,1,0,0,4,1,0
PRIMARY_20,OTHER:strat_122,PLTR,SHORT,early_14:30-16:00,1,1,0,4,0,0
PRIMARY_20,OTHER:strat_outside_continuation,PLTR,SHORT,early_14:30-16:00,1,0,0,4,1,0
PRIMARY_20,STRAT_212_CONTINUATION,PLTR,SHORT,early_14:30-16:00,1,0,0,4,1,0
PRIMARY_20,STRAT_222_REVERSAL,PLTR,SHORT,later,3,1,1,11,7,1
PRIMARY_20,STRAT_222_CONTINUATION,PLTR,SHORT,later,4,2,0,10,6,2
PRIMARY_20,OTHER:strat_122,PLTR,SHORT,later,2,0,0,12,8,2
PRIMARY_20,STRAT_322_REVERSAL,PLTR,SHORT,later,1,1,0,13,7,2
PRIMARY_20,OTHER:strat_22_continuation,PLTR,SHORT,later,2,2,0,12,6,2
PRIMARY_20,STRAT_212_CONTINUATION,PLTR,SHORT,later,2,2,1,12,6,1
PRIMARY_20,OTHER:strat_outside_continuation,PLTR,SHORT,opening_14:00,1,1,1,1,1,1
PRIMARY_20,STRAT_322_REVERSAL,PLTR,SHORT,opening_14:00,1,1,1,1,1,1
PRIMARY_20,STRAT_222_REVERSAL,QQQ,LONG,early_14:30-16:00,3,2,1,6,1,1
PRIMARY_20,STRAT_212_REVERSAL,QQQ,LONG,early_14:30-16:00,1,0,0,8,3,2
PRIMARY_20,STRAT_222_CONTINUATION,QQQ,LONG,early_14:30-16:00,3,1,1,6,2,1
PRIMARY_20,OTHER:strat_122,QQQ,LONG,early_14:30-16:00,1,0,0,8,3,2
PRIMARY_20,OTHER:strat_outside_continuation,QQQ,LONG,early_14:30-16:00,1,0,0,8,3,2
PRIMARY_20,STRAT_222_REVERSAL,QQQ,LONG,later,3,0,0,4,0,0
PRIMARY_20,STRAT_212_REVERSAL,QQQ,LONG,later,1,0,0,6,0,0
PRIMARY_20,STRAT_222_CONTINUATION,QQQ,LONG,later,1,0,0,6,0,0
PRIMARY_20,OTHER:strat_122,QQQ,LONG,later,1,0,0,6,0,0
PRIMARY_20,OTHER:strat_outside_continuation,QQQ,LONG,later,1,0,0,6,0,0
PRIMARY_20,STRAT_222_REVERSAL,QQQ,LONG,opening_14:00,1,1,1,0,0,0
PRIMARY_20,STRAT_222_REVERSAL,QQQ,SHORT,early_14:30-16:00,2,1,0,1,0,0
PRIMARY_20,STRAT_212_REVERSAL,QQQ,SHORT,early_14:30-16:00,1,0,0,2,1,0
PRIMARY_20,STRAT_222_REVERSAL,QQQ,SHORT,later,5,4,1,14,6,2
PRIMARY_20,STRAT_212_REVERSAL,QQQ,SHORT,later,1,1,1,18,9,2
PRIMARY_20,STRAT_222_CONTINUATION,QQQ,SHORT,later,5,2,1,14,8,2
PRIMARY_20,OTHER:strat_122,QQQ,SHORT,later,2,1,0,17,9,3
PRIMARY_20,OTHER:strat_outside_continuation,QQQ,SHORT,later,1,0,0,18,10,3
PRIMARY_20,STRAT_322_REVERSAL,QQQ,SHORT,later,1,1,0,18,9,3
PRIMARY_20,STRAT_312,QQQ,SHORT,later,1,0,0,18,10,3
PRIMARY_20,OTHER:strat_22_continuation,QQQ,SHORT,later,1,0,0,18,10,3
PRIMARY_20,STRAT_212_CONTINUATION,QQQ,SHORT,later,2,1,0,17,9,3
PRIMARY_20,STRAT_222_CONTINUATION,QQQ,SHORT,opening_14:00,3,3,3,0,0,0
PRIMARY_20,STRAT_212_REVERSAL,SPY,LONG,early_14:30-16:00,1,0,0,4,2,2
PRIMARY_20,STRAT_222_CONTINUATION,SPY,LONG,early_14:30-16:00,2,1,1,3,1,1
PRIMARY_20,OTHER:strat_122,SPY,LONG,early_14:30-16:00,1,0,0,4,2,2
PRIMARY_20,STRAT_322_REVERSAL,SPY,LONG,early_14:30-16:00,1,1,1,4,1,1
PRIMARY_20,STRAT_222_REVERSAL,SPY,LONG,later,2,0,0,7,0,0
PRIMARY_20,STRAT_212_REVERSAL,SPY,LONG,later,2,0,0,7,0,0
PRIMARY_20,STRAT_222_CONTINUATION,SPY,LONG,later,2,0,0,7,0,0
PRIMARY_20,OTHER:strat_122,SPY,LONG,later,1,0,0,8,0,0
PRIMARY_20,OTHER:strat_outside_continuation,SPY,LONG,later,2,0,0,7,0,0
PRIMARY_20,OTHER:strat_22_continuation,SPY,LONG,opening_14:00,1,1,1,0,0,0
PRIMARY_20,STRAT_212_REVERSAL,SPY,SHORT,early_14:30-16:00,1,0,0,2,0,0
PRIMARY_20,OTHER:strat_outside_continuation,SPY,SHORT,early_14:30-16:00,1,0,0,2,0,0
PRIMARY_20,STRAT_322_CONTINUATION,SPY,SHORT,early_14:30-16:00,1,0,0,2,0,0
PRIMARY_20,STRAT_222_REVERSAL,SPY,SHORT,later,3,0,0,14,8,2
PRIMARY_20,STRAT_212_REVERSAL,SPY,SHORT,later,1,1,1,16,7,1
PRIMARY_20,STRAT_222_CONTINUATION,SPY,SHORT,later,3,2,0,14,6,2
PRIMARY_20,OTHER:strat_122,SPY,SHORT,later,1,0,0,16,8,2
PRIMARY_20,OTHER:strat_outside_continuation,SPY,SHORT,later,1,0,0,16,8,2
PRIMARY_20,STRAT_322_REVERSAL,SPY,SHORT,later,2,1,0,15,7,2
PRIMARY_20,STRAT_312,SPY,SHORT,later,1,0,0,16,8,2
PRIMARY_20,OTHER:strat_22_continuation,SPY,SHORT,later,2,2,0,15,6,2
PRIMARY_20,OTHER:strat_inside_break,SPY,SHORT,later,1,1,1,16,7,1
PRIMARY_20,STRAT_212_CONTINUATION,SPY,SHORT,later,2,1,0,15,7,2
PRIMARY_20,STRAT_222_CONTINUATION,SPY,SHORT,opening_14:00,3,3,3,1,1,1
PRIMARY_20,OTHER:strat_outside_continuation,SPY,SHORT,opening_14:00,1,1,1,3,3,3
PRIMARY_20,STRAT_222_REVERSAL,TLT,LONG,early_14:30-16:00,3,3,2,2,1,1
PRIMARY_20,STRAT_222_CONTINUATION,TLT,LONG,early_14:30-16:00,2,1,1,3,3,2
PRIMARY_20,STRAT_222_REVERSAL,TLT,LONG,later,1,0,0,9,5,2
PRIMARY_20,STRAT_212_REVERSAL,TLT,LONG,later,2,1,0,8,4,2
PRIMARY_20,STRAT_222_CONTINUATION,TLT,LONG,later,1,0,0,9,5,2
PRIMARY_20,OTHER:strat_122,TLT,LONG,later,1,0,0,9,5,2
PRIMARY_20,OTHER:strat_outside_continuation,TLT,LONG,later,1,1,1,9,4,1
PRIMARY_20,OTHER:strat_22_continuation,TLT,LONG,later,2,1,0,8,4,2
PRIMARY_20,OTHER:strat_inside_break,TLT,LONG,later,1,1,1,9,4,1
PRIMARY_20,STRAT_322_CONTINUATION,TLT,LONG,later,1,1,0,9,4,2
PRIMARY_20,STRAT_222_CONTINUATION,TLT,LONG,opening_14:00,1,0,0,1,1,1
PRIMARY_20,OTHER:strat_outside_continuation,TLT,LONG,opening_14:00,1,1,1,1,0,0
PRIMARY_20,STRAT_222_REVERSAL,TLT,SHORT,early_14:30-16:00,1,1,1,5,3,1
PRIMARY_20,STRAT_212_REVERSAL,TLT,SHORT,early_14:30-16:00,1,0,0,5,4,2
PRIMARY_20,STRAT_222_CONTINUATION,TLT,SHORT,early_14:30-16:00,3,2,0,3,2,2
PRIMARY_20,STRAT_322_REVERSAL,TLT,SHORT,early_14:30-16:00,1,1,1,5,3,1
PRIMARY_20,STRAT_222_REVERSAL,TLT,SHORT,later,4,3,0,9,5,2
PRIMARY_20,STRAT_212_REVERSAL,TLT,SHORT,later,1,0,0,12,8,2
PRIMARY_20,STRAT_222_CONTINUATION,TLT,SHORT,later,3,3,2,10,5,0
PRIMARY_20,OTHER:strat_122,TLT,SHORT,later,1,1,0,12,7,2
PRIMARY_20,OTHER:strat_outside_continuation,TLT,SHORT,later,2,1,0,11,7,2
PRIMARY_20,STRAT_212_CONTINUATION,TLT,SHORT,later,2,0,0,11,8,2
PRIMARY_20,STRAT_222_REVERSAL,TLT,SHORT,opening_14:00,1,1,1,2,2,2
PRIMARY_20,STRAT_222_CONTINUATION,TLT,SHORT,opening_14:00,1,1,1,2,2,2
PRIMARY_20,STRAT_322_CONTINUATION,TLT,SHORT,opening_14:00,1,1,1,2,2,2
PRIMARY_20,STRAT_222_REVERSAL,TSLA,LONG,early_14:30-16:00,1,0,0,6,2,1
PRIMARY_20,STRAT_212_REVERSAL,TSLA,LONG,early_14:30-16:00,1,1,1,6,1,0
PRIMARY_20,STRAT_222_CONTINUATION,TSLA,LONG,early_14:30-16:00,1,0,0,6,2,1
PRIMARY_20,OTHER:strat_122,TSLA,LONG,early_14:30-16:00,1,0,0,6,2,1
PRIMARY_20,OTHER:strat_22_continuation,TSLA,LONG,early_14:30-16:00,1,1,0,6,1,1
PRIMARY_20,OTHER:strat_inside_break,TSLA,LONG,early_14:30-16:00,1,0,0,6,2,1
PRIMARY_20,STRAT_212_CONTINUATION,TSLA,LONG,early_14:30-16:00,1,0,0,6,2,1
PRIMARY_20,STRAT_222_REVERSAL,TSLA,LONG,later,1,0,0,6,0,0
PRIMARY_20,STRAT_222_CONTINUATION,TSLA,LONG,later,2,0,0,5,0,0
PRIMARY_20,OTHER:strat_outside_continuation,TSLA,LONG,later,1,0,0,6,0,0
PRIMARY_20,STRAT_322_REVERSAL,TSLA,LONG,later,1,0,0,6,0,0
PRIMARY_20,STRAT_312,TSLA,LONG,later,1,0,0,6,0,0
PRIMARY_20,OTHER:strat_22_continuation,TSLA,LONG,later,1,0,0,6,0,0
PRIMARY_20,STRAT_222_CONTINUATION,TSLA,LONG,opening_14:00,1,1,1,0,0,0
PRIMARY_20,STRAT_212_REVERSAL,TSLA,SHORT,early_14:30-16:00,1,1,0,4,2,0
PRIMARY_20,OTHER:strat_122,TSLA,SHORT,early_14:30-16:00,2,1,0,3,2,0
PRIMARY_20,OTHER:strat_outside_continuation,TSLA,SHORT,early_14:30-16:00,1,0,0,4,3,0
PRIMARY_20,STRAT_312,TSLA,SHORT,early_14:30-16:00,1,1,0,4,2,0
PRIMARY_20,STRAT_222_REVERSAL,TSLA,SHORT,later,3,2,2,15,11,4
PRIMARY_20,STRAT_212_REVERSAL,TSLA,SHORT,later,2,2,1,16,11,5
PRIMARY_20,STRAT_222_CONTINUATION,TSLA,SHORT,later,5,2,1,13,11,5
PRIMARY_20,OTHER:strat_outside_continuation,TSLA,SHORT,later,1,1,0,17,12,6
PRIMARY_20,OTHER:strat_22_continuation,TSLA,SHORT,later,3,3,1,15,10,5
PRIMARY_20,STRAT_212_CONTINUATION,TSLA,SHORT,later,4,3,1,14,10,5
PRIMARY_20,OTHER:strat_22_continuation,TSLA,SHORT,opening_14:00,1,1,1,0,0,0
PRIMARY_20,STRAT_212_REVERSAL,WMT,LONG,early_14:30-16:00,1,1,1,7,1,1
PRIMARY_20,STRAT_222_CONTINUATION,WMT,LONG,early_14:30-16:00,3,0,0,5,2,2
PRIMARY_20,STRAT_322_REVERSAL,WMT,LONG,early_14:30-16:00,2,0,0,6,2,2
PRIMARY_20,OTHER:strat_22_continuation,WMT,LONG,early_14:30-16:00,1,1,1,7,1,1
PRIMARY_20,STRAT_322_CONTINUATION,WMT,LONG,early_14:30-16:00,1,0,0,7,2,2
PRIMARY_20,STRAT_222_REVERSAL,WMT,LONG,later,4,2,1,10,3,1
PRIMARY_20,STRAT_212_REVERSAL,WMT,LONG,later,1,1,0,13,4,2
PRIMARY_20,STRAT_222_CONTINUATION,WMT,LONG,later,4,2,1,10,3,1
PRIMARY_20,OTHER:strat_122,WMT,LONG,later,1,0,0,13,5,2
PRIMARY_20,OTHER:strat_outside_continuation,WMT,LONG,later,1,0,0,13,5,2
PRIMARY_20,STRAT_322_REVERSAL,WMT,LONG,later,1,0,0,13,5,2
PRIMARY_20,OTHER:strat_22_continuation,WMT,LONG,later,1,0,0,13,5,2
PRIMARY_20,OTHER:strat_inside_break,WMT,LONG,later,1,0,0,13,5,2
PRIMARY_20,STRAT_222_REVERSAL,WMT,LONG,opening_14:00,1,1,0,2,2,2
PRIMARY_20,OTHER:strat_outside_continuation,WMT,LONG,opening_14:00,2,2,2,1,1,0
PRIMARY_20,STRAT_222_REVERSAL,WMT,SHORT,early_14:30-16:00,1,1,1,6,4,0
PRIMARY_20,STRAT_212_REVERSAL,WMT,SHORT,early_14:30-16:00,2,1,0,5,4,1
PRIMARY_20,STRAT_222_CONTINUATION,WMT,SHORT,early_14:30-16:00,2,2,0,5,3,1
PRIMARY_20,STRAT_322_REVERSAL,WMT,SHORT,early_14:30-16:00,1,0,0,6,5,1
PRIMARY_20,OTHER:strat_22_continuation,WMT,SHORT,early_14:30-16:00,1,1,0,6,4,1
PRIMARY_20,STRAT_222_REVERSAL,WMT,SHORT,later,5,2,1,7,4,2
PRIMARY_20,STRAT_222_CONTINUATION,WMT,SHORT,later,4,1,1,8,5,2
PRIMARY_20,OTHER:strat_122,WMT,SHORT,later,1,1,0,11,5,3
PRIMARY_20,OTHER:strat_outside_continuation,WMT,SHORT,later,1,1,0,11,5,3
PRIMARY_20,STRAT_322_REVERSAL,WMT,SHORT,later,1,1,1,11,5,2
PRIMARY_20,OTHER:strat_outside_continuation,WMT,SHORT,opening_14:00,2,2,0,0,0,0
PRIMARY_20,STRAT_222_REVERSAL,XOM,LONG,early_14:30-16:00,1,1,1,5,2,1
PRIMARY_20,STRAT_212_REVERSAL,XOM,LONG,early_14:30-16:00,2,1,1,4,2,1
PRIMARY_20,STRAT_222_CONTINUATION,XOM,LONG,early_14:30-16:00,1,0,0,5,3,2
PRIMARY_20,OTHER:strat_outside_continuation,XOM,LONG,early_14:30-16:00,1,0,0,5,3,2
PRIMARY_20,OTHER:strat_22_continuation,XOM,LONG,early_14:30-16:00,1,1,0,5,2,2
PRIMARY_20,STRAT_222_REVERSAL,XOM,LONG,later,5,1,0,12,4,1
PRIMARY_20,STRAT_212_REVERSAL,XOM,LONG,later,1,1,1,16,4,0
PRIMARY_20,STRAT_222_CONTINUATION,XOM,LONG,later,3,1,0,14,4,1
PRIMARY_20,OTHER:strat_122,XOM,LONG,later,1,1,0,16,4,1
PRIMARY_20,OTHER:strat_outside_continuation,XOM,LONG,later,1,0,0,16,5,1
PRIMARY_20,STRAT_312,XOM,LONG,later,2,0,0,15,5,1
PRIMARY_20,OTHER:strat_22_continuation,XOM,LONG,later,3,1,0,14,4,1
PRIMARY_20,STRAT_212_CONTINUATION,XOM,LONG,later,1,0,0,16,5,1
PRIMARY_20,STRAT_222_REVERSAL,XOM,LONG,opening_14:00,1,1,1,3,3,3
PRIMARY_20,STRAT_222_CONTINUATION,XOM,LONG,opening_14:00,2,2,2,2,2,2
PRIMARY_20,OTHER:strat_outside_continuation,XOM,LONG,opening_14:00,1,1,1,3,3,3
PRIMARY_20,STRAT_222_REVERSAL,XOM,SHORT,early_14:30-16:00,2,0,0,4,3,2
PRIMARY_20,STRAT_222_CONTINUATION,XOM,SHORT,early_14:30-16:00,1,1,1,5,2,1
PRIMARY_20,STRAT_322_REVERSAL,XOM,SHORT,early_14:30-16:00,2,2,1,4,1,1
PRIMARY_20,OTHER:strat_inside_break,XOM,SHORT,early_14:30-16:00,1,0,0,5,3,2
PRIMARY_20,STRAT_222_REVERSAL,XOM,SHORT,later,5,1,1,7,1,0
PRIMARY_20,STRAT_212_REVERSAL,XOM,SHORT,later,1,0,0,11,2,1
PRIMARY_20,STRAT_222_CONTINUATION,XOM,SHORT,later,2,0,0,10,2,1
PRIMARY_20,OTHER:strat_122,XOM,SHORT,later,1,0,0,11,2,1
PRIMARY_20,OTHER:strat_outside_continuation,XOM,SHORT,later,1,0,0,11,2,1
PRIMARY_20,STRAT_322_CONTINUATION,XOM,SHORT,later,1,0,0,11,2,1
PRIMARY_20,STRAT_212_CONTINUATION,XOM,SHORT,later,1,1,0,11,1,1
SECONDARY_148,STRAT_222_REVERSAL,AAPL,LONG,early_14:30-16:00,1,1,0,4,3,1
SECONDARY_148,STRAT_212_REVERSAL,AAPL,LONG,early_14:30-16:00,1,1,0,4,3,1
SECONDARY_148,OTHER:strat_122,AAPL,LONG,early_14:30-16:00,1,1,0,4,3,1
SECONDARY_148,OTHER:strat_22_continuation,AAPL,LONG,early_14:30-16:00,1,0,0,4,4,1
SECONDARY_148,STRAT_212_CONTINUATION,AAPL,LONG,early_14:30-16:00,1,1,1,4,3,0
SECONDARY_148,STRAT_222_REVERSAL,AAPL,LONG,later,1,0,0,10,6,2
SECONDARY_148,STRAT_212_REVERSAL,AAPL,LONG,later,1,1,1,10,5,1
SECONDARY_148,STRAT_222_CONTINUATION,AAPL,LONG,later,3,1,0,8,5,2
SECONDARY_148,OTHER:strat_122,AAPL,LONG,later,1,1,0,10,5,2
SECONDARY_148,OTHER:strat_outside_continuation,AAPL,LONG,later,2,1,0,9,5,2
SECONDARY_148,STRAT_322_REVERSAL,AAPL,LONG,later,1,1,0,10,5,2
SECONDARY_148,OTHER:strat_22_continuation,AAPL,LONG,later,1,0,0,10,6,2
SECONDARY_148,STRAT_212_CONTINUATION,AAPL,LONG,later,1,1,1,10,5,1
SECONDARY_148,STRAT_222_CONTINUATION,AAPL,LONG,opening_14:00,1,1,1,1,1,1
SECONDARY_148,OTHER:strat_122,AAPL,LONG,opening_14:00,1,1,1,1,1,1
SECONDARY_148,STRAT_222_REVERSAL,AAPL,SHORT,early_14:30-16:00,1,1,1,4,1,0
SECONDARY_148,OTHER:strat_outside_continuation,AAPL,SHORT,early_14:30-16:00,1,1,0,4,1,1
SECONDARY_148,STRAT_312,AAPL,SHORT,early_14:30-16:00,1,0,0,4,2,1
SECONDARY_148,STRAT_322_CONTINUATION,AAPL,SHORT,early_14:30-16:00,1,0,0,4,2,1
SECONDARY_148,STRAT_212_CONTINUATION,AAPL,SHORT,early_14:30-16:00,1,0,0,4,2,1
SECONDARY_148,STRAT_222_REVERSAL,AAPL,SHORT,later,2,0,0,12,2,0
SECONDARY_148,STRAT_212_REVERSAL,AAPL,SHORT,later,2,1,0,12,1,0
SECONDARY_148,STRAT_222_CONTINUATION,AAPL,SHORT,later,3,0,0,11,2,0
SECONDARY_148,OTHER:strat_122,AAPL,SHORT,later,1,0,0,13,2,0
SECONDARY_148,OTHER:strat_outside_continuation,AAPL,SHORT,later,2,1,0,12,1,0
SECONDARY_148,STRAT_322_REVERSAL,AAPL,SHORT,later,1,0,0,13,2,0
SECONDARY_148,STRAT_312,AAPL,SHORT,later,1,0,0,13,2,0
SECONDARY_148,OTHER:strat_22_continuation,AAPL,SHORT,later,1,0,0,13,2,0
SECONDARY_148,STRAT_322_CONTINUATION,AAPL,SHORT,later,1,0,0,13,2,0
SECONDARY_148,STRAT_222_CONTINUATION,AAPL,SHORT,opening_14:00,1,1,1,0,0,0
SECONDARY_148,STRAT_222_REVERSAL,ABBV,LONG,early_14:30-16:00,1,1,0,4,2,1
SECONDARY_148,STRAT_212_REVERSAL,ABBV,LONG,early_14:30-16:00,1,1,0,4,2,1
SECONDARY_148,STRAT_222_CONTINUATION,ABBV,LONG,early_14:30-16:00,1,1,1,4,2,0
SECONDARY_148,OTHER:strat_122,ABBV,LONG,early_14:30-16:00,1,0,0,4,3,1
SECONDARY_148,OTHER:strat_22_continuation,ABBV,LONG,early_14:30-16:00,1,0,0,4,3,1
SECONDARY_148,STRAT_222_REVERSAL,ABBV,LONG,later,3,2,2,12,6,5
SECONDARY_148,STRAT_212_REVERSAL,ABBV,LONG,later,1,0,0,14,8,7
SECONDARY_148,STRAT_222_CONTINUATION,ABBV,LONG,later,3,3,3,12,5,4
SECONDARY_148,OTHER:strat_122,ABBV,LONG,later,1,0,0,14,8,7
SECONDARY_148,OTHER:strat_outside_continuation,ABBV,LONG,later,2,1,1,13,7,6
SECONDARY_148,STRAT_312,ABBV,LONG,later,1,0,0,14,8,7
SECONDARY_148,OTHER:strat_22_continuation,ABBV,LONG,later,2,0,0,13,8,7
SECONDARY_148,STRAT_322_CONTINUATION,ABBV,LONG,later,1,1,1,14,7,6
SECONDARY_148,STRAT_212_CONTINUATION,ABBV,LONG,later,1,1,0,14,7,7
SECONDARY_148,STRAT_222_CONTINUATION,ABBV,LONG,opening_14:00,1,1,1,1,1,1
SECONDARY_148,OTHER:strat_outside_continuation,ABBV,LONG,opening_14:00,1,1,1,1,1,1
SECONDARY_148,STRAT_222_REVERSAL,ABBV,SHORT,early_14:30-16:00,1,0,0,4,0,0
SECONDARY_148,STRAT_322_REVERSAL,ABBV,SHORT,early_14:30-16:00,1,0,0,4,0,0
SECONDARY_148,STRAT_312,ABBV,SHORT,early_14:30-16:00,1,0,0,4,0,0
SECONDARY_148,OTHER:strat_inside_break,ABBV,SHORT,early_14:30-16:00,1,0,0,4,0,0
SECONDARY_148,STRAT_212_CONTINUATION,ABBV,SHORT,early_14:30-16:00,1,0,0,4,0,0
SECONDARY_148,STRAT_222_REVERSAL,ABBV,SHORT,later,4,4,0,7,1,0
SECONDARY_148,STRAT_222_CONTINUATION,ABBV,SHORT,later,4,0,0,7,5,0
SECONDARY_148,OTHER:strat_122,ABBV,SHORT,later,1,0,0,10,5,0
SECONDARY_148,OTHER:strat_22_continuation,ABBV,SHORT,later,1,0,0,10,5,0
SECONDARY_148,OTHER:strat_inside_break,ABBV,SHORT,later,1,1,0,10,4,0
SECONDARY_148,STRAT_322_REVERSAL,ABBV,SHORT,opening_14:00,1,1,1,0,0,0
SECONDARY_148,STRAT_222_REVERSAL,ABNB,LONG,early_14:30-16:00,2,2,0,5,2,0
SECONDARY_148,STRAT_222_CONTINUATION,ABNB,LONG,early_14:30-16:00,1,1,0,6,3,0
SECONDARY_148,OTHER:strat_outside_continuation,ABNB,LONG,early_14:30-16:00,1,0,0,6,4,0
SECONDARY_148,STRAT_322_REVERSAL,ABNB,LONG,early_14:30-16:00,2,0,0,5,4,0
SECONDARY_148,STRAT_212_CONTINUATION,ABNB,LONG,early_14:30-16:00,1,1,0,6,3,0
SECONDARY_148,STRAT_222_REVERSAL,ABNB,LONG,later,4,2,0,8,3,2
SECONDARY_148,STRAT_212_REVERSAL,ABNB,LONG,later,1,0,0,11,5,2
SECONDARY_148,STRAT_222_CONTINUATION,ABNB,LONG,later,1,0,0,11,5,2
SECONDARY_148,OTHER:strat_outside_continuation,ABNB,LONG,later,2,1,1,10,4,1
SECONDARY_148,OTHER:strat_22_continuation,ABNB,LONG,later,2,0,0,10,5,2
SECONDARY_148,STRAT_322_CONTINUATION,ABNB,LONG,later,1,1,0,11,4,2
SECONDARY_148,STRAT_212_CONTINUATION,ABNB,LONG,later,1,1,1,11,4,1
SECONDARY_148,STRAT_222_REVERSAL,ABNB,LONG,opening_14:00,1,1,1,0,0,0
SECONDARY_148,STRAT_222_REVERSAL,ABNB,SHORT,early_14:30-16:00,1,0,0,4,0,0
SECONDARY_148,STRAT_222_CONTINUATION,ABNB,SHORT,early_14:30-16:00,1,0,0,4,0,0
SECONDARY_148,OTHER:strat_outside_continuation,ABNB,SHORT,early_14:30-16:00,1,0,0,4,0,0
SECONDARY_148,OTHER:strat_22_continuation,ABNB,SHORT,early_14:30-16:00,1,0,0,4,0,0
SECONDARY_148,STRAT_212_CONTINUATION,ABNB,SHORT,early_14:30-16:00,1,0,0,4,0,0
SECONDARY_148,STRAT_222_REVERSAL,ABNB,SHORT,later,4,0,0,11,3,3
SECONDARY_148,STRAT_222_CONTINUATION,ABNB,SHORT,later,4,0,0,11,3,3
SECONDARY_148,OTHER:strat_outside_continuation,ABNB,SHORT,later,3,0,0,12,3,3
SECONDARY_148,STRAT_322_REVERSAL,ABNB,SHORT,later,2,1,1,13,2,2
SECONDARY_148,OTHER:strat_22_continuation,ABNB,SHORT,later,1,1,1,14,2,2
SECONDARY_148,OTHER:strat_inside_break,ABNB,SHORT,later,1,1,1,14,2,2
SECONDARY_148,STRAT_222_REVERSAL,ABNB,SHORT,opening_14:00,1,1,1,2,2,2
SECONDARY_148,OTHER:strat_outside_continuation,ABNB,SHORT,opening_14:00,1,1,1,2,2,2
SECONDARY_148,STRAT_212_CONTINUATION,ABNB,SHORT,opening_14:00,1,1,1,2,2,2
SECONDARY_148,STRAT_222_REVERSAL,ABT,LONG,early_14:30-16:00,1,1,0,3,1,0
SECONDARY_148,STRAT_212_REVERSAL,ABT,LONG,early_14:30-16:00,1,1,0,3,1,0
SECONDARY_148,OTHER:strat_outside_continuation,ABT,LONG,early_14:30-16:00,1,0,0,3,2,0
SECONDARY_148,STRAT_212_CONTINUATION,ABT,LONG,early_14:30-16:00,1,0,0,3,2,0
SECONDARY_148,STRAT_222_REVERSAL,ABT,LONG,later,5,2,1,5,1,0
SECONDARY_148,STRAT_222_CONTINUATION,ABT,LONG,later,3,1,0,7,2,1
SECONDARY_148,OTHER:strat_22_continuation,ABT,LONG,later,1,0,0,9,3,1
SECONDARY_148,STRAT_212_CONTINUATION,ABT,LONG,later,1,0,0,9,3,1
SECONDARY_148,STRAT_222_CONTINUATION,ABT,LONG,opening_14:00,1,1,1,0,0,0
SECONDARY_148,STRAT_222_REVERSAL,ABT,SHORT,early_14:30-16:00,1,0,0,7,2,1
SECONDARY_148,STRAT_222_CONTINUATION,ABT,SHORT,early_14:30-16:00,1,0,0,7,2,1
SECONDARY_148,OTHER:strat_outside_continuation,ABT,SHORT,early_14:30-16:00,1,0,0,7,2,1
SECONDARY_148,OTHER:strat_22_continuation,ABT,SHORT,early_14:30-16:00,1,1,0,7,1,1
SECONDARY_148,STRAT_322_CONTINUATION,ABT,SHORT,early_14:30-16:00,1,0,0,7,2,1
SECONDARY_148,STRAT_212_CONTINUATION,ABT,SHORT,early_14:30-16:00,3,1,1,5,1,0
SECONDARY_148,STRAT_222_REVERSAL,ABT,SHORT,later,3,2,1,14,8,4
SECONDARY_148,STRAT_222_CONTINUATION,ABT,SHORT,later,5,3,2,12,7,3
SECONDARY_148,OTHER:strat_outside_continuation,ABT,SHORT,later,3,1,0,14,9,5
SECONDARY_148,STRAT_312,ABT,SHORT,later,1,1,0,16,9,5
SECONDARY_148,OTHER:strat_22_continuation,ABT,SHORT,later,2,1,1,15,9,4
SECONDARY_148,STRAT_322_CONTINUATION,ABT,SHORT,later,2,1,0,15,9,5
SECONDARY_148,STRAT_212_CONTINUATION,ABT,SHORT,later,1,1,1,16,9,4
SECONDARY_148,STRAT_222_CONTINUATION,ABT,SHORT,opening_14:00,1,1,1,1,1,0
SECONDARY_148,OTHER:strat_outside_continuation,ABT,SHORT,opening_14:00,1,1,0,1,1,1
SECONDARY_148,STRAT_222_REVERSAL,ADBE,LONG,early_14:30-16:00,1,0,0,6,5,2
SECONDARY_148,STRAT_212_REVERSAL,ADBE,LONG,early_14:30-16:00,3,2,1,4,3,1
SECONDARY_148,OTHER:strat_22_continuation,ADBE,LONG,early_14:30-16:00,2,2,0,5,3,2
SECONDARY_148,STRAT_212_CONTINUATION,ADBE,LONG,early_14:30-16:00,1,1,1,6,4,1
SECONDARY_148,STRAT_222_REVERSAL,ADBE,LONG,later,2,1,0,11,5,4
SECONDARY_148,STRAT_222_CONTINUATION,ADBE,LONG,later,4,0,0,9,6,4
SECONDARY_148,OTHER:strat_122,ADBE,LONG,later,2,2,1,11,4,3
SECONDARY_148,OTHER:strat_outside_continuation,ADBE,LONG,later,1,1,1,12,5,3
SECONDARY_148,STRAT_312,ADBE,LONG,later,1,1,1,12,5,3
SECONDARY_148,STRAT_322_CONTINUATION,ADBE,LONG,later,1,1,1,12,5,3
SECONDARY_148,STRAT_212_CONTINUATION,ADBE,LONG,later,2,0,0,11,6,4
SECONDARY_148,STRAT_222_CONTINUATION,ADBE,LONG,opening_14:00,1,1,1,0,0,0
SECONDARY_148,STRAT_222_CONTINUATION,ADBE,SHORT,early_14:30-16:00,1,0,0,2,2,1
SECONDARY_148,OTHER:strat_122,ADBE,SHORT,early_14:30-16:00,1,1,1,2,1,0
SECONDARY_148,OTHER:strat_inside_break,ADBE,SHORT,early_14:30-16:00,1,1,0,2,1,1
SECONDARY_148,STRAT_222_REVERSAL,ADBE,SHORT,later,1,1,0,12,8,4
SECONDARY_148,STRAT_212_REVERSAL,ADBE,SHORT,later,1,1,1,12,8,3
SECONDARY_148,STRAT_222_CONTINUATION,ADBE,SHORT,later,2,1,1,11,8,3
SECONDARY_148,OTHER:strat_122,ADBE,SHORT,later,2,2,0,11,7,4
SECONDARY_148,OTHER:strat_outside_continuation,ADBE,SHORT,later,2,2,1,11,7,3
SECONDARY_148,OTHER:strat_22_continuation,ADBE,SHORT,later,1,1,1,12,8,3
SECONDARY_148,STRAT_322_CONTINUATION,ADBE,SHORT,later,2,1,0,11,8,4
SECONDARY_148,STRAT_212_CONTINUATION,ADBE,SHORT,later,2,0,0,11,9,4
SECONDARY_148,STRAT_222_REVERSAL,ADBE,SHORT,opening_14:00,1,1,0,2,2,2
SECONDARY_148,STRAT_212_REVERSAL,ADBE,SHORT,opening_14:00,1,1,1,2,2,1
SECONDARY_148,STRAT_222_CONTINUATION,ADBE,SHORT,opening_14:00,1,1,1,2,2,1
SECONDARY_148,STRAT_222_REVERSAL,AEP,LONG,early_14:30-16:00,1,1,0,0,0,0
SECONDARY_148,STRAT_222_REVERSAL,AEP,LONG,later,4,3,1,10,5,0
SECONDARY_148,STRAT_212_REVERSAL,AEP,LONG,later,1,1,0,13,7,1
SECONDARY_148,STRAT_222_CONTINUATION,AEP,LONG,later,4,0,0,10,8,1
SECONDARY_148,OTHER:strat_122,AEP,LONG,later,1,1,0,13,7,1
SECONDARY_148,STRAT_312,AEP,LONG,later,1,1,0,13,7,1
SECONDARY_148,OTHER:strat_22_continuation,AEP,LONG,later,2,1,0,12,7,1
SECONDARY_148,STRAT_212_CONTINUATION,AEP,LONG,later,1,1,0,13,7,1
SECONDARY_148,STRAT_222_REVERSAL,AEP,LONG,opening_14:00,1,1,0,0,0,0
SECONDARY_148,STRAT_222_REVERSAL,AEP,SHORT,early_14:30-16:00,1,0,0,11,7,1
SECONDARY_148,STRAT_222_CONTINUATION,AEP,SHORT,early_14:30-16:00,3,2,0,9,5,1
SECONDARY_148,OTHER:strat_outside_continuation,AEP,SHORT,early_14:30-16:00,2,1,0,10,6,1
SECONDARY_148,STRAT_312,AEP,SHORT,early_14:30-16:00,1,1,0,11,6,1
SECONDARY_148,OTHER:strat_22_continuation,AEP,SHORT,early_14:30-16:00,2,1,0,10,6,1
SECONDARY_148,OTHER:strat_inside_break,AEP,SHORT,early_14:30-16:00,1,1,1,11,6,0
SECONDARY_148,STRAT_322_CONTINUATION,AEP,SHORT,early_14:30-16:00,2,1,0,10,6,1
SECONDARY_148,STRAT_222_REVERSAL,AEP,SHORT,later,5,2,0,10,3,2
SECONDARY_148,STRAT_212_REVERSAL,AEP,SHORT,later,2,0,0,13,5,2
SECONDARY_148,STRAT_222_CONTINUATION,AEP,SHORT,later,4,1,0,11,4,2
SECONDARY_148,OTHER:strat_outside_continuation,AEP,SHORT,later,1,1,1,14,4,1
SECONDARY_148,OTHER:strat_22_continuation,AEP,SHORT,later,1,0,0,14,5,2
SECONDARY_148,STRAT_322_CONTINUATION,AEP,SHORT,later,1,1,1,14,4,1
SECONDARY_148,STRAT_212_CONTINUATION,AEP,SHORT,later,1,0,0,14,5,2
SECONDARY_148,STRAT_222_REVERSAL,AMD,LONG,early_14:30-16:00,1,0,0,7,1,1
SECONDARY_148,STRAT_212_REVERSAL,AMD,LONG,early_14:30-16:00,2,1,1,6,0,0
SECONDARY_148,STRAT_222_CONTINUATION,AMD,LONG,early_14:30-16:00,1,0,0,7,1,1
SECONDARY_148,OTHER:strat_outside_continuation,AMD,LONG,early_14:30-16:00,2,0,0,6,1,1
SECONDARY_148,STRAT_322_CONTINUATION,AMD,LONG,early_14:30-16:00,1,0,0,7,1,1
SECONDARY_148,STRAT_212_CONTINUATION,AMD,LONG,early_14:30-16:00,1,0,0,7,1,1
SECONDARY_148,STRAT_222_REVERSAL,AMD,LONG,later,3,1,1,9,0,0
SECONDARY_148,STRAT_212_REVERSAL,AMD,LONG,later,1,0,0,11,1,1
SECONDARY_148,STRAT_222_CONTINUATION,AMD,LONG,later,2,0,0,10,1,1
SECONDARY_148,OTHER:strat_122,AMD,LONG,later,1,0,0,11,1,1
SECONDARY_148,OTHER:strat_outside_continuation,AMD,LONG,later,1,0,0,11,1,1
SECONDARY_148,OTHER:strat_22_continuation,AMD,LONG,later,1,0,0,11,1,1
SECONDARY_148,OTHER:strat_inside_break,AMD,LONG,later,1,0,0,11,1,1
SECONDARY_148,STRAT_322_CONTINUATION,AMD,LONG,later,1,0,0,11,1,1
SECONDARY_148,STRAT_212_CONTINUATION,AMD,LONG,later,1,0,0,11,1,1
SECONDARY_148,STRAT_222_REVERSAL,AMD,LONG,opening_14:00,1,1,1,1,1,1
SECONDARY_148,STRAT_322_REVERSAL,AMD,LONG,opening_14:00,1,1,1,1,1,1
SECONDARY_148,STRAT_222_REVERSAL,AMD,SHORT,early_14:30-16:00,1,0,0,3,1,0
SECONDARY_148,STRAT_212_REVERSAL,AMD,SHORT,early_14:30-16:00,2,1,0,2,0,0
SECONDARY_148,OTHER:strat_22_continuation,AMD,SHORT,early_14:30-16:00,1,0,0,3,1,0
SECONDARY_148,STRAT_222_REVERSAL,AMD,SHORT,later,3,2,0,12,3,1
SECONDARY_148,STRAT_222_CONTINUATION,AMD,SHORT,later,4,0,0,11,5,1
SECONDARY_148,OTHER:strat_122,AMD,SHORT,later,2,1,0,13,4,1
SECONDARY_148,OTHER:strat_outside_continuation,AMD,SHORT,later,2,0,0,13,5,1
SECONDARY_148,STRAT_312,AMD,SHORT,later,1,1,1,14,4,0
SECONDARY_148,OTHER:strat_22_continuation,AMD,SHORT,later,2,1,0,13,4,1
SECONDARY_148,STRAT_212_CONTINUATION,AMD,SHORT,later,1,0,0,14,5,1
SECONDARY_148,STRAT_222_CONTINUATION,AMD,SHORT,opening_14:00,2,2,2,0,0,0
SECONDARY_148,STRAT_222_REVERSAL,AMGN,LONG,early_14:30-16:00,3,2,1,3,2,2
SECONDARY_148,STRAT_212_REVERSAL,AMGN,LONG,early_14:30-16:00,1,0,0,5,4,3
SECONDARY_148,STRAT_222_CONTINUATION,AMGN,LONG,early_14:30-16:00,1,1,1,5,3,2
SECONDARY_148,STRAT_322_REVERSAL,AMGN,LONG,early_14:30-16:00,1,1,1,5,3,2
SECONDARY_148,STRAT_222_REVERSAL,AMGN,LONG,later,3,2,0,5,2,1
SECONDARY_148,STRAT_212_REVERSAL,AMGN,LONG,later,2,1,1,6,3,0
SECONDARY_148,OTHER:strat_122,AMGN,LONG,later,1,0,0,7,4,1
SECONDARY_148,OTHER:strat_outside_continuation,AMGN,LONG,later,1,0,0,7,4,1
SECONDARY_148,OTHER:strat_22_continuation,AMGN,LONG,later,1,1,0,7,3,1
SECONDARY_148,STRAT_222_REVERSAL,AMGN,SHORT,early_14:30-16:00,2,1,0,7,2,0
SECONDARY_148,STRAT_222_CONTINUATION,AMGN,SHORT,early_14:30-16:00,2,1,0,7,2,0
SECONDARY_148,OTHER:strat_outside_continuation,AMGN,SHORT,early_14:30-16:00,2,0,0,7,3,0
SECONDARY_148,OTHER:strat_22_continuation,AMGN,SHORT,early_14:30-16:00,1,0,0,8,3,0
SECONDARY_148,STRAT_322_CONTINUATION,AMGN,SHORT,early_14:30-16:00,1,0,0,8,3,0
SECONDARY_148,STRAT_212_CONTINUATION,AMGN,SHORT,early_14:30-16:00,1,1,0,8,2,0
SECONDARY_148,STRAT_222_REVERSAL,AMGN,SHORT,later,1,0,0,16,11,5
SECONDARY_148,STRAT_212_REVERSAL,AMGN,SHORT,later,3,2,0,14,9,5
SECONDARY_148,STRAT_222_CONTINUATION,AMGN,SHORT,later,3,2,1,14,9,4
SECONDARY_148,OTHER:strat_122,AMGN,SHORT,later,1,1,1,16,10,4
SECONDARY_148,OTHER:strat_outside_continuation,AMGN,SHORT,later,2,2,1,15,9,4
SECONDARY_148,STRAT_322_REVERSAL,AMGN,SHORT,later,1,1,1,16,10,4
SECONDARY_148,STRAT_312,AMGN,SHORT,later,1,0,0,16,11,5
SECONDARY_148,OTHER:strat_22_continuation,AMGN,SHORT,later,2,1,0,15,10,5
SECONDARY_148,STRAT_322_CONTINUATION,AMGN,SHORT,later,1,1,1,16,10,4
SECONDARY_148,STRAT_212_CONTINUATION,AMGN,SHORT,later,2,1,0,15,10,5
SECONDARY_148,STRAT_222_REVERSAL,AMGN,SHORT,opening_14:00,1,1,1,2,1,1
SECONDARY_148,STRAT_212_REVERSAL,AMGN,SHORT,opening_14:00,1,1,1,2,1,1
SECONDARY_148,STRAT_322_CONTINUATION,AMGN,SHORT,opening_14:00,1,0,0,2,2,2
SECONDARY_148,STRAT_212_REVERSAL,AMT,LONG,early_14:30-16:00,1,1,0,4,2,1
SECONDARY_148,STRAT_222_CONTINUATION,AMT,LONG,early_14:30-16:00,1,1,0,4,2,1
SECONDARY_148,OTHER:strat_122,AMT,LONG,early_14:30-16:00,1,1,1,4,2,0
SECONDARY_148,OTHER:strat_outside_continuation,AMT,LONG,early_14:30-16:00,1,0,0,4,3,1
SECONDARY_148,OTHER:strat_22_continuation,AMT,LONG,early_14:30-16:00,1,0,0,4,3,1
SECONDARY_148,STRAT_222_REVERSAL,AMT,LONG,later,3,0,0,12,2,1
SECONDARY_148,STRAT_222_CONTINUATION,AMT,LONG,later,3,0,0,12,2,1
SECONDARY_148,OTHER:strat_outside_continuation,AMT,LONG,later,3,0,0,12,2,1
SECONDARY_148,STRAT_322_REVERSAL,AMT,LONG,later,1,0,0,14,2,1
SECONDARY_148,STRAT_312,AMT,LONG,later,1,0,0,14,2,1
SECONDARY_148,OTHER:strat_22_continuation,AMT,LONG,later,1,1,1,14,1,0
SECONDARY_148,OTHER:strat_inside_break,AMT,LONG,later,1,1,0,14,1,1
SECONDARY_148,STRAT_322_CONTINUATION,AMT,LONG,later,2,0,0,13,2,1
SECONDARY_148,STRAT_222_CONTINUATION,AMT,LONG,opening_14:00,1,1,1,0,0,0
SECONDARY_148,STRAT_222_CONTINUATION,AMT,SHORT,early_14:30-16:00,1,0,0,4,1,0
SECONDARY_148,OTHER:strat_outside_continuation,AMT,SHORT,early_14:30-16:00,1,0,0,4,1,0
SECONDARY_148,STRAT_312,AMT,SHORT,early_14:30-16:00,1,0,0,4,1,0
SECONDARY_148,STRAT_322_CONTINUATION,AMT,SHORT,early_14:30-16:00,1,1,0,4,0,0
SECONDARY_148,STRAT_212_CONTINUATION,AMT,SHORT,early_14:30-16:00,1,0,0,4,1,0
SECONDARY_148,STRAT_222_REVERSAL,AMT,SHORT,later,3,3,2,9,5,2
SECONDARY_148,STRAT_212_REVERSAL,AMT,SHORT,later,1,1,0,11,7,4
SECONDARY_148,STRAT_222_CONTINUATION,AMT,SHORT,later,3,2,1,9,6,3
SECONDARY_148,OTHER:strat_122,AMT,SHORT,later,1,1,0,11,7,4
SECONDARY_148,OTHER:strat_outside_continuation,AMT,SHORT,later,1,0,0,11,8,4
SECONDARY_148,STRAT_322_REVERSAL,AMT,SHORT,later,2,1,1,10,7,3
SECONDARY_148,OTHER:strat_22_continuation,AMT,SHORT,later,1,0,0,11,8,4
SECONDARY_148,STRAT_222_CONTINUATION,AMT,SHORT,opening_14:00,1,1,0,1,1,0
SECONDARY_148,OTHER:strat_outside_continuation,AMT,SHORT,opening_14:00,1,1,0,1,1,0
SECONDARY_148,STRAT_222_REVERSAL,AMZN,LONG,early_14:30-16:00,2,1,0,6,2,1
SECONDARY_148,STRAT_212_REVERSAL,AMZN,LONG,early_14:30-16:00,2,0,0,6,3,1
SECONDARY_148,STRAT_222_CONTINUATION,AMZN,LONG,early_14:30-16:00,2,0,0,6,3,1
SECONDARY_148,OTHER:strat_22_continuation,AMZN,LONG,early_14:30-16:00,1,1,0,7,2,1
SECONDARY_148,OTHER:strat_inside_break,AMZN,LONG,early_14:30-16:00,1,1,1,7,2,0
SECONDARY_148,STRAT_222_REVERSAL,AMZN,LONG,later,3,0,0,10,2,1
SECONDARY_148,STRAT_212_REVERSAL,AMZN,LONG,later,1,0,0,12,2,1
SECONDARY_148,STRAT_222_CONTINUATION,AMZN,LONG,later,2,0,0,11,2,1
SECONDARY_148,OTHER:strat_122,AMZN,LONG,later,2,1,1,11,1,0
SECONDARY_148,OTHER:strat_outside_continuation,AMZN,LONG,later,2,0,0,11,2,1
SECONDARY_148,STRAT_312,AMZN,LONG,later,1,0,0,12,2,1
SECONDARY_148,OTHER:strat_22_continuation,AMZN,LONG,later,1,0,0,12,2,1
SECONDARY_148,STRAT_322_CONTINUATION,AMZN,LONG,later,1,1,0,12,1,1
SECONDARY_148,STRAT_222_REVERSAL,AMZN,LONG,opening_14:00,1,1,1,0,0,0
SECONDARY_148,STRAT_222_REVERSAL,AMZN,SHORT,early_14:30-16:00,1,0,0,2,1,1
SECONDARY_148,STRAT_222_CONTINUATION,AMZN,SHORT,early_14:30-16:00,1,1,1,2,0,0
SECONDARY_148,OTHER:strat_122,AMZN,SHORT,early_14:30-16:00,1,0,0,2,1,1
SECONDARY_148,STRAT_222_REVERSAL,AMZN,SHORT,later,3,2,1,10,6,4
SECONDARY_148,STRAT_212_REVERSAL,AMZN,SHORT,later,3,2,1,10,6,4
SECONDARY_148,STRAT_222_CONTINUATION,AMZN,SHORT,later,1,0,0,12,8,5
SECONDARY_148,OTHER:strat_122,AMZN,SHORT,later,1,1,1,12,7,4
SECONDARY_148,OTHER:strat_22_continuation,AMZN,SHORT,later,3,2,1,10,6,4
SECONDARY_148,OTHER:strat_inside_break,AMZN,SHORT,later,1,0,0,12,8,5
SECONDARY_148,STRAT_212_CONTINUATION,AMZN,SHORT,later,1,1,1,12,7,4
SECONDARY_148,STRAT_222_REVERSAL,AMZN,SHORT,opening_14:00,2,2,2,2,2,2
SECONDARY_148,STRAT_222_CONTINUATION,AMZN,SHORT,opening_14:00,1,1,1,3,3,3
SECONDARY_148,OTHER:strat_outside_continuation,AMZN,SHORT,opening_14:00,1,1,1,3,3,3
SECONDARY_148,STRAT_222_REVERSAL,APD,LONG,early_14:30-16:00,1,0,0,2,1,1
SECONDARY_148,STRAT_222_CONTINUATION,APD,LONG,early_14:30-16:00,1,0,0,2,1,1
SECONDARY_148,OTHER:strat_122,APD,LONG,early_14:30-16:00,1,1,1,2,0,0
SECONDARY_148,STRAT_222_REVERSAL,APD,LONG,later,4,2,0,8,3,2
SECONDARY_148,STRAT_212_REVERSAL,APD,LONG,later,1,1,1,11,4,1
SECONDARY_148,STRAT_222_CONTINUATION,APD,LONG,later,3,1,1,9,4,1
SECONDARY_148,OTHER:strat_122,APD,LONG,later,1,0,0,11,5,2
SECONDARY_148,OTHER:strat_outside_continuation,APD,LONG,later,1,0,0,11,5,2
SECONDARY_148,STRAT_322_REVERSAL,APD,LONG,later,1,0,0,11,5,2
SECONDARY_148,OTHER:strat_22_continuation,APD,LONG,later,1,1,0,11,4,2
SECONDARY_148,STRAT_222_REVERSAL,APD,LONG,opening_14:00,2,1,1,0,0,0
SECONDARY_148,STRAT_222_REVERSAL,APD,SHORT,early_14:30-16:00,2,2,0,8,3,1
SECONDARY_148,STRAT_222_CONTINUATION,APD,SHORT,early_14:30-16:00,2,2,0,8,3,1
SECONDARY_148,OTHER:strat_outside_continuation,APD,SHORT,early_14:30-16:00,2,0,0,8,5,1
SECONDARY_148,OTHER:strat_inside_break,APD,SHORT,early_14:30-16:00,1,0,0,9,5,1
SECONDARY_148,STRAT_322_CONTINUATION,APD,SHORT,early_14:30-16:00,2,1,1,8,4,0
SECONDARY_148,STRAT_212_CONTINUATION,APD,SHORT,early_14:30-16:00,1,0,0,9,5,1
SECONDARY_148,STRAT_222_REVERSAL,APD,SHORT,later,6,4,3,10,5,3
SECONDARY_148,STRAT_212_REVERSAL,APD,SHORT,later,1,1,0,15,8,6
SECONDARY_148,STRAT_222_CONTINUATION,APD,SHORT,later,4,2,1,12,7,5
SECONDARY_148,OTHER:strat_outside_continuation,APD,SHORT,later,2,1,1,14,8,5
SECONDARY_148,OTHER:strat_22_continuation,APD,SHORT,later,2,0,0,14,9,6
SECONDARY_148,STRAT_212_CONTINUATION,APD,SHORT,later,1,1,1,15,8,5
SECONDARY_148,STRAT_322_REVERSAL,APD,SHORT,opening_14:00,1,1,0,0,0,0
SECONDARY_148,STRAT_222_REVERSAL,APLD,LONG,early_14:30-16:00,4,0,0,2,0,0
SECONDARY_148,STRAT_222_CONTINUATION,APLD,LONG,early_14:30-16:00,2,0,0,4,0,0
SECONDARY_148,STRAT_222_REVERSAL,APLD,LONG,later,2,0,0,7,2,0
SECONDARY_148,STRAT_212_REVERSAL,APLD,LONG,later,1,0,0,8,2,0
SECONDARY_148,STRAT_222_CONTINUATION,APLD,LONG,later,1,0,0,8,2,0
SECONDARY_148,OTHER:strat_outside_continuation,APLD,LONG,later,1,0,0,8,2,0
SECONDARY_148,OTHER:strat_22_continuation,APLD,LONG,later,1,0,0,8,2,0
SECONDARY_148,OTHER:strat_inside_break,APLD,LONG,later,1,1,0,8,1,0
SECONDARY_148,STRAT_212_CONTINUATION,APLD,LONG,later,2,1,0,7,1,0
SECONDARY_148,STRAT_222_REVERSAL,APLD,LONG,opening_14:00,1,1,1,0,0,0
SECONDARY_148,STRAT_222_REVERSAL,APLD,SHORT,early_14:30-16:00,3,1,1,6,4,2
SECONDARY_148,STRAT_222_CONTINUATION,APLD,SHORT,early_14:30-16:00,4,2,2,5,3,1
SECONDARY_148,OTHER:strat_outside_continuation,APLD,SHORT,early_14:30-16:00,1,1,0,8,4,3
SECONDARY_148,STRAT_322_CONTINUATION,APLD,SHORT,early_14:30-16:00,1,1,0,8,4,3
SECONDARY_148,STRAT_222_REVERSAL,APLD,SHORT,later,2,2,0,14,10,3
SECONDARY_148,STRAT_212_REVERSAL,APLD,SHORT,later,1,1,1,15,11,2
SECONDARY_148,STRAT_222_CONTINUATION,APLD,SHORT,later,3,2,0,13,10,3
SECONDARY_148,OTHER:strat_122,APLD,SHORT,later,3,2,1,13,10,2
SECONDARY_148,OTHER:strat_outside_continuation,APLD,SHORT,later,1,1,0,15,11,3
SECONDARY_148,OTHER:strat_22_continuation,APLD,SHORT,later,2,2,0,14,10,3
SECONDARY_148,STRAT_212_CONTINUATION,APLD,SHORT,later,4,2,1,12,10,2
SECONDARY_148,STRAT_222_CONTINUATION,APLD,SHORT,opening_14:00,1,1,1,2,2,2
SECONDARY_148,OTHER:strat_22_continuation,APLD,SHORT,opening_14:00,1,1,1,2,2,2
SECONDARY_148,STRAT_322_CONTINUATION,APLD,SHORT,opening_14:00,1,1,1,2,2,2
SECONDARY_148,STRAT_222_REVERSAL,AVGO,LONG,early_14:30-16:00,1,0,0,6,1,0
SECONDARY_148,STRAT_212_REVERSAL,AVGO,LONG,early_14:30-16:00,3,1,0,4,0,0
SECONDARY_148,STRAT_222_CONTINUATION,AVGO,LONG,early_14:30-16:00,1,0,0,6,1,0
SECONDARY_148,STRAT_322_REVERSAL,AVGO,LONG,early_14:30-16:00,1,0,0,6,1,0
SECONDARY_148,OTHER:strat_22_continuation,AVGO,LONG,early_14:30-16:00,1,0,0,6,1,0
SECONDARY_148,STRAT_222_REVERSAL,AVGO,LONG,later,2,0,0,5,3,1
SECONDARY_148,STRAT_222_CONTINUATION,AVGO,LONG,later,1,1,0,6,2,1
SECONDARY_148,OTHER:strat_122,AVGO,LONG,later,1,1,1,6,2,0
SECONDARY_148,OTHER:strat_outside_continuation,AVGO,LONG,later,1,1,0,6,2,1
SECONDARY_148,STRAT_322_CONTINUATION,AVGO,LONG,later,1,0,0,6,3,1
SECONDARY_148,STRAT_212_CONTINUATION,AVGO,LONG,later,1,0,0,6,3,1
SECONDARY_148,STRAT_222_REVERSAL,AVGO,LONG,opening_14:00,1,1,1,0,0,0
SECONDARY_148,STRAT_222_REVERSAL,AVGO,SHORT,early_14:30-16:00,2,1,0,3,2,0
SECONDARY_148,OTHER:strat_122,AVGO,SHORT,early_14:30-16:00,1,0,0,4,3,0
SECONDARY_148,OTHER:strat_outside_continuation,AVGO,SHORT,early_14:30-16:00,1,1,0,4,2,0
SECONDARY_148,STRAT_322_CONTINUATION,AVGO,SHORT,early_14:30-16:00,1,1,0,4,2,0
SECONDARY_148,STRAT_222_REVERSAL,AVGO,SHORT,later,5,3,1,14,10,5
SECONDARY_148,STRAT_222_CONTINUATION,AVGO,SHORT,later,4,3,1,15,10,5
SECONDARY_148,OTHER:strat_122,AVGO,SHORT,later,1,1,0,18,12,6
SECONDARY_148,STRAT_312,AVGO,SHORT,later,1,1,1,18,12,5
SECONDARY_148,OTHER:strat_22_continuation,AVGO,SHORT,later,4,2,1,15,11,5
SECONDARY_148,STRAT_212_CONTINUATION,AVGO,SHORT,later,4,3,2,15,10,4
SECONDARY_148,STRAT_222_CONTINUATION,AVGO,SHORT,opening_14:00,1,1,1,2,2,1
SECONDARY_148,OTHER:strat_outside_continuation,AVGO,SHORT,opening_14:00,1,1,1,2,2,1
SECONDARY_148,OTHER:strat_22_continuation,AVGO,SHORT,opening_14:00,1,1,0,2,2,2
SECONDARY_148,STRAT_222_REVERSAL,AXP,LONG,early_14:30-16:00,1,0,0,5,2,0
SECONDARY_148,STRAT_212_REVERSAL,AXP,LONG,early_14:30-16:00,1,0,0,5,2,0
SECONDARY_148,STRAT_222_CONTINUATION,AXP,LONG,early_14:30-16:00,1,0,0,5,2,0
SECONDARY_148,OTHER:strat_122,AXP,LONG,early_14:30-16:00,2,1,0,4,1,0
SECONDARY_148,OTHER:strat_outside_continuation,AXP,LONG,early_14:30-16:00,1,1,0,5,1,0
SECONDARY_148,STRAT_222_REVERSAL,AXP,LONG,later,5,2,1,11,6,1
SECONDARY_148,STRAT_222_CONTINUATION,AXP,LONG,later,6,3,0,10,5,2
SECONDARY_148,OTHER:strat_122,AXP,LONG,later,1,0,0,15,8,2
SECONDARY_148,STRAT_322_REVERSAL,AXP,LONG,later,1,1,1,15,7,1
SECONDARY_148,OTHER:strat_22_continuation,AXP,LONG,later,1,0,0,15,8,2
SECONDARY_148,STRAT_322_CONTINUATION,AXP,LONG,later,1,1,0,15,7,2
SECONDARY_148,STRAT_212_CONTINUATION,AXP,LONG,later,1,1,0,15,7,2
SECONDARY_148,STRAT_222_CONTINUATION,AXP,LONG,opening_14:00,1,1,1,0,0,0
SECONDARY_148,STRAT_212_REVERSAL,AXP,SHORT,early_14:30-16:00,2,0,0,5,1,0
SECONDARY_148,STRAT_222_CONTINUATION,AXP,SHORT,early_14:30-16:00,1,0,0,6,1,0
SECONDARY_148,OTHER:strat_122,AXP,SHORT,early_14:30-16:00,1,0,0,6,1,0
SECONDARY_148,STRAT_312,AXP,SHORT,early_14:30-16:00,1,0,0,6,1,0
SECONDARY_148,OTHER:strat_22_continuation,AXP,SHORT,early_14:30-16:00,1,0,0,6,1,0
SECONDARY_148,STRAT_212_CONTINUATION,AXP,SHORT,early_14:30-16:00,1,1,0,6,0,0
SECONDARY_148,STRAT_222_REVERSAL,AXP,SHORT,later,4,1,0,11,2,0
SECONDARY_148,STRAT_212_REVERSAL,AXP,SHORT,later,3,1,0,12,2,0
SECONDARY_148,STRAT_222_CONTINUATION,AXP,SHORT,later,2,0,0,13,3,0
SECONDARY_148,OTHER:strat_outside_continuation,AXP,SHORT,later,2,0,0,13,3,0
SECONDARY_148,OTHER:strat_22_continuation,AXP,SHORT,later,2,0,0,13,3,0
SECONDARY_148,STRAT_322_CONTINUATION,AXP,SHORT,later,1,1,0,14,2,0
SECONDARY_148,STRAT_212_CONTINUATION,AXP,SHORT,later,1,0,0,14,3,0
SECONDARY_148,STRAT_222_REVERSAL,AXP,SHORT,opening_14:00,1,1,1,2,2,2
SECONDARY_148,STRAT_222_CONTINUATION,AXP,SHORT,opening_14:00,2,2,2,1,1,1
SECONDARY_148,STRAT_222_REVERSAL,BA,LONG,early_14:30-16:00,1,0,0,4,3,2
SECONDARY_148,STRAT_222_CONTINUATION,BA,LONG,early_14:30-16:00,2,1,0,3,2,2
SECONDARY_148,OTHER:strat_122,BA,LONG,early_14:30-16:00,1,1,1,4,2,1
SECONDARY_148,OTHER:strat_inside_break,BA,LONG,early_14:30-16:00,1,1,1,4,2,1
SECONDARY_148,STRAT_222_REVERSAL,BA,LONG,later,3,0,0,6,2,0
SECONDARY_148,STRAT_222_CONTINUATION,BA,LONG,later,2,1,0,7,1,0
SECONDARY_148,OTHER:strat_outside_continuation,BA,LONG,later,2,0,0,7,2,0
SECONDARY_148,OTHER:strat_22_continuation,BA,LONG,later,1,1,0,8,1,0
SECONDARY_148,STRAT_322_CONTINUATION,BA,LONG,later,1,0,0,8,2,0
SECONDARY_148,STRAT_212_REVERSAL,BA,LONG,opening_14:00,1,1,1,0,0,0
SECONDARY_148,STRAT_222_REVERSAL,BA,SHORT,early_14:30-16:00,1,1,0,6,3,3
SECONDARY_148,STRAT_212_REVERSAL,BA,SHORT,early_14:30-16:00,1,0,0,6,4,3
SECONDARY_148,STRAT_222_CONTINUATION,BA,SHORT,early_14:30-16:00,1,1,1,6,3,2
SECONDARY_148,OTHER:strat_outside_continuation,BA,SHORT,early_14:30-16:00,1,0,0,6,4,3
SECONDARY_148,OTHER:strat_22_continuation,BA,SHORT,early_14:30-16:00,1,1,1,6,3,2
SECONDARY_148,OTHER:strat_inside_break,BA,SHORT,early_14:30-16:00,1,1,1,6,3,2
SECONDARY_148,STRAT_212_CONTINUATION,BA,SHORT,early_14:30-16:00,1,0,0,6,4,3
SECONDARY_148,STRAT_222_REVERSAL,BA,SHORT,later,4,3,2,14,7,4
SECONDARY_148,STRAT_222_CONTINUATION,BA,SHORT,later,7,2,1,11,8,5
SECONDARY_148,OTHER:strat_outside_continuation,BA,SHORT,later,3,3,1,15,7,5
SECONDARY_148,STRAT_322_REVERSAL,BA,SHORT,later,1,0,0,17,10,6
SECONDARY_148,STRAT_322_CONTINUATION,BA,SHORT,later,3,2,2,15,8,4
SECONDARY_148,STRAT_222_CONTINUATION,BA,SHORT,opening_14:00,2,1,1,0,0,0
SECONDARY_148,STRAT_222_REVERSAL,BAC,LONG,early_14:30-16:00,1,0,0,5,2,1
SECONDARY_148,STRAT_212_REVERSAL,BAC,LONG,early_14:30-16:00,1,1,0,5,1,1
SECONDARY_148,STRAT_222_CONTINUATION,BAC,LONG,early_14:30-16:00,1,0,0,5,2,1
SECONDARY_148,STRAT_322_REVERSAL,BAC,LONG,early_14:30-16:00,1,1,1,5,1,0
SECONDARY_148,OTHER:strat_22_continuation,BAC,LONG,early_14:30-16:00,1,0,0,5,2,1
SECONDARY_148,OTHER:strat_inside_break,BAC,LONG,early_14:30-16:00,1,0,0,5,2,1
SECONDARY_148,STRAT_222_REVERSAL,BAC,LONG,later,2,2,1,12,5,3
SECONDARY_148,STRAT_212_REVERSAL,BAC,LONG,later,1,1,1,13,6,3
SECONDARY_148,STRAT_222_CONTINUATION,BAC,LONG,later,2,1,0,12,6,4
SECONDARY_148,OTHER:strat_122,BAC,LONG,later,1,0,0,13,7,4
SECONDARY_148,OTHER:strat_outside_continuation,BAC,LONG,later,2,0,0,12,7,4
SECONDARY_148,STRAT_312,BAC,LONG,later,1,1,0,13,6,4
SECONDARY_148,OTHER:strat_22_continuation,BAC,LONG,later,2,1,1,12,6,3
SECONDARY_148,STRAT_212_CONTINUATION,BAC,LONG,later,3,1,1,11,6,3
SECONDARY_148,STRAT_322_CONTINUATION,BAC,LONG,opening_14:00,2,1,1,0,0,0
SECONDARY_148,STRAT_222_REVERSAL,BAC,SHORT,early_14:30-16:00,3,1,1,5,2,1
SECONDARY_148,STRAT_212_REVERSAL,BAC,SHORT,early_14:30-16:00,1,1,0,7,2,2
SECONDARY_148,STRAT_222_CONTINUATION,BAC,SHORT,early_14:30-16:00,2,0,0,6,3,2
SECONDARY_148,OTHER:strat_outside_continuation,BAC,SHORT,early_14:30-16:00,1,0,0,7,3,2
SECONDARY_148,OTHER:strat_22_continuation,BAC,SHORT,early_14:30-16:00,1,1,1,7,2,1
SECONDARY_148,STRAT_222_REVERSAL,BAC,SHORT,later,1,0,0,10,4,1
SECONDARY_148,STRAT_212_REVERSAL,BAC,SHORT,later,1,1,0,10,3,1
SECONDARY_148,STRAT_222_CONTINUATION,BAC,SHORT,later,3,1,0,8,3,1
SECONDARY_148,OTHER:strat_122,BAC,SHORT,later,2,2,1,9,2,0
SECONDARY_148,OTHER:strat_outside_continuation,BAC,SHORT,later,1,0,0,10,4,1
SECONDARY_148,OTHER:strat_22_continuation,BAC,SHORT,later,1,0,0,10,4,1
SECONDARY_148,STRAT_212_CONTINUATION,BAC,SHORT,later,2,0,0,9,4,1
SECONDARY_148,STRAT_222_CONTINUATION,BAC,SHORT,opening_14:00,1,1,1,1,1,1
SECONDARY_148,OTHER:strat_outside_continuation,BAC,SHORT,opening_14:00,1,1,1,1,1,1
SECONDARY_148,STRAT_212_REVERSAL,BKNG,LONG,early_14:30-16:00,1,0,0,3,0,0
SECONDARY_148,OTHER:strat_outside_continuation,BKNG,LONG,early_14:30-16:00,1,0,0,3,0,0
SECONDARY_148,STRAT_312,BKNG,LONG,early_14:30-16:00,1,0,0,3,0,0
SECONDARY_148,STRAT_212_CONTINUATION,BKNG,LONG,early_14:30-16:00,1,0,0,3,0,0
SECONDARY_148,STRAT_222_REVERSAL,BKNG,LONG,later,4,2,0,10,3,1
SECONDARY_148,STRAT_212_REVERSAL,BKNG,LONG,later,1,0,0,13,5,1
SECONDARY_148,STRAT_222_CONTINUATION,BKNG,LONG,later,3,1,0,11,4,1
SECONDARY_148,OTHER:strat_122,BKNG,LONG,later,2,0,0,12,5,1
SECONDARY_148,OTHER:strat_22_continuation,BKNG,LONG,later,2,1,0,12,4,1
SECONDARY_148,OTHER:strat_inside_break,BKNG,LONG,later,1,1,1,13,4,0
SECONDARY_148,STRAT_212_CONTINUATION,BKNG,LONG,later,1,0,0,13,5,1
SECONDARY_148,STRAT_322_REVERSAL,BKNG,LONG,opening_14:00,1,1,1,0,0,0
SECONDARY_148,STRAT_222_REVERSAL,BKNG,SHORT,early_14:30-16:00,1,0,0,4,2,0
SECONDARY_148,STRAT_222_CONTINUATION,BKNG,SHORT,early_14:30-16:00,1,0,0,4,2,0
SECONDARY_148,OTHER:strat_22_continuation,BKNG,SHORT,early_14:30-16:00,1,0,0,4,2,0
SECONDARY_148,STRAT_212_CONTINUATION,BKNG,SHORT,early_14:30-16:00,2,2,0,3,0,0
SECONDARY_148,STRAT_222_REVERSAL,BKNG,SHORT,later,4,3,2,10,3,1
SECONDARY_148,STRAT_212_REVERSAL,BKNG,SHORT,later,3,0,0,11,6,3
SECONDARY_148,STRAT_222_CONTINUATION,BKNG,SHORT,later,3,3,1,11,3,2
SECONDARY_148,OTHER:strat_outside_continuation,BKNG,SHORT,later,1,0,0,13,6,3
SECONDARY_148,STRAT_312,BKNG,SHORT,later,1,0,0,13,6,3
SECONDARY_148,OTHER:strat_22_continuation,BKNG,SHORT,later,2,0,0,12,6,3
SECONDARY_148,STRAT_222_REVERSAL,BKNG,SHORT,opening_14:00,1,1,1,1,1,1
SECONDARY_148,STRAT_222_CONTINUATION,BKNG,SHORT,opening_14:00,1,1,1,1,1,1
SECONDARY_148,STRAT_222_REVERSAL,BLK,LONG,early_14:30-16:00,2,1,0,3,0,0
SECONDARY_148,STRAT_212_REVERSAL,BLK,LONG,early_14:30-16:00,1,0,0,4,1,0
SECONDARY_148,STRAT_222_CONTINUATION,BLK,LONG,early_14:30-16:00,1,0,0,4,1,0
SECONDARY_148,OTHER:strat_22_continuation,BLK,LONG,early_14:30-16:00,1,0,0,4,1,0
SECONDARY_148,STRAT_212_REVERSAL,BLK,LONG,later,3,2,0,8,1,0
SECONDARY_148,STRAT_222_CONTINUATION,BLK,LONG,later,2,0,0,9,3,0
SECONDARY_148,OTHER:strat_122,BLK,LONG,later,3,1,0,8,2,0
SECONDARY_148,OTHER:strat_outside_continuation,BLK,LONG,later,1,0,0,10,3,0
SECONDARY_148,OTHER:strat_22_continuation,BLK,LONG,later,1,0,0,10,3,0
SECONDARY_148,STRAT_212_CONTINUATION,BLK,LONG,later,1,0,0,10,3,0
SECONDARY_148,OTHER:strat_122,BLK,LONG,opening_14:00,1,1,1,0,0,0
SECONDARY_148,STRAT_212_REVERSAL,BLK,SHORT,early_14:30-16:00,1,1,0,5,1,0
SECONDARY_148,STRAT_222_CONTINUATION,BLK,SHORT,early_14:30-16:00,1,0,0,5,2,0
SECONDARY_148,OTHER:strat_outside_continuation,BLK,SHORT,early_14:30-16:00,1,0,0,5,2,0
SECONDARY_148,OTHER:strat_22_continuation,BLK,SHORT,early_14:30-16:00,1,0,0,5,2,0
SECONDARY_148,STRAT_322_CONTINUATION,BLK,SHORT,early_14:30-16:00,1,0,0,5,2,0
SECONDARY_148,STRAT_212_CONTINUATION,BLK,SHORT,early_14:30-16:00,1,1,0,5,1,0
SECONDARY_148,STRAT_222_REVERSAL,BLK,SHORT,later,3,3,2,12,9,7
SECONDARY_148,STRAT_212_REVERSAL,BLK,SHORT,later,2,2,2,13,10,7
SECONDARY_148,STRAT_222_CONTINUATION,BLK,SHORT,later,4,2,1,11,10,8
SECONDARY_148,OTHER:strat_122,BLK,SHORT,later,1,1,1,14,11,8
SECONDARY_148,OTHER:strat_outside_continuation,BLK,SHORT,later,1,1,1,14,11,8
SECONDARY_148,OTHER:strat_22_continuation,BLK,SHORT,later,1,1,1,14,11,8
SECONDARY_148,STRAT_322_CONTINUATION,BLK,SHORT,later,1,1,0,14,11,9
SECONDARY_148,STRAT_212_CONTINUATION,BLK,SHORT,later,2,1,1,13,11,8
SECONDARY_148,STRAT_222_CONTINUATION,BLK,SHORT,opening_14:00,2,2,1,1,1,1
SECONDARY_148,OTHER:strat_outside_continuation,BLK,SHORT,opening_14:00,1,1,1,2,2,1
SECONDARY_148,STRAT_222_REVERSAL,C,LONG,early_14:30-16:00,2,1,0,3,1,0
SECONDARY_148,STRAT_212_REVERSAL,C,LONG,early_14:30-16:00,1,1,0,4,1,0
SECONDARY_148,STRAT_222_CONTINUATION,C,LONG,early_14:30-16:00,2,0,0,3,2,0
SECONDARY_148,STRAT_222_REVERSAL,C,LONG,later,1,1,0,13,10,5
SECONDARY_148,STRAT_212_REVERSAL,C,LONG,later,2,2,1,12,9,4
SECONDARY_148,STRAT_222_CONTINUATION,C,LONG,later,2,2,1,12,9,4
SECONDARY_148,OTHER:strat_outside_continuation,C,LONG,later,1,0,0,13,11,5
SECONDARY_148,STRAT_322_REVERSAL,C,LONG,later,1,1,1,13,10,4
SECONDARY_148,OTHER:strat_22_continuation,C,LONG,later,3,3,0,11,8,5
SECONDARY_148,OTHER:strat_inside_break,C,LONG,later,1,0,0,13,11,5
SECONDARY_148,STRAT_212_CONTINUATION,C,LONG,later,3,2,2,11,9,3
SECONDARY_148,OTHER:strat_outside_continuation,C,LONG,opening_14:00,1,0,0,1,1,1
SECONDARY_148,STRAT_322_CONTINUATION,C,LONG,opening_14:00,1,1,1,1,0,0
SECONDARY_148,STRAT_222_REVERSAL,C,SHORT,early_14:30-16:00,2,0,0,5,3,0
SECONDARY_148,STRAT_222_CONTINUATION,C,SHORT,early_14:30-16:00,3,1,0,4,2,0
SECONDARY_148,STRAT_322_REVERSAL,C,SHORT,early_14:30-16:00,1,1,0,6,2,0
SECONDARY_148,STRAT_322_CONTINUATION,C,SHORT,early_14:30-16:00,1,1,0,6,2,0
SECONDARY_148,STRAT_222_REVERSAL,C,SHORT,later,1,0,0,8,1,0
SECONDARY_148,STRAT_212_REVERSAL,C,SHORT,later,1,0,0,8,1,0
SECONDARY_148,OTHER:strat_122,C,SHORT,later,2,1,0,7,0,0
SECONDARY_148,OTHER:strat_outside_continuation,C,SHORT,later,2,0,0,7,1,0
SECONDARY_148,OTHER:strat_22_continuation,C,SHORT,later,1,0,0,8,1,0
SECONDARY_148,STRAT_322_CONTINUATION,C,SHORT,later,1,0,0,8,1,0
SECONDARY_148,STRAT_212_CONTINUATION,C,SHORT,later,1,0,0,8,1,0
SECONDARY_148,STRAT_222_CONTINUATION,C,SHORT,opening_14:00,1,1,1,1,1,1
SECONDARY_148,OTHER:strat_outside_continuation,C,SHORT,opening_14:00,1,1,1,1,1,1
SECONDARY_148,STRAT_222_REVERSAL,CAT,LONG,early_14:30-16:00,2,0,0,4,0,0
SECONDARY_148,STRAT_212_REVERSAL,CAT,LONG,early_14:30-16:00,1,0,0,5,0,0
SECONDARY_148,STRAT_222_CONTINUATION,CAT,LONG,early_14:30-16:00,1,0,0,5,0,0
SECONDARY_148,OTHER:strat_122,CAT,LONG,early_14:30-16:00,1,0,0,5,0,0
SECONDARY_148,STRAT_322_REVERSAL,CAT,LONG,early_14:30-16:00,1,0,0,5,0,0
SECONDARY_148,STRAT_222_REVERSAL,CAT,LONG,later,4,1,0,8,2,0
SECONDARY_148,STRAT_212_REVERSAL,CAT,LONG,later,1,0,0,11,3,0
SECONDARY_148,STRAT_222_CONTINUATION,CAT,LONG,later,2,0,0,10,3,0
SECONDARY_148,OTHER:strat_outside_continuation,CAT,LONG,later,1,0,0,11,3,0
SECONDARY_148,OTHER:strat_22_continuation,CAT,LONG,later,2,1,0,10,2,0
SECONDARY_148,OTHER:strat_inside_break,CAT,LONG,later,1,1,0,11,2,0
SECONDARY_148,STRAT_322_CONTINUATION,CAT,LONG,later,1,0,0,11,3,0
SECONDARY_148,STRAT_222_CONTINUATION,CAT,LONG,opening_14:00,1,1,1,0,0,0
SECONDARY_148,STRAT_222_REVERSAL,CAT,SHORT,early_14:30-16:00,1,0,0,8,1,0
SECONDARY_148,STRAT_212_REVERSAL,CAT,SHORT,early_14:30-16:00,2,1,0,7,0,0
SECONDARY_148,STRAT_222_CONTINUATION,CAT,SHORT,early_14:30-16:00,2,0,0,7,1,0
SECONDARY_148,OTHER:strat_outside_continuation,CAT,SHORT,early_14:30-16:00,3,0,0,6,1,0
SECONDARY_148,STRAT_322_CONTINUATION,CAT,SHORT,early_14:30-16:00,1,0,0,8,1,0
SECONDARY_148,STRAT_222_REVERSAL,CAT,SHORT,later,6,1,0,8,5,1
SECONDARY_148,STRAT_222_CONTINUATION,CAT,SHORT,later,1,0,0,13,6,1
SECONDARY_148,OTHER:strat_outside_continuation,CAT,SHORT,later,2,2,0,12,4,1
SECONDARY_148,OTHER:strat_22_continuation,CAT,SHORT,later,2,1,0,12,5,1
SECONDARY_148,OTHER:strat_inside_break,CAT,SHORT,later,1,1,1,13,5,0
SECONDARY_148,STRAT_322_CONTINUATION,CAT,SHORT,later,1,0,0,13,6,1
SECONDARY_148,STRAT_212_CONTINUATION,CAT,SHORT,later,1,1,0,13,5,1
SECONDARY_148,STRAT_222_REVERSAL,CAT,SHORT,opening_14:00,1,1,1,1,1,1
SECONDARY_148,OTHER:strat_outside_continuation,CAT,SHORT,opening_14:00,1,1,1,1,1,1
SECONDARY_148,STRAT_222_REVERSAL,CMCSA,LONG,early_14:30-16:00,3,0,0,3,1,0
SECONDARY_148,STRAT_222_CONTINUATION,CMCSA,LONG,early_14:30-16:00,2,0,0,4,1,0
SECONDARY_148,STRAT_322_REVERSAL,CMCSA,LONG,early_14:30-16:00,1,1,0,5,0,0
SECONDARY_148,STRAT_222_REVERSAL,CMCSA,LONG,later,1,1,0,8,4,1
SECONDARY_148,STRAT_212_REVERSAL,CMCSA,LONG,later,2,2,1,7,3,0
SECONDARY_148,STRAT_222_CONTINUATION,CMCSA,LONG,later,3,1,0,6,4,1
SECONDARY_148,OTHER:strat_22_continuation,CMCSA,LONG,later,2,1,0,7,4,1
SECONDARY_148,OTHER:strat_inside_break,CMCSA,LONG,later,1,0,0,8,5,1
SECONDARY_148,OTHER:strat_122,CMCSA,LONG,opening_14:00,1,1,1,1,1,0
SECONDARY_148,OTHER:strat_outside_continuation,CMCSA,LONG,opening_14:00,1,1,0,1,1,1
SECONDARY_148,STRAT_222_REVERSAL,CMCSA,SHORT,early_14:30-16:00,2,1,0,7,1,0
SECONDARY_148,STRAT_222_CONTINUATION,CMCSA,SHORT,early_14:30-16:00,1,0,0,8,2,0
SECONDARY_148,OTHER:strat_outside_continuation,CMCSA,SHORT,early_14:30-16:00,4,0,0,5,2,0
SECONDARY_148,STRAT_322_REVERSAL,CMCSA,SHORT,early_14:30-16:00,1,1,0,8,1,0
SECONDARY_148,STRAT_322_CONTINUATION,CMCSA,SHORT,early_14:30-16:00,1,0,0,8,2,0
SECONDARY_148,STRAT_222_REVERSAL,CMCSA,SHORT,later,4,2,1,11,6,3
SECONDARY_148,STRAT_212_REVERSAL,CMCSA,SHORT,later,1,1,1,14,7,3
SECONDARY_148,STRAT_222_CONTINUATION,CMCSA,SHORT,later,3,2,1,12,6,3
SECONDARY_148,OTHER:strat_122,CMCSA,SHORT,later,1,0,0,14,8,4
SECONDARY_148,OTHER:strat_outside_continuation,CMCSA,SHORT,later,2,2,0,13,6,4
SECONDARY_148,OTHER:strat_22_continuation,CMCSA,SHORT,later,1,1,1,14,7,3
SECONDARY_148,STRAT_322_CONTINUATION,CMCSA,SHORT,later,2,0,0,13,8,4
SECONDARY_148,STRAT_212_CONTINUATION,CMCSA,SHORT,later,1,0,0,14,8,4
SECONDARY_148,STRAT_222_REVERSAL,CMCSA,SHORT,opening_14:00,1,1,1,1,1,1
SECONDARY_148,STRAT_322_CONTINUATION,CMCSA,SHORT,opening_14:00,1,1,1,1,1,1
SECONDARY_148,STRAT_222_REVERSAL,CMG,LONG,early_14:30-16:00,2,0,0,1,0,0
SECONDARY_148,STRAT_322_REVERSAL,CMG,LONG,early_14:30-16:00,1,0,0,2,0,0
SECONDARY_148,STRAT_222_REVERSAL,CMG,LONG,later,3,2,2,13,8,4
SECONDARY_148,STRAT_212_REVERSAL,CMG,LONG,later,1,1,0,15,9,6
SECONDARY_148,STRAT_222_CONTINUATION,CMG,LONG,later,3,2,2,13,8,4
SECONDARY_148,OTHER:strat_122,CMG,LONG,later,3,3,0,13,7,6
SECONDARY_148,OTHER:strat_outside_continuation,CMG,LONG,later,1,1,1,15,9,5
SECONDARY_148,STRAT_312,CMG,LONG,later,1,0,0,15,10,6
SECONDARY_148,OTHER:strat_22_continuation,CMG,LONG,later,1,0,0,15,10,6
SECONDARY_148,OTHER:strat_inside_break,CMG,LONG,later,1,1,1,15,9,5
SECONDARY_148,STRAT_322_CONTINUATION,CMG,LONG,later,1,0,0,15,10,6
SECONDARY_148,STRAT_212_CONTINUATION,CMG,LONG,later,1,0,0,15,10,6
SECONDARY_148,STRAT_222_REVERSAL,CMG,SHORT,early_14:30-16:00,1,1,0,8,0,0
SECONDARY_148,STRAT_212_REVERSAL,CMG,SHORT,early_14:30-16:00,1,0,0,8,1,0
SECONDARY_148,STRAT_222_CONTINUATION,CMG,SHORT,early_14:30-16:00,3,0,0,6,1,0
SECONDARY_148,OTHER:strat_outside_continuation,CMG,SHORT,early_14:30-16:00,1,0,0,8,1,0
SECONDARY_148,OTHER:strat_22_continuation,CMG,SHORT,early_14:30-16:00,2,0,0,7,1,0
SECONDARY_148,STRAT_212_CONTINUATION,CMG,SHORT,early_14:30-16:00,1,0,0,8,1,0
SECONDARY_148,STRAT_222_REVERSAL,CMG,SHORT,later,2,0,0,7,3,0
SECONDARY_148,STRAT_212_REVERSAL,CMG,SHORT,later,2,0,0,7,3,0
SECONDARY_148,STRAT_222_CONTINUATION,CMG,SHORT,later,1,0,0,8,3,0
SECONDARY_148,OTHER:strat_outside_continuation,CMG,SHORT,later,3,2,0,6,1,0
SECONDARY_148,OTHER:strat_inside_break,CMG,SHORT,later,1,1,0,8,2,0
SECONDARY_148,OTHER:strat_122,CMG,SHORT,opening_14:00,1,1,1,2,1,1
SECONDARY_148,OTHER:strat_22_continuation,CMG,SHORT,opening_14:00,1,1,1,2,1,1
SECONDARY_148,STRAT_322_CONTINUATION,CMG,SHORT,opening_14:00,1,0,0,2,2,2
SECONDARY_148,STRAT_222_REVERSAL,COIN,LONG,early_14:30-16:00,2,1,0,5,1,1
SECONDARY_148,STRAT_222_CONTINUATION,COIN,LONG,early_14:30-16:00,2,0,0,5,2,1
SECONDARY_148,OTHER:strat_122,COIN,LONG,early_14:30-16:00,1,1,1,6,1,0
SECONDARY_148,STRAT_322_REVERSAL,COIN,LONG,early_14:30-16:00,1,0,0,6,2,1
SECONDARY_148,OTHER:strat_inside_break,COIN,LONG,early_14:30-16:00,1,0,0,6,2,1
SECONDARY_148,STRAT_222_REVERSAL,COIN,LONG,later,1,0,0,8,1,0
SECONDARY_148,STRAT_212_REVERSAL,COIN,LONG,later,3,0,0,6,1,0
SECONDARY_148,STRAT_222_CONTINUATION,COIN,LONG,later,1,0,0,8,1,0
SECONDARY_148,OTHER:strat_outside_continuation,COIN,LONG,later,1,0,0,8,1,0
SECONDARY_148,OTHER:strat_22_continuation,COIN,LONG,later,2,0,0,7,1,0
SECONDARY_148,STRAT_212_CONTINUATION,COIN,LONG,later,1,1,0,8,0,0
SECONDARY_148,STRAT_222_REVERSAL,COIN,LONG,opening_14:00,2,2,2,1,1,1
SECONDARY_148,OTHER:strat_outside_continuation,COIN,LONG,opening_14:00,1,1,1,2,2,2
SECONDARY_148,STRAT_222_REVERSAL,COIN,SHORT,early_14:30-16:00,2,1,0,4,3,1
SECONDARY_148,STRAT_212_REVERSAL,COIN,SHORT,early_14:30-16:00,2,1,1,4,3,0
SECONDARY_148,STRAT_222_CONTINUATION,COIN,SHORT,early_14:30-16:00,1,1,0,5,3,1
SECONDARY_148,OTHER:strat_22_continuation,COIN,SHORT,early_14:30-16:00,1,1,0,5,3,1
SECONDARY_148,STRAT_222_REVERSAL,COIN,SHORT,later,4,2,2,14,7,4
SECONDARY_148,STRAT_222_CONTINUATION,COIN,SHORT,later,5,3,2,13,6,4
SECONDARY_148,OTHER:strat_122,COIN,SHORT,later,3,2,1,15,7,5
SECONDARY_148,STRAT_322_REVERSAL,COIN,SHORT,later,1,1,0,17,8,6
SECONDARY_148,OTHER:strat_22_continuation,COIN,SHORT,later,2,0,0,16,9,6
SECONDARY_148,OTHER:strat_inside_break,COIN,SHORT,later,1,1,1,17,8,5
SECONDARY_148,STRAT_212_CONTINUATION,COIN,SHORT,later,2,0,0,16,9,6
SECONDARY_148,OTHER:strat_outside_continuation,COIN,SHORT,opening_14:00,1,1,0,1,1,1
SECONDARY_148,STRAT_312,COIN,SHORT,opening_14:00,1,1,1,1,1,0
SECONDARY_148,STRAT_212_REVERSAL,COP,LONG,early_14:30-16:00,2,2,1,6,3,2
SECONDARY_148,STRAT_222_CONTINUATION,COP,LONG,early_14:30-16:00,1,1,0,7,4,3
SECONDARY_148,OTHER:strat_122,COP,LONG,early_14:30-16:00,2,1,1,6,4,2
SECONDARY_148,STRAT_322_REVERSAL,COP,LONG,early_14:30-16:00,1,0,0,7,5,3
SECONDARY_148,OTHER:strat_22_continuation,COP,LONG,early_14:30-16:00,1,1,1,7,4,2
SECONDARY_148,STRAT_212_CONTINUATION,COP,LONG,early_14:30-16:00,1,0,0,7,5,3
SECONDARY_148,STRAT_222_REVERSAL,COP,LONG,later,2,1,0,9,4,1
SECONDARY_148,STRAT_222_CONTINUATION,COP,LONG,later,2,0,0,9,5,1
SECONDARY_148,OTHER:strat_outside_continuation,COP,LONG,later,2,2,0,9,3,1
SECONDARY_148,OTHER:strat_22_continuation,COP,LONG,later,2,0,0,9,5,1
SECONDARY_148,STRAT_322_CONTINUATION,COP,LONG,later,2,1,0,9,4,1
SECONDARY_148,STRAT_212_CONTINUATION,COP,LONG,later,1,1,1,10,4,0
SECONDARY_148,STRAT_212_REVERSAL,COP,LONG,opening_14:00,1,1,1,2,2,2
SECONDARY_148,OTHER:strat_outside_continuation,COP,LONG,opening_14:00,1,1,1,2,2,2
SECONDARY_148,OTHER:strat_22_continuation,COP,LONG,opening_14:00,1,1,1,2,2,2
SECONDARY_148,STRAT_222_REVERSAL,COP,SHORT,early_14:30-16:00,1,0,0,4,1,1
SECONDARY_148,STRAT_212_REVERSAL,COP,SHORT,early_14:30-16:00,1,0,0,4,1,1
SECONDARY_148,OTHER:strat_122,COP,SHORT,early_14:30-16:00,1,1,1,4,0,0
SECONDARY_148,OTHER:strat_outside_continuation,COP,SHORT,early_14:30-16:00,1,0,0,4,1,1
SECONDARY_148,STRAT_312,COP,SHORT,early_14:30-16:00,1,0,0,4,1,1
SECONDARY_148,STRAT_222_REVERSAL,COP,SHORT,later,4,3,0,8,5,3
SECONDARY_148,STRAT_212_REVERSAL,COP,SHORT,later,1,1,1,11,7,2
SECONDARY_148,STRAT_222_CONTINUATION,COP,SHORT,later,3,1,0,9,7,3
SECONDARY_148,OTHER:strat_outside_continuation,COP,SHORT,later,1,1,0,11,7,3
SECONDARY_148,OTHER:strat_22_continuation,COP,SHORT,later,1,0,0,11,8,3
SECONDARY_148,OTHER:strat_inside_break,COP,SHORT,later,1,1,1,11,7,2
SECONDARY_148,STRAT_322_CONTINUATION,COP,SHORT,later,1,1,1,11,7,2
SECONDARY_148,OTHER:strat_outside_continuation,COP,SHORT,opening_14:00,1,1,1,0,0,0
SECONDARY_148,OTHER:strat_122,COST,LONG,early_14:30-16:00,1,0,0,4,2,0
SECONDARY_148,OTHER:strat_22_continuation,COST,LONG,early_14:30-16:00,2,1,0,3,1,0
SECONDARY_148,OTHER:strat_inside_break,COST,LONG,early_14:30-16:00,1,1,0,4,1,0
SECONDARY_148,STRAT_212_CONTINUATION,COST,LONG,early_14:30-16:00,1,0,0,4,2,0
SECONDARY_148,STRAT_222_REVERSAL,COST,LONG,later,5,3,1,11,3,2
SECONDARY_148,STRAT_212_REVERSAL,COST,LONG,later,1,0,0,15,6,3
SECONDARY_148,STRAT_222_CONTINUATION,COST,LONG,later,5,0,0,11,6,3
SECONDARY_148,STRAT_322_REVERSAL,COST,LONG,later,1,1,0,15,5,3
SECONDARY_148,OTHER:strat_22_continuation,COST,LONG,later,2,0,0,14,6,3
SECONDARY_148,OTHER:strat_inside_break,COST,LONG,later,1,1,1,15,5,2
SECONDARY_148,STRAT_212_CONTINUATION,COST,LONG,later,1,1,1,15,5,2
SECONDARY_148,STRAT_222_CONTINUATION,COST,LONG,opening_14:00,3,3,2,0,0,0
SECONDARY_148,STRAT_222_REVERSAL,COST,SHORT,early_14:30-16:00,2,0,0,4,3,1
SECONDARY_148,STRAT_222_CONTINUATION,COST,SHORT,early_14:30-16:00,1,0,0,5,3,1
SECONDARY_148,STRAT_312,COST,SHORT,early_14:30-16:00,1,1,0,5,2,1
SECONDARY_148,STRAT_322_CONTINUATION,COST,SHORT,early_14:30-16:00,1,1,0,5,2,1
SECONDARY_148,STRAT_212_CONTINUATION,COST,SHORT,early_14:30-16:00,1,1,1,5,2,0
SECONDARY_148,STRAT_222_REVERSAL,COST,SHORT,later,4,2,1,9,4,1
SECONDARY_148,STRAT_212_REVERSAL,COST,SHORT,later,1,1,0,12,5,2
SECONDARY_148,STRAT_222_CONTINUATION,COST,SHORT,later,4,1,0,9,5,2
SECONDARY_148,OTHER:strat_outside_continuation,COST,SHORT,later,3,1,1,10,5,1
SECONDARY_148,STRAT_322_CONTINUATION,COST,SHORT,later,1,1,0,12,5,2
SECONDARY_148,STRAT_222_REVERSAL,COST,SHORT,opening_14:00,1,1,1,1,1,1
SECONDARY_148,OTHER:strat_outside_continuation,COST,SHORT,opening_14:00,1,1,1,1,1,1
SECONDARY_148,STRAT_222_REVERSAL,CRM,LONG,early_14:30-16:00,1,0,0,7,5,2
SECONDARY_148,STRAT_222_CONTINUATION,CRM,LONG,early_14:30-16:00,1,1,1,7,4,1
SECONDARY_148,STRAT_312,CRM,LONG,early_14:30-16:00,1,0,0,7,5,2
SECONDARY_148,OTHER:strat_22_continuation,CRM,LONG,early_14:30-16:00,2,2,0,6,3,2
SECONDARY_148,OTHER:strat_inside_break,CRM,LONG,early_14:30-16:00,2,1,1,6,4,1
SECONDARY_148,STRAT_212_CONTINUATION,CRM,LONG,early_14:30-16:00,1,1,0,7,4,2
SECONDARY_148,STRAT_222_REVERSAL,CRM,LONG,later,1,0,0,7,2,0
SECONDARY_148,STRAT_222_CONTINUATION,CRM,LONG,later,3,0,0,5,2,0
SECONDARY_148,OTHER:strat_outside_continuation,CRM,LONG,later,1,0,0,7,2,0
SECONDARY_148,OTHER:strat_22_continuation,CRM,LONG,later,1,0,0,7,2,0
SECONDARY_148,STRAT_212_CONTINUATION,CRM,LONG,later,2,2,0,6,0,0
SECONDARY_148,STRAT_222_REVERSAL,CRM,LONG,opening_14:00,1,1,1,0,0,0
SECONDARY_148,OTHER:strat_122,CRM,SHORT,early_14:30-16:00,1,1,0,2,2,2
SECONDARY_148,OTHER:strat_22_continuation,CRM,SHORT,early_14:30-16:00,1,1,1,2,2,1
SECONDARY_148,OTHER:strat_inside_break,CRM,SHORT,early_14:30-16:00,1,1,1,2,2,1
SECONDARY_148,STRAT_222_REVERSAL,CRM,SHORT,later,3,2,1,12,11,9
SECONDARY_148,STRAT_222_CONTINUATION,CRM,SHORT,later,5,5,4,10,8,6
SECONDARY_148,OTHER:strat_outside_continuation,CRM,SHORT,later,2,2,2,13,11,8
SECONDARY_148,STRAT_322_REVERSAL,CRM,SHORT,later,1,1,0,14,12,10
SECONDARY_148,OTHER:strat_22_continuation,CRM,SHORT,later,1,1,1,14,12,9
SECONDARY_148,OTHER:strat_inside_break,CRM,SHORT,later,1,1,1,14,12,9
SECONDARY_148,STRAT_322_CONTINUATION,CRM,SHORT,later,2,1,1,13,12,9
SECONDARY_148,STRAT_222_REVERSAL,CRWD,LONG,early_14:30-16:00,2,0,0,4,4,1
SECONDARY_148,OTHER:strat_22_continuation,CRWD,LONG,early_14:30-16:00,2,2,0,4,2,1
SECONDARY_148,OTHER:strat_inside_break,CRWD,LONG,early_14:30-16:00,2,2,1,4,2,0
SECONDARY_148,STRAT_222_REVERSAL,CRWD,LONG,later,2,0,0,7,1,1
SECONDARY_148,STRAT_222_CONTINUATION,CRWD,LONG,later,3,0,0,6,1,1
SECONDARY_148,STRAT_322_REVERSAL,CRWD,LONG,later,2,1,1,7,0,0
SECONDARY_148,OTHER:strat_22_continuation,CRWD,LONG,later,1,0,0,8,1,1
SECONDARY_148,STRAT_212_CONTINUATION,CRWD,LONG,later,1,0,0,8,1,1
SECONDARY_148,STRAT_222_REVERSAL,CRWD,LONG,opening_14:00,1,1,0,1,1,1
SECONDARY_148,STRAT_222_CONTINUATION,CRWD,LONG,opening_14:00,1,1,1,1,1,0
SECONDARY_148,STRAT_222_REVERSAL,CRWD,SHORT,early_14:30-16:00,2,0,0,2,0,0
SECONDARY_148,STRAT_312,CRWD,SHORT,early_14:30-16:00,1,0,0,3,0,0
SECONDARY_148,OTHER:strat_22_continuation,CRWD,SHORT,early_14:30-16:00,1,0,0,3,0,0
SECONDARY_148,STRAT_222_REVERSAL,CRWD,SHORT,later,5,5,1,10,5,1
SECONDARY_148,STRAT_212_REVERSAL,CRWD,SHORT,later,1,1,0,14,9,2
SECONDARY_148,STRAT_222_CONTINUATION,CRWD,SHORT,later,3,1,0,12,9,2
SECONDARY_148,OTHER:strat_outside_continuation,CRWD,SHORT,later,3,0,0,12,10,2
SECONDARY_148,OTHER:strat_22_continuation,CRWD,SHORT,later,1,1,0,14,9,2
SECONDARY_148,OTHER:strat_inside_break,CRWD,SHORT,later,1,1,0,14,9,2
SECONDARY_148,STRAT_212_CONTINUATION,CRWD,SHORT,later,1,1,1,14,9,1
SECONDARY_148,STRAT_222_REVERSAL,CSCO,LONG,early_14:30-16:00,1,1,0,5,0,0
SECONDARY_148,STRAT_222_CONTINUATION,CSCO,LONG,early_14:30-16:00,4,0,0,2,1,0
SECONDARY_148,OTHER:strat_outside_continuation,CSCO,LONG,early_14:30-16:00,1,0,0,5,1,0
SECONDARY_148,STRAT_222_REVERSAL,CSCO,LONG,later,4,0,0,10,3,1
SECONDARY_148,STRAT_212_REVERSAL,CSCO,LONG,later,2,0,0,12,3,1
SECONDARY_148,STRAT_222_CONTINUATION,CSCO,LONG,later,1,0,0,13,3,1
SECONDARY_148,OTHER:strat_122,CSCO,LONG,later,1,1,0,13,2,1
SECONDARY_148,OTHER:strat_outside_continuation,CSCO,LONG,later,1,0,0,13,3,1
SECONDARY_148,OTHER:strat_22_continuation,CSCO,LONG,later,2,1,1,12,2,0
SECONDARY_148,STRAT_322_CONTINUATION,CSCO,LONG,later,1,0,0,13,3,1
SECONDARY_148,STRAT_212_CONTINUATION,CSCO,LONG,later,2,1,0,12,2,1
SECONDARY_148,STRAT_222_REVERSAL,CSCO,LONG,opening_14:00,1,1,0,2,2,2
SECONDARY_148,OTHER:strat_122,CSCO,LONG,opening_14:00,1,1,1,2,2,1
SECONDARY_148,STRAT_322_REVERSAL,CSCO,LONG,opening_14:00,1,1,1,2,2,1
SECONDARY_148,STRAT_222_REVERSAL,CSCO,SHORT,early_14:30-16:00,1,1,1,1,1,1
SECONDARY_148,OTHER:strat_outside_continuation,CSCO,SHORT,early_14:30-16:00,1,1,1,1,1,1
SECONDARY_148,STRAT_222_REVERSAL,CSCO,SHORT,later,3,3,1,15,9,4
SECONDARY_148,STRAT_212_REVERSAL,CSCO,SHORT,later,1,1,1,17,11,4
SECONDARY_148,STRAT_222_CONTINUATION,CSCO,SHORT,later,5,3,1,13,9,4
SECONDARY_148,OTHER:strat_122,CSCO,SHORT,later,1,0,0,17,12,5
SECONDARY_148,OTHER:strat_outside_continuation,CSCO,SHORT,later,2,1,0,16,11,5
SECONDARY_148,STRAT_322_REVERSAL,CSCO,SHORT,later,1,1,1,17,11,4
SECONDARY_148,STRAT_312,CSCO,SHORT,later,1,0,0,17,12,5
SECONDARY_148,OTHER:strat_22_continuation,CSCO,SHORT,later,2,1,0,16,11,5
SECONDARY_148,OTHER:strat_inside_break,CSCO,SHORT,later,1,1,0,17,11,5
SECONDARY_148,STRAT_322_CONTINUATION,CSCO,SHORT,later,1,1,1,17,11,4
SECONDARY_148,STRAT_222_REVERSAL,CSCO,SHORT,opening_14:00,1,1,1,0,0,0
SECONDARY_148,STRAT_222_REVERSAL,CVX,LONG,early_14:30-16:00,1,0,0,6,2,1
SECONDARY_148,STRAT_212_REVERSAL,CVX,LONG,early_14:30-16:00,1,1,0,6,1,1
SECONDARY_148,STRAT_222_CONTINUATION,CVX,LONG,early_14:30-16:00,1,0,0,6,2,1
SECONDARY_148,OTHER:strat_outside_continuation,CVX,LONG,early_14:30-16:00,1,0,0,6,2,1
SECONDARY_148,OTHER:strat_22_continuation,CVX,LONG,early_14:30-16:00,2,0,0,5,2,1
SECONDARY_148,STRAT_212_CONTINUATION,CVX,LONG,early_14:30-16:00,1,1,1,6,1,0
SECONDARY_148,STRAT_222_REVERSAL,CVX,LONG,later,3,0,0,8,4,0
SECONDARY_148,STRAT_212_REVERSAL,CVX,LONG,later,1,0,0,10,4,0
SECONDARY_148,STRAT_222_CONTINUATION,CVX,LONG,later,2,1,0,9,3,0
SECONDARY_148,OTHER:strat_outside_continuation,CVX,LONG,later,2,2,0,9,2,0
SECONDARY_148,STRAT_322_REVERSAL,CVX,LONG,later,1,1,0,10,3,0
SECONDARY_148,STRAT_312,CVX,LONG,later,1,0,0,10,4,0
SECONDARY_148,STRAT_322_CONTINUATION,CVX,LONG,later,1,0,0,10,4,0
SECONDARY_148,STRAT_222_REVERSAL,CVX,LONG,opening_14:00,2,2,2,1,1,1
SECONDARY_148,OTHER:strat_outside_continuation,CVX,LONG,opening_14:00,1,1,1,2,2,2
SECONDARY_148,STRAT_222_REVERSAL,CVX,SHORT,early_14:30-16:00,1,1,1,6,2,1
SECONDARY_148,STRAT_212_REVERSAL,CVX,SHORT,early_14:30-16:00,1,0,0,6,3,2
SECONDARY_148,STRAT_222_CONTINUATION,CVX,SHORT,early_14:30-16:00,2,1,1,5,2,1
SECONDARY_148,OTHER:strat_outside_continuation,CVX,SHORT,early_14:30-16:00,1,0,0,6,3,2
SECONDARY_148,STRAT_322_REVERSAL,CVX,SHORT,early_14:30-16:00,1,1,0,6,2,2
SECONDARY_148,OTHER:strat_22_continuation,CVX,SHORT,early_14:30-16:00,1,0,0,6,3,2
SECONDARY_148,STRAT_222_REVERSAL,CVX,SHORT,later,4,3,0,10,2,2
SECONDARY_148,STRAT_212_REVERSAL,CVX,SHORT,later,1,0,0,13,5,2
SECONDARY_148,STRAT_222_CONTINUATION,CVX,SHORT,later,2,1,1,12,4,1
SECONDARY_148,OTHER:strat_122,CVX,SHORT,later,2,1,1,12,4,1
SECONDARY_148,OTHER:strat_outside_continuation,CVX,SHORT,later,1,0,0,13,5,2
SECONDARY_148,STRAT_322_REVERSAL,CVX,SHORT,later,1,0,0,13,5,2
SECONDARY_148,OTHER:strat_22_continuation,CVX,SHORT,later,1,0,0,13,5,2
SECONDARY_148,STRAT_212_CONTINUATION,CVX,SHORT,later,2,0,0,12,5,2
SECONDARY_148,OTHER:strat_122,D,LONG,early_14:30-16:00,1,0,0,0,0,0
SECONDARY_148,STRAT_222_REVERSAL,D,LONG,later,4,3,1,9,4,0
SECONDARY_148,STRAT_212_REVERSAL,D,LONG,later,1,1,0,12,6,1
SECONDARY_148,STRAT_222_CONTINUATION,D,LONG,later,3,2,0,10,5,1
SECONDARY_148,OTHER:strat_outside_continuation,D,LONG,later,1,0,0,12,7,1
SECONDARY_148,STRAT_312,D,LONG,later,1,1,0,12,6,1
SECONDARY_148,OTHER:strat_22_continuation,D,LONG,later,2,0,0,11,7,1
SECONDARY_148,STRAT_322_CONTINUATION,D,LONG,later,1,0,0,12,7,1
SECONDARY_148,STRAT_222_REVERSAL,D,LONG,opening_14:00,1,0,0,3,1,0
SECONDARY_148,OTHER:strat_122,D,LONG,opening_14:00,1,0,0,3,1,0
SECONDARY_148,OTHER:strat_outside_continuation,D,LONG,opening_14:00,2,1,0,2,0,0
SECONDARY_148,STRAT_222_REVERSAL,D,SHORT,early_14:30-16:00,1,0,0,9,4,3
SECONDARY_148,STRAT_212_REVERSAL,D,SHORT,early_14:30-16:00,1,1,1,9,3,2
SECONDARY_148,STRAT_222_CONTINUATION,D,SHORT,early_14:30-16:00,4,1,1,6,3,2
SECONDARY_148,STRAT_322_REVERSAL,D,SHORT,early_14:30-16:00,2,2,1,8,2,2
SECONDARY_148,OTHER:strat_22_continuation,D,SHORT,early_14:30-16:00,1,0,0,9,4,3
SECONDARY_148,OTHER:strat_inside_break,D,SHORT,early_14:30-16:00,1,0,0,9,4,3
SECONDARY_148,STRAT_222_REVERSAL,D,SHORT,later,5,4,4,8,7,6
SECONDARY_148,STRAT_212_REVERSAL,D,SHORT,later,1,0,0,12,11,10
SECONDARY_148,STRAT_222_CONTINUATION,D,SHORT,later,2,2,2,11,9,8
SECONDARY_148,OTHER:strat_outside_continuation,D,SHORT,later,1,1,1,12,10,9
SECONDARY_148,OTHER:strat_22_continuation,D,SHORT,later,1,1,0,12,10,10
SECONDARY_148,STRAT_322_CONTINUATION,D,SHORT,later,1,1,1,12,10,9
SECONDARY_148,STRAT_212_CONTINUATION,D,SHORT,later,2,2,2,11,9,8
SECONDARY_148,STRAT_222_REVERSAL,DASH,LONG,early_14:30-16:00,1,1,0,6,2,0
SECONDARY_148,STRAT_212_REVERSAL,DASH,LONG,early_14:30-16:00,1,0,0,6,3,0
SECONDARY_148,STRAT_222_CONTINUATION,DASH,LONG,early_14:30-16:00,1,0,0,6,3,0
SECONDARY_148,OTHER:strat_122,DASH,LONG,early_14:30-16:00,1,0,0,6,3,0
SECONDARY_148,STRAT_312,DASH,LONG,early_14:30-16:00,1,1,0,6,2,0
SECONDARY_148,OTHER:strat_22_continuation,DASH,LONG,early_14:30-16:00,1,1,0,6,2,0
SECONDARY_148,STRAT_212_CONTINUATION,DASH,LONG,early_14:30-16:00,1,0,0,6,3,0
SECONDARY_148,STRAT_222_REVERSAL,DASH,LONG,later,7,4,2,10,2,0
SECONDARY_148,STRAT_212_REVERSAL,DASH,LONG,later,1,0,0,16,6,2
SECONDARY_148,STRAT_222_CONTINUATION,DASH,LONG,later,5,2,0,12,4,2
SECONDARY_148,OTHER:strat_outside_continuation,DASH,LONG,later,3,0,0,14,6,2
SECONDARY_148,STRAT_322_CONTINUATION,DASH,LONG,later,1,0,0,16,6,2
SECONDARY_148,OTHER:strat_22_continuation,DASH,LONG,opening_14:00,1,1,1,0,0,0
SECONDARY_148,STRAT_222_REVERSAL,DASH,SHORT,early_14:30-16:00,2,0,0,3,2,0
SECONDARY_148,STRAT_222_CONTINUATION,DASH,SHORT,early_14:30-16:00,1,0,0,4,2,0
SECONDARY_148,OTHER:strat_122,DASH,SHORT,early_14:30-16:00,1,1,0,4,1,0
SECONDARY_148,STRAT_212_CONTINUATION,DASH,SHORT,early_14:30-16:00,1,1,0,4,1,0
SECONDARY_148,STRAT_222_REVERSAL,DASH,SHORT,later,6,3,2,7,4,2
SECONDARY_148,STRAT_222_CONTINUATION,DASH,SHORT,later,5,3,1,8,4,3
SECONDARY_148,STRAT_322_REVERSAL,DASH,SHORT,later,2,1,1,11,6,3
SECONDARY_148,STRAT_222_REVERSAL,DASH,SHORT,opening_14:00,1,1,1,2,2,2
SECONDARY_148,STRAT_222_CONTINUATION,DASH,SHORT,opening_14:00,2,2,2,1,1,1
SECONDARY_148,STRAT_222_REVERSAL,DDOG,LONG,early_14:30-16:00,1,1,0,6,3,0
SECONDARY_148,STRAT_222_CONTINUATION,DDOG,LONG,early_14:30-16:00,2,0,0,5,4,0
SECONDARY_148,OTHER:strat_122,DDOG,LONG,early_14:30-16:00,2,1,0,5,3,0
SECONDARY_148,STRAT_322_CONTINUATION,DDOG,LONG,early_14:30-16:00,1,1,0,6,3,0
SECONDARY_148,STRAT_212_CONTINUATION,DDOG,LONG,early_14:30-16:00,1,1,0,6,3,0
SECONDARY_148,STRAT_222_REVERSAL,DDOG,LONG,later,3,1,1,10,1,0
SECONDARY_148,STRAT_212_REVERSAL,DDOG,LONG,later,1,0,0,12,2,1
SECONDARY_148,STRAT_222_CONTINUATION,DDOG,LONG,later,4,0,0,9,2,1
SECONDARY_148,OTHER:strat_122,DDOG,LONG,later,2,1,0,11,1,1
SECONDARY_148,OTHER:strat_inside_break,DDOG,LONG,later,1,0,0,12,2,1
SECONDARY_148,STRAT_212_CONTINUATION,DDOG,LONG,later,2,0,0,11,2,1
SECONDARY_148,STRAT_222_CONTINUATION,DDOG,LONG,opening_14:00,1,1,1,1,1,1
SECONDARY_148,OTHER:strat_outside_continuation,DDOG,LONG,opening_14:00,1,1,1,1,1,1
SECONDARY_148,STRAT_312,DDOG,SHORT,early_14:30-16:00,1,0,0,3,0,0
SECONDARY_148,OTHER:strat_22_continuation,DDOG,SHORT,early_14:30-16:00,1,0,0,3,0,0
SECONDARY_148,OTHER:strat_inside_break,DDOG,SHORT,early_14:30-16:00,1,0,0,3,0,0
SECONDARY_148,STRAT_212_CONTINUATION,DDOG,SHORT,early_14:30-16:00,1,0,0,3,0,0
SECONDARY_148,STRAT_222_REVERSAL,DDOG,SHORT,later,3,2,1,11,5,2
SECONDARY_148,STRAT_212_REVERSAL,DDOG,SHORT,later,2,1,0,12,6,3
SECONDARY_148,STRAT_222_CONTINUATION,DDOG,SHORT,later,4,2,1,10,5,2
SECONDARY_148,OTHER:strat_122,DDOG,SHORT,later,3,2,1,11,5,2
SECONDARY_148,OTHER:strat_22_continuation,DDOG,SHORT,later,1,0,0,13,7,3
SECONDARY_148,STRAT_212_CONTINUATION,DDOG,SHORT,later,1,0,0,13,7,3
SECONDARY_148,STRAT_222_CONTINUATION,DDOG,SHORT,opening_14:00,1,1,1,0,0,0
SECONDARY_148,STRAT_222_REVERSAL,DE,LONG,early_14:30-16:00,2,1,0,3,0,0
SECONDARY_148,STRAT_222_CONTINUATION,DE,LONG,early_14:30-16:00,1,0,0,4,1,0
SECONDARY_148,OTHER:strat_122,DE,LONG,early_14:30-16:00,1,0,0,4,1,0
SECONDARY_148,STRAT_312,DE,LONG,early_14:30-16:00,1,0,0,4,1,0
SECONDARY_148,STRAT_222_REVERSAL,DE,LONG,later,3,0,0,9,2,1
SECONDARY_148,STRAT_212_REVERSAL,DE,LONG,later,2,1,1,10,1,0
SECONDARY_148,STRAT_222_CONTINUATION,DE,LONG,later,1,0,0,11,2,1
SECONDARY_148,OTHER:strat_outside_continuation,DE,LONG,later,2,0,0,10,2,1
SECONDARY_148,STRAT_322_REVERSAL,DE,LONG,later,1,0,0,11,2,1
SECONDARY_148,STRAT_312,DE,LONG,later,1,1,0,11,1,1
SECONDARY_148,OTHER:strat_22_continuation,DE,LONG,later,2,0,0,10,2,1
SECONDARY_148,STRAT_322_CONTINUATION,DE,LONG,opening_14:00,2,2,1,0,0,0
SECONDARY_148,STRAT_212_REVERSAL,DE,SHORT,early_14:30-16:00,2,1,1,6,4,1
SECONDARY_148,STRAT_222_CONTINUATION,DE,SHORT,early_14:30-16:00,2,1,0,6,4,2
SECONDARY_148,OTHER:strat_122,DE,SHORT,early_14:30-16:00,1,1,0,7,4,2
SECONDARY_148,OTHER:strat_outside_continuation,DE,SHORT,early_14:30-16:00,1,0,0,7,5,2
SECONDARY_148,OTHER:strat_22_continuation,DE,SHORT,early_14:30-16:00,1,1,1,7,4,1
SECONDARY_148,STRAT_322_CONTINUATION,DE,SHORT,early_14:30-16:00,1,1,0,7,4,2
SECONDARY_148,STRAT_222_REVERSAL,DE,SHORT,later,2,2,1,10,7,2
SECONDARY_148,STRAT_212_REVERSAL,DE,SHORT,later,1,1,1,11,8,2
SECONDARY_148,STRAT_222_CONTINUATION,DE,SHORT,later,3,2,0,9,7,3
SECONDARY_148,OTHER:strat_outside_continuation,DE,SHORT,later,3,2,1,9,7,2
SECONDARY_148,OTHER:strat_22_continuation,DE,SHORT,later,1,1,0,11,8,3
SECONDARY_148,STRAT_322_CONTINUATION,DE,SHORT,later,2,1,0,10,8,3
SECONDARY_148,STRAT_222_REVERSAL,DE,SHORT,opening_14:00,1,1,1,0,0,0
SECONDARY_148,STRAT_222_REVERSAL,DHR,LONG,early_14:30-16:00,1,0,0,6,1,0
SECONDARY_148,STRAT_212_REVERSAL,DHR,LONG,early_14:30-16:00,2,1,0,5,0,0
SECONDARY_148,STRAT_222_CONTINUATION,DHR,LONG,early_14:30-16:00,2,0,0,5,1,0
SECONDARY_148,OTHER:strat_122,DHR,LONG,early_14:30-16:00,1,0,0,6,1,0
SECONDARY_148,OTHER:strat_22_continuation,DHR,LONG,early_14:30-16:00,1,0,0,6,1,0
SECONDARY_148,STRAT_222_REVERSAL,DHR,LONG,later,3,1,0,10,4,1
SECONDARY_148,STRAT_222_CONTINUATION,DHR,LONG,later,2,1,0,11,4,1
SECONDARY_148,OTHER:strat_122,DHR,LONG,later,2,1,0,11,4,1
SECONDARY_148,OTHER:strat_outside_continuation,DHR,LONG,later,3,1,1,10,4,0
SECONDARY_148,STRAT_322_REVERSAL,DHR,LONG,later,1,0,0,12,5,1
SECONDARY_148,OTHER:strat_inside_break,DHR,LONG,later,1,0,0,12,5,1
SECONDARY_148,STRAT_322_CONTINUATION,DHR,LONG,later,1,1,0,12,4,1
SECONDARY_148,STRAT_222_CONTINUATION,DHR,LONG,opening_14:00,1,1,1,0,0,0
SECONDARY_148,STRAT_222_REVERSAL,DHR,SHORT,early_14:30-16:00,1,0,0,3,1,0
SECONDARY_148,OTHER:strat_outside_continuation,DHR,SHORT,early_14:30-16:00,2,0,0,2,1,0
SECONDARY_148,OTHER:strat_inside_break,DHR,SHORT,early_14:30-16:00,1,1,0,3,0,0
SECONDARY_148,STRAT_222_REVERSAL,DHR,SHORT,later,4,3,2,10,3,2
SECONDARY_148,STRAT_222_CONTINUATION,DHR,SHORT,later,2,0,0,12,6,4
SECONDARY_148,OTHER:strat_outside_continuation,DHR,SHORT,later,3,1,0,11,5,4
SECONDARY_148,STRAT_322_REVERSAL,DHR,SHORT,later,2,2,2,12,4,2
SECONDARY_148,STRAT_322_CONTINUATION,DHR,SHORT,later,1,0,0,13,6,4
SECONDARY_148,STRAT_212_CONTINUATION,DHR,SHORT,later,2,0,0,12,6,4
SECONDARY_148,STRAT_222_CONTINUATION,DHR,SHORT,opening_14:00,1,1,1,1,1,0
SECONDARY_148,OTHER:strat_outside_continuation,DHR,SHORT,opening_14:00,1,1,0,1,1,1
SECONDARY_148,STRAT_222_REVERSAL,DIA,LONG,early_14:30-16:00,2,1,1,5,3,1
SECONDARY_148,STRAT_222_CONTINUATION,DIA,LONG,early_14:30-16:00,3,2,0,4,2,2
SECONDARY_148,OTHER:strat_122,DIA,LONG,early_14:30-16:00,1,0,0,6,4,2
SECONDARY_148,STRAT_322_REVERSAL,DIA,LONG,early_14:30-16:00,1,1,1,6,3,1
SECONDARY_148,STRAT_222_REVERSAL,DIA,LONG,later,2,0,0,7,1,0
SECONDARY_148,STRAT_222_CONTINUATION,DIA,LONG,later,1,0,0,8,1,0
SECONDARY_148,OTHER:strat_122,DIA,LONG,later,1,1,0,8,0,0
SECONDARY_148,OTHER:strat_outside_continuation,DIA,LONG,later,4,0,0,5,1,0
SECONDARY_148,STRAT_312,DIA,LONG,later,1,0,0,8,1,0
SECONDARY_148,STRAT_222_CONTINUATION,DIA,LONG,opening_14:00,1,1,1,0,0,0
SECONDARY_148,STRAT_212_REVERSAL,DIA,SHORT,early_14:30-16:00,1,1,0,4,1,0
SECONDARY_148,STRAT_222_CONTINUATION,DIA,SHORT,early_14:30-16:00,1,0,0,4,2,0
SECONDARY_148,OTHER:strat_outside_continuation,DIA,SHORT,early_14:30-16:00,1,0,0,4,2,0
SECONDARY_148,STRAT_312,DIA,SHORT,early_14:30-16:00,1,1,0,4,1,0
SECONDARY_148,STRAT_322_CONTINUATION,DIA,SHORT,early_14:30-16:00,1,0,0,4,2,0
SECONDARY_148,STRAT_222_REVERSAL,DIA,SHORT,later,2,0,0,12,4,0
SECONDARY_148,STRAT_212_REVERSAL,DIA,SHORT,later,2,1,0,12,3,0
SECONDARY_148,STRAT_222_CONTINUATION,DIA,SHORT,later,4,1,0,10,3,0
SECONDARY_148,OTHER:strat_outside_continuation,DIA,SHORT,later,1,0,0,13,4,0
SECONDARY_148,STRAT_322_REVERSAL,DIA,SHORT,later,1,0,0,13,4,0
SECONDARY_148,STRAT_312,DIA,SHORT,later,1,0,0,13,4,0
SECONDARY_148,OTHER:strat_22_continuation,DIA,SHORT,later,2,1,0,12,3,0
SECONDARY_148,STRAT_212_CONTINUATION,DIA,SHORT,later,1,1,0,13,3,0
SECONDARY_148,STRAT_222_CONTINUATION,DIA,SHORT,opening_14:00,2,2,2,2,2,2
SECONDARY_148,OTHER:strat_outside_continuation,DIA,SHORT,opening_14:00,1,1,1,3,3,3
SECONDARY_148,OTHER:strat_22_continuation,DIA,SHORT,opening_14:00,1,1,1,3,3,3
SECONDARY_148,STRAT_222_REVERSAL,DIS,LONG,early_14:30-16:00,2,1,1,7,3,0
SECONDARY_148,STRAT_222_CONTINUATION,DIS,LONG,early_14:30-16:00,4,0,0,5,4,1
SECONDARY_148,OTHER:strat_outside_continuation,DIS,LONG,early_14:30-16:00,2,2,0,7,2,1
SECONDARY_148,STRAT_322_CONTINUATION,DIS,LONG,early_14:30-16:00,1,1,0,8,3,1
SECONDARY_148,STRAT_222_REVERSAL,DIS,LONG,later,2,1,1,11,5,3
SECONDARY_148,STRAT_212_REVERSAL,DIS,LONG,later,2,1,1,11,5,3
SECONDARY_148,STRAT_222_CONTINUATION,DIS,LONG,later,3,0,0,10,6,4
SECONDARY_148,OTHER:strat_122,DIS,LONG,later,1,1,0,12,5,4
SECONDARY_148,OTHER:strat_outside_continuation,DIS,LONG,later,1,1,1,12,5,3
SECONDARY_148,STRAT_312,DIS,LONG,later,1,1,1,12,5,3
SECONDARY_148,OTHER:strat_22_continuation,DIS,LONG,later,2,1,0,11,5,4
SECONDARY_148,STRAT_212_CONTINUATION,DIS,LONG,later,1,0,0,12,6,4
SECONDARY_148,STRAT_222_REVERSAL,DIS,LONG,opening_14:00,1,1,1,1,0,0
SECONDARY_148,STRAT_322_CONTINUATION,DIS,LONG,opening_14:00,1,0,0,1,1,1
SECONDARY_148,STRAT_212_REVERSAL,DIS,SHORT,early_14:30-16:00,1,1,1,1,0,0
SECONDARY_148,STRAT_322_CONTINUATION,DIS,SHORT,early_14:30-16:00,1,0,0,1,1,1
SECONDARY_148,STRAT_222_REVERSAL,DIS,SHORT,later,3,1,1,10,5,2
SECONDARY_148,STRAT_212_REVERSAL,DIS,SHORT,later,2,1,1,11,5,2
SECONDARY_148,STRAT_222_CONTINUATION,DIS,SHORT,later,1,1,0,12,5,3
SECONDARY_148,OTHER:strat_122,DIS,SHORT,later,1,1,0,12,5,3
SECONDARY_148,STRAT_322_REVERSAL,DIS,SHORT,later,1,0,0,12,6,3
SECONDARY_148,STRAT_312,DIS,SHORT,later,2,0,0,11,6,3
SECONDARY_148,OTHER:strat_22_continuation,DIS,SHORT,later,1,1,1,12,5,2
SECONDARY_148,OTHER:strat_inside_break,DIS,SHORT,later,1,1,0,12,5,3
SECONDARY_148,STRAT_212_CONTINUATION,DIS,SHORT,later,1,0,0,12,6,3
SECONDARY_148,STRAT_222_REVERSAL,DIS,SHORT,opening_14:00,1,1,1,1,1,1
SECONDARY_148,OTHER:strat_outside_continuation,DIS,SHORT,opening_14:00,1,1,1,1,1,1
SECONDARY_148,STRAT_222_REVERSAL,DOW,LONG,early_14:30-16:00,1,0,0,5,4,1
SECONDARY_148,STRAT_222_CONTINUATION,DOW,LONG,early_14:30-16:00,3,2,0,3,2,1
SECONDARY_148,STRAT_322_REVERSAL,DOW,LONG,early_14:30-16:00,1,1,0,5,3,1
SECONDARY_148,STRAT_322_CONTINUATION,DOW,LONG,early_14:30-16:00,1,1,1,5,3,0
SECONDARY_148,STRAT_222_REVERSAL,DOW,LONG,later,2,0,0,12,4,1
SECONDARY_148,STRAT_212_REVERSAL,DOW,LONG,later,4,1,1,10,3,0
SECONDARY_148,STRAT_222_CONTINUATION,DOW,LONG,later,1,0,0,13,4,1
SECONDARY_148,STRAT_322_REVERSAL,DOW,LONG,later,1,0,0,13,4,1
SECONDARY_148,OTHER:strat_22_continuation,DOW,LONG,later,3,1,0,11,3,1
SECONDARY_148,STRAT_212_CONTINUATION,DOW,LONG,later,3,2,0,11,2,1
SECONDARY_148,STRAT_222_REVERSAL,DOW,LONG,opening_14:00,2,2,2,1,1,1
SECONDARY_148,OTHER:strat_outside_continuation,DOW,LONG,opening_14:00,1,1,1,2,2,2
SECONDARY_148,STRAT_222_REVERSAL,DOW,SHORT,early_14:30-16:00,1,0,0,3,0,0
SECONDARY_148,STRAT_222_CONTINUATION,DOW,SHORT,early_14:30-16:00,1,0,0,3,0,0
SECONDARY_148,OTHER:strat_outside_continuation,DOW,SHORT,early_14:30-16:00,1,0,0,3,0,0
SECONDARY_148,OTHER:strat_inside_break,DOW,SHORT,early_14:30-16:00,1,0,0,3,0,0
SECONDARY_148,STRAT_222_REVERSAL,DOW,SHORT,later,5,2,0,10,3,2
SECONDARY_148,STRAT_212_REVERSAL,DOW,SHORT,later,3,2,1,12,3,1
SECONDARY_148,STRAT_222_CONTINUATION,DOW,SHORT,later,1,0,0,14,5,2
SECONDARY_148,OTHER:strat_outside_continuation,DOW,SHORT,later,1,0,0,14,5,2
SECONDARY_148,OTHER:strat_22_continuation,DOW,SHORT,later,4,0,0,11,5,2
SECONDARY_148,STRAT_212_CONTINUATION,DOW,SHORT,later,1,1,1,14,4,1
SECONDARY_148,STRAT_222_CONTINUATION,DOW,SHORT,opening_14:00,1,1,1,0,0,0
SECONDARY_148,STRAT_222_REVERSAL,DUK,LONG,early_14:30-16:00,1,1,0,1,0,0
SECONDARY_148,STRAT_312,DUK,LONG,early_14:30-16:00,1,0,0,1,1,0
SECONDARY_148,STRAT_222_REVERSAL,DUK,LONG,later,7,4,1,8,2,0
SECONDARY_148,STRAT_212_REVERSAL,DUK,LONG,later,1,1,0,14,5,1
SECONDARY_148,STRAT_222_CONTINUATION,DUK,LONG,later,4,0,0,11,6,1
SECONDARY_148,OTHER:strat_outside_continuation,DUK,LONG,later,1,1,0,14,5,1
SECONDARY_148,STRAT_312,DUK,LONG,later,1,0,0,14,6,1
SECONDARY_148,STRAT_322_CONTINUATION,DUK,LONG,later,1,0,0,14,6,1
SECONDARY_148,STRAT_222_REVERSAL,DUK,LONG,opening_14:00,1,1,0,1,1,1
SECONDARY_148,STRAT_322_REVERSAL,DUK,LONG,opening_14:00,1,1,1,1,1,0
SECONDARY_148,STRAT_222_REVERSAL,DUK,SHORT,early_14:30-16:00,2,0,0,8,4,0
SECONDARY_148,STRAT_222_CONTINUATION,DUK,SHORT,early_14:30-16:00,4,1,0,6,3,0
SECONDARY_148,OTHER:strat_122,DUK,SHORT,early_14:30-16:00,1,1,0,9,3,0
SECONDARY_148,STRAT_312,DUK,SHORT,early_14:30-16:00,1,1,0,9,3,0
SECONDARY_148,OTHER:strat_22_continuation,DUK,SHORT,early_14:30-16:00,1,0,0,9,4,0
SECONDARY_148,STRAT_322_CONTINUATION,DUK,SHORT,early_14:30-16:00,1,1,0,9,3,0
SECONDARY_148,STRAT_222_REVERSAL,DUK,SHORT,later,8,1,0,7,3,0
SECONDARY_148,STRAT_222_CONTINUATION,DUK,SHORT,later,4,1,0,11,3,0
SECONDARY_148,OTHER:strat_122,DUK,SHORT,later,1,0,0,14,4,0
SECONDARY_148,OTHER:strat_outside_continuation,DUK,SHORT,later,2,2,0,13,2,0
SECONDARY_148,OTHER:strat_outside_continuation,DUK,SHORT,opening_14:00,1,1,1,0,0,0
SECONDARY_148,STRAT_222_REVERSAL,DVA,LONG,early_14:30-16:00,2,1,0,6,1,0
SECONDARY_148,STRAT_222_CONTINUATION,DVA,LONG,early_14:30-16:00,3,1,0,5,1,0
SECONDARY_148,OTHER:strat_122,DVA,LONG,early_14:30-16:00,1,0,0,7,2,0
SECONDARY_148,OTHER:strat_outside_continuation,DVA,LONG,early_14:30-16:00,1,0,0,7,2,0
SECONDARY_148,STRAT_322_CONTINUATION,DVA,LONG,early_14:30-16:00,1,0,0,7,2,0
SECONDARY_148,STRAT_222_REVERSAL,DVA,LONG,later,4,1,0,11,5,1
SECONDARY_148,STRAT_212_REVERSAL,DVA,LONG,later,2,1,1,13,5,0
SECONDARY_148,STRAT_222_CONTINUATION,DVA,LONG,later,2,1,0,13,5,1
SECONDARY_148,OTHER:strat_122,DVA,LONG,later,1,1,0,14,5,1
SECONDARY_148,OTHER:strat_outside_continuation,DVA,LONG,later,1,0,0,14,6,1
SECONDARY_148,STRAT_312,DVA,LONG,later,1,1,0,14,5,1
SECONDARY_148,OTHER:strat_22_continuation,DVA,LONG,later,2,0,0,13,6,1
SECONDARY_148,STRAT_212_CONTINUATION,DVA,LONG,later,2,1,0,13,5,1
SECONDARY_148,STRAT_222_REVERSAL,DVA,LONG,opening_14:00,1,1,1,1,1,1
SECONDARY_148,OTHER:strat_22_continuation,DVA,LONG,opening_14:00,1,1,1,1,1,1
SECONDARY_148,STRAT_222_REVERSAL,DVA,SHORT,early_14:30-16:00,1,0,0,3,0,0
SECONDARY_148,STRAT_212_REVERSAL,DVA,SHORT,early_14:30-16:00,1,0,0,3,0,0
SECONDARY_148,OTHER:strat_outside_continuation,DVA,SHORT,early_14:30-16:00,1,0,0,3,0,0
SECONDARY_148,STRAT_322_CONTINUATION,DVA,SHORT,early_14:30-16:00,1,0,0,3,0,0
SECONDARY_148,STRAT_222_REVERSAL,DVA,SHORT,later,6,4,1,9,3,0
SECONDARY_148,STRAT_222_CONTINUATION,DVA,SHORT,later,4,1,0,11,6,1
SECONDARY_148,OTHER:strat_122,DVA,SHORT,later,2,1,0,13,6,1
SECONDARY_148,OTHER:strat_outside_continuation,DVA,SHORT,later,1,1,0,14,6,1
SECONDARY_148,STRAT_212_CONTINUATION,DVA,SHORT,later,2,0,0,13,7,1
SECONDARY_148,STRAT_222_CONTINUATION,DVA,SHORT,opening_14:00,1,1,0,0,0,0
SECONDARY_148,OTHER:strat_122,EQIX,LONG,early_14:30-16:00,1,1,1,7,3,3
SECONDARY_148,STRAT_312,EQIX,LONG,early_14:30-16:00,1,0,0,7,4,4
SECONDARY_148,OTHER:strat_22_continuation,EQIX,LONG,early_14:30-16:00,2,1,1,6,3,3
SECONDARY_148,OTHER:strat_inside_break,EQIX,LONG,early_14:30-16:00,3,2,2,5,2,2
SECONDARY_148,STRAT_322_CONTINUATION,EQIX,LONG,early_14:30-16:00,1,0,0,7,4,4
SECONDARY_148,STRAT_222_REVERSAL,EQIX,LONG,later,3,2,2,7,5,1
SECONDARY_148,STRAT_222_CONTINUATION,EQIX,LONG,later,2,1,0,8,6,3
SECONDARY_148,OTHER:strat_outside_continuation,EQIX,LONG,later,3,2,1,7,5,2
SECONDARY_148,STRAT_322_CONTINUATION,EQIX,LONG,later,2,2,0,8,5,3
SECONDARY_148,OTHER:strat_outside_continuation,EQIX,LONG,opening_14:00,1,1,1,0,0,0
SECONDARY_148,STRAT_212_REVERSAL,EQIX,SHORT,early_14:30-16:00,1,0,0,3,3,1
SECONDARY_148,STRAT_222_CONTINUATION,EQIX,SHORT,early_14:30-16:00,1,1,1,3,2,0
SECONDARY_148,OTHER:strat_122,EQIX,SHORT,early_14:30-16:00,2,2,0,2,1,1
SECONDARY_148,STRAT_222_REVERSAL,EQIX,SHORT,later,4,2,2,9,7,3
SECONDARY_148,STRAT_222_CONTINUATION,EQIX,SHORT,later,4,3,1,9,6,4
SECONDARY_148,STRAT_322_REVERSAL,EQIX,SHORT,later,1,1,1,12,8,4
SECONDARY_148,OTHER:strat_22_continuation,EQIX,SHORT,later,2,1,0,11,8,5
SECONDARY_148,STRAT_212_CONTINUATION,EQIX,SHORT,later,2,2,1,11,7,4
SECONDARY_148,STRAT_222_CONTINUATION,EQIX,SHORT,opening_14:00,2,1,1,0,0,0
SECONDARY_148,STRAT_222_REVERSAL,ETN,LONG,early_14:30-16:00,1,0,0,3,0,0
SECONDARY_148,STRAT_212_REVERSAL,ETN,LONG,early_14:30-16:00,2,0,0,2,0,0
SECONDARY_148,OTHER:strat_22_continuation,ETN,LONG,early_14:30-16:00,1,0,0,3,0,0
SECONDARY_148,STRAT_222_REVERSAL,ETN,LONG,later,3,2,1,9,1,0
SECONDARY_148,STRAT_222_CONTINUATION,ETN,LONG,later,2,0,0,10,3,1
SECONDARY_148,OTHER:strat_122,ETN,LONG,later,1,0,0,11,3,1
SECONDARY_148,OTHER:strat_outside_continuation,ETN,LONG,later,2,1,0,10,2,1
SECONDARY_148,STRAT_322_REVERSAL,ETN,LONG,later,1,0,0,11,3,1
SECONDARY_148,STRAT_212_CONTINUATION,ETN,LONG,later,3,0,0,9,3,1
SECONDARY_148,STRAT_222_REVERSAL,ETN,LONG,opening_14:00,1,1,1,1,1,1
SECONDARY_148,OTHER:strat_outside_continuation,ETN,LONG,opening_14:00,1,1,1,1,1,1
SECONDARY_148,STRAT_222_REVERSAL,ETN,SHORT,early_14:30-16:00,2,2,0,3,1,0
SECONDARY_148,STRAT_222_CONTINUATION,ETN,SHORT,early_14:30-16:00,1,1,0,4,2,0
SECONDARY_148,OTHER:strat_outside_continuation,ETN,SHORT,early_14:30-16:00,1,0,0,4,3,0
SECONDARY_148,STRAT_322_CONTINUATION,ETN,SHORT,early_14:30-16:00,1,0,0,4,3,0
SECONDARY_148,STRAT_222_REVERSAL,ETN,SHORT,later,1,0,0,13,5,0
SECONDARY_148,STRAT_222_CONTINUATION,ETN,SHORT,later,4,1,0,10,4,0
SECONDARY_148,OTHER:strat_122,ETN,SHORT,later,3,1,0,11,4,0
SECONDARY_148,OTHER:strat_outside_continuation,ETN,SHORT,later,1,1,0,13,4,0
SECONDARY_148,STRAT_322_REVERSAL,ETN,SHORT,later,1,0,0,13,5,0
SECONDARY_148,OTHER:strat_22_continuation,ETN,SHORT,later,1,0,0,13,5,0
SECONDARY_148,OTHER:strat_inside_break,ETN,SHORT,later,1,1,0,13,4,0
SECONDARY_148,STRAT_322_CONTINUATION,ETN,SHORT,later,1,0,0,13,5,0
SECONDARY_148,STRAT_212_CONTINUATION,ETN,SHORT,later,1,1,0,13,4,0
SECONDARY_148,STRAT_222_CONTINUATION,ETN,SHORT,opening_14:00,1,1,1,2,2,1
SECONDARY_148,OTHER:strat_outside_continuation,ETN,SHORT,opening_14:00,1,1,0,2,2,2
SECONDARY_148,STRAT_322_REVERSAL,ETN,SHORT,opening_14:00,1,1,1,2,2,1
SECONDARY_148,STRAT_222_REVERSAL,F,LONG,early_14:30-16:00,1,0,0,4,0,0
SECONDARY_148,STRAT_212_REVERSAL,F,LONG,early_14:30-16:00,1,0,0,4,0,0
SECONDARY_148,OTHER:strat_outside_continuation,F,LONG,early_14:30-16:00,1,0,0,4,0,0
SECONDARY_148,STRAT_312,F,LONG,early_14:30-16:00,1,0,0,4,0,0
SECONDARY_148,STRAT_322_CONTINUATION,F,LONG,early_14:30-16:00,1,0,0,4,0,0
SECONDARY_148,STRAT_222_REVERSAL,F,LONG,later,4,1,0,8,1,0
SECONDARY_148,STRAT_212_REVERSAL,F,LONG,later,1,0,0,11,2,0
SECONDARY_148,STRAT_222_CONTINUATION,F,LONG,later,2,1,0,10,1,0
SECONDARY_148,OTHER:strat_122,F,LONG,later,1,0,0,11,2,0
SECONDARY_148,OTHER:strat_22_continuation,F,LONG,later,1,0,0,11,2,0
SECONDARY_148,OTHER:strat_inside_break,F,LONG,later,1,0,0,11,2,0
SECONDARY_148,STRAT_212_CONTINUATION,F,LONG,later,2,0,0,10,2,0
SECONDARY_148,OTHER:strat_outside_continuation,F,LONG,opening_14:00,1,1,0,0,0,0
SECONDARY_148,STRAT_222_REVERSAL,F,SHORT,early_14:30-16:00,1,1,0,6,5,2
SECONDARY_148,STRAT_222_CONTINUATION,F,SHORT,early_14:30-16:00,3,2,1,4,4,1
SECONDARY_148,OTHER:strat_122,F,SHORT,early_14:30-16:00,1,1,1,6,5,1
SECONDARY_148,STRAT_322_REVERSAL,F,SHORT,early_14:30-16:00,1,1,0,6,5,2
SECONDARY_148,STRAT_322_CONTINUATION,F,SHORT,early_14:30-16:00,1,1,0,6,5,2
SECONDARY_148,STRAT_222_REVERSAL,F,SHORT,later,4,2,2,10,7,6
SECONDARY_148,STRAT_222_CONTINUATION,F,SHORT,later,4,2,2,10,7,6
SECONDARY_148,OTHER:strat_122,F,SHORT,later,2,2,2,12,7,6
SECONDARY_148,STRAT_312,F,SHORT,later,1,0,0,13,9,8
SECONDARY_148,OTHER:strat_22_continuation,F,SHORT,later,1,1,0,13,8,8
SECONDARY_148,STRAT_212_CONTINUATION,F,SHORT,later,2,2,2,12,7,6
SECONDARY_148,STRAT_222_CONTINUATION,F,SHORT,opening_14:00,1,1,0,1,1,1
SECONDARY_148,OTHER:strat_outside_continuation,F,SHORT,opening_14:00,1,1,1,1,1,0
SECONDARY_148,STRAT_222_REVERSAL,FCX,LONG,early_14:30-16:00,2,1,0,6,4,2
SECONDARY_148,STRAT_212_REVERSAL,FCX,LONG,early_14:30-16:00,1,1,1,7,4,1
SECONDARY_148,STRAT_222_CONTINUATION,FCX,LONG,early_14:30-16:00,1,0,0,7,5,2
SECONDARY_148,OTHER:strat_122,FCX,LONG,early_14:30-16:00,1,0,0,7,5,2
SECONDARY_148,OTHER:strat_22_continuation,FCX,LONG,early_14:30-16:00,1,1,0,7,4,2
SECONDARY_148,STRAT_212_CONTINUATION,FCX,LONG,early_14:30-16:00,2,2,1,6,3,1
SECONDARY_148,STRAT_222_REVERSAL,FCX,LONG,later,4,3,0,7,4,0
SECONDARY_148,STRAT_212_REVERSAL,FCX,LONG,later,1,1,0,10,6,0
SECONDARY_148,STRAT_222_CONTINUATION,FCX,LONG,later,4,2,0,7,5,0
SECONDARY_148,OTHER:strat_22_continuation,FCX,LONG,later,1,0,0,10,7,0
SECONDARY_148,STRAT_212_CONTINUATION,FCX,LONG,later,1,1,0,10,6,0
SECONDARY_148,STRAT_222_REVERSAL,FCX,SHORT,early_14:30-16:00,1,1,0,4,1,0
SECONDARY_148,OTHER:strat_outside_continuation,FCX,SHORT,early_14:30-16:00,1,0,0,4,2,0
SECONDARY_148,STRAT_312,FCX,SHORT,early_14:30-16:00,2,1,0,3,1,0
SECONDARY_148,STRAT_212_CONTINUATION,FCX,SHORT,early_14:30-16:00,1,0,0,4,2,0
SECONDARY_148,STRAT_222_REVERSAL,FCX,SHORT,later,3,2,2,12,3,3
SECONDARY_148,STRAT_212_REVERSAL,FCX,SHORT,later,1,0,0,14,5,5
SECONDARY_148,STRAT_222_CONTINUATION,FCX,SHORT,later,5,2,2,10,3,3
SECONDARY_148,OTHER:strat_122,FCX,SHORT,later,2,0,0,13,5,5
SECONDARY_148,OTHER:strat_outside_continuation,FCX,SHORT,later,1,0,0,14,5,5
SECONDARY_148,OTHER:strat_22_continuation,FCX,SHORT,later,2,0,0,13,5,5
SECONDARY_148,STRAT_212_CONTINUATION,FCX,SHORT,later,1,1,1,14,4,4
SECONDARY_148,STRAT_222_CONTINUATION,FCX,SHORT,opening_14:00,2,2,2,0,0,0
SECONDARY_148,STRAT_222_REVERSAL,FDX,LONG,early_14:30-16:00,1,1,0,5,1,0
SECONDARY_148,STRAT_212_REVERSAL,FDX,LONG,early_14:30-16:00,2,1,0,4,1,0
SECONDARY_148,STRAT_222_CONTINUATION,FDX,LONG,early_14:30-16:00,1,0,0,5,2,0
SECONDARY_148,STRAT_312,FDX,LONG,early_14:30-16:00,1,0,0,5,2,0
SECONDARY_148,OTHER:strat_22_continuation,FDX,LONG,early_14:30-16:00,1,0,0,5,2,0
SECONDARY_148,STRAT_222_REVERSAL,FDX,LONG,later,3,1,0,9,5,2
SECONDARY_148,STRAT_212_REVERSAL,FDX,LONG,later,1,1,1,11,5,1
SECONDARY_148,STRAT_222_CONTINUATION,FDX,LONG,later,3,2,0,9,4,2
SECONDARY_148,OTHER:strat_122,FDX,LONG,later,1,1,1,11,5,1
SECONDARY_148,OTHER:strat_outside_continuation,FDX,LONG,later,2,0,0,10,6,2
SECONDARY_148,OTHER:strat_22_continuation,FDX,LONG,later,2,1,0,10,5,2
SECONDARY_148,OTHER:strat_outside_continuation,FDX,LONG,opening_14:00,1,1,1,0,0,0
SECONDARY_148,STRAT_222_CONTINUATION,FDX,SHORT,early_14:30-16:00,2,0,0,5,2,1
SECONDARY_148,OTHER:strat_122,FDX,SHORT,early_14:30-16:00,1,1,1,6,1,0
SECONDARY_148,OTHER:strat_outside_continuation,FDX,SHORT,early_14:30-16:00,1,1,0,6,1,1
SECONDARY_148,STRAT_322_REVERSAL,FDX,SHORT,early_14:30-16:00,1,0,0,6,2,1
SECONDARY_148,OTHER:strat_inside_break,FDX,SHORT,early_14:30-16:00,1,0,0,6,2,1
SECONDARY_148,STRAT_322_CONTINUATION,FDX,SHORT,early_14:30-16:00,1,0,0,6,2,1
SECONDARY_148,STRAT_222_REVERSAL,FDX,SHORT,later,4,3,2,12,6,1
SECONDARY_148,STRAT_222_CONTINUATION,FDX,SHORT,later,4,1,0,12,8,3
SECONDARY_148,OTHER:strat_outside_continuation,FDX,SHORT,later,1,1,0,15,8,3
SECONDARY_148,STRAT_322_REVERSAL,FDX,SHORT,later,1,1,0,15,8,3
SECONDARY_148,OTHER:strat_22_continuation,FDX,SHORT,later,3,1,0,13,8,3
SECONDARY_148,STRAT_212_CONTINUATION,FDX,SHORT,later,3,2,1,13,7,2
SECONDARY_148,STRAT_222_REVERSAL,FDX,SHORT,opening_14:00,1,1,0,1,1,0
SECONDARY_148,OTHER:strat_22_continuation,FDX,SHORT,opening_14:00,1,1,0,1,1,0
SECONDARY_148,STRAT_222_REVERSAL,GE,LONG,early_14:30-16:00,3,2,0,2,2,1
SECONDARY_148,OTHER:strat_22_continuation,GE,LONG,early_14:30-16:00,1,1,0,4,3,1
SECONDARY_148,OTHER:strat_inside_break,GE,LONG,early_14:30-16:00,1,1,1,4,3,0
SECONDARY_148,STRAT_222_REVERSAL,GE,LONG,later,4,3,1,9,2,2
SECONDARY_148,STRAT_212_REVERSAL,GE,LONG,later,1,0,0,12,5,3
SECONDARY_148,STRAT_222_CONTINUATION,GE,LONG,later,3,0,0,10,5,3
SECONDARY_148,OTHER:strat_122,GE,LONG,later,2,0,0,11,5,3
SECONDARY_148,OTHER:strat_outside_continuation,GE,LONG,later,1,0,0,12,5,3
SECONDARY_148,OTHER:strat_22_continuation,GE,LONG,later,1,1,1,12,4,2
SECONDARY_148,STRAT_212_CONTINUATION,GE,LONG,later,1,1,1,12,4,2
SECONDARY_148,STRAT_222_CONTINUATION,GE,LONG,opening_14:00,1,1,1,0,0,0
SECONDARY_148,STRAT_222_REVERSAL,GE,SHORT,early_14:30-16:00,1,0,0,7,4,1
SECONDARY_148,STRAT_212_REVERSAL,GE,SHORT,early_14:30-16:00,2,1,0,6,3,1
SECONDARY_148,STRAT_222_CONTINUATION,GE,SHORT,early_14:30-16:00,2,1,0,6,3,1
SECONDARY_148,OTHER:strat_outside_continuation,GE,SHORT,early_14:30-16:00,1,0,0,7,4,1
SECONDARY_148,OTHER:strat_22_continuation,GE,SHORT,early_14:30-16:00,1,1,0,7,3,1
SECONDARY_148,STRAT_322_CONTINUATION,GE,SHORT,early_14:30-16:00,1,1,1,7,3,0
SECONDARY_148,STRAT_222_REVERSAL,GE,SHORT,later,4,0,0,10,5,2
SECONDARY_148,STRAT_212_REVERSAL,GE,SHORT,later,3,3,2,11,2,0
SECONDARY_148,STRAT_222_CONTINUATION,GE,SHORT,later,3,1,0,11,4,2
SECONDARY_148,OTHER:strat_122,GE,SHORT,later,1,0,0,13,5,2
SECONDARY_148,OTHER:strat_outside_continuation,GE,SHORT,later,1,0,0,13,5,2
SECONDARY_148,STRAT_322_REVERSAL,GE,SHORT,later,1,0,0,13,5,2
SECONDARY_148,OTHER:strat_22_continuation,GE,SHORT,later,1,1,0,13,4,2
SECONDARY_148,STRAT_222_CONTINUATION,GE,SHORT,opening_14:00,3,3,3,0,0,0
SECONDARY_148,STRAT_212_REVERSAL,GILD,LONG,early_14:30-16:00,2,2,1,6,4,1
SECONDARY_148,STRAT_222_CONTINUATION,GILD,LONG,early_14:30-16:00,2,1,0,6,5,2
SECONDARY_148,OTHER:strat_122,GILD,LONG,early_14:30-16:00,1,1,0,7,5,2
SECONDARY_148,OTHER:strat_outside_continuation,GILD,LONG,early_14:30-16:00,1,0,0,7,6,2
SECONDARY_148,OTHER:strat_22_continuation,GILD,LONG,early_14:30-16:00,1,1,1,7,5,1
SECONDARY_148,STRAT_212_CONTINUATION,GILD,LONG,early_14:30-16:00,1,1,0,7,5,2
SECONDARY_148,STRAT_222_REVERSAL,GILD,LONG,later,3,1,1,10,2,0
SECONDARY_148,STRAT_212_REVERSAL,GILD,LONG,later,1,0,0,12,3,1
SECONDARY_148,STRAT_222_CONTINUATION,GILD,LONG,later,1,1,0,12,2,1
SECONDARY_148,OTHER:strat_122,GILD,LONG,later,1,0,0,12,3,1
SECONDARY_148,OTHER:strat_outside_continuation,GILD,LONG,later,3,0,0,10,3,1
SECONDARY_148,STRAT_312,GILD,LONG,later,1,0,0,12,3,1
SECONDARY_148,STRAT_322_CONTINUATION,GILD,LONG,later,2,1,0,11,2,1
SECONDARY_148,STRAT_212_CONTINUATION,GILD,LONG,later,1,0,0,12,3,1
SECONDARY_148,OTHER:strat_outside_continuation,GILD,LONG,opening_14:00,1,1,1,0,0,0
SECONDARY_148,STRAT_222_CONTINUATION,GILD,SHORT,early_14:30-16:00,2,0,0,3,0,0
SECONDARY_148,OTHER:strat_outside_continuation,GILD,SHORT,early_14:30-16:00,1,0,0,4,0,0
SECONDARY_148,STRAT_312,GILD,SHORT,early_14:30-16:00,1,0,0,4,0,0
SECONDARY_148,STRAT_322_CONTINUATION,GILD,SHORT,early_14:30-16:00,1,0,0,4,0,0
SECONDARY_148,STRAT_222_REVERSAL,GILD,SHORT,later,2,2,0,6,2,0
SECONDARY_148,STRAT_222_CONTINUATION,GILD,SHORT,later,1,1,0,7,3,0
SECONDARY_148,OTHER:strat_122,GILD,SHORT,later,2,1,0,6,3,0
SECONDARY_148,OTHER:strat_outside_continuation,GILD,SHORT,later,2,0,0,6,4,0
SECONDARY_148,STRAT_312,GILD,SHORT,later,1,0,0,7,4,0
SECONDARY_148,STRAT_222_REVERSAL,GILD,SHORT,opening_14:00,1,1,1,1,1,1
SECONDARY_148,STRAT_322_CONTINUATION,GILD,SHORT,opening_14:00,1,1,1,1,1,1
SECONDARY_148,STRAT_222_REVERSAL,GLD,LONG,early_14:30-16:00,1,0,0,5,4,4
SECONDARY_148,STRAT_222_CONTINUATION,GLD,LONG,early_14:30-16:00,1,1,1,5,3,3
SECONDARY_148,OTHER:strat_122,GLD,LONG,early_14:30-16:00,1,0,0,5,4,4
SECONDARY_148,STRAT_322_REVERSAL,GLD,LONG,early_14:30-16:00,1,1,1,5,3,3
SECONDARY_148,STRAT_312,GLD,LONG,early_14:30-16:00,1,1,1,5,3,3
SECONDARY_148,OTHER:strat_22_continuation,GLD,LONG,early_14:30-16:00,1,1,1,5,3,3
SECONDARY_148,STRAT_212_REVERSAL,GLD,LONG,later,3,0,0,6,3,0
SECONDARY_148,STRAT_222_CONTINUATION,GLD,LONG,later,2,1,0,7,2,0
SECONDARY_148,OTHER:strat_122,GLD,LONG,later,1,1,0,8,2,0
SECONDARY_148,STRAT_312,GLD,LONG,later,1,1,0,8,2,0
SECONDARY_148,OTHER:strat_22_continuation,GLD,LONG,later,1,0,0,8,3,0
SECONDARY_148,STRAT_212_CONTINUATION,GLD,LONG,later,1,0,0,8,3,0
SECONDARY_148,STRAT_222_REVERSAL,GLD,LONG,opening_14:00,1,0,0,2,2,2
SECONDARY_148,STRAT_212_REVERSAL,GLD,LONG,opening_14:00,1,1,1,2,1,1
SECONDARY_148,OTHER:strat_122,GLD,LONG,opening_14:00,1,1,1,2,1,1
SECONDARY_148,STRAT_222_REVERSAL,GLD,SHORT,early_14:30-16:00,1,1,0,4,2,0
SECONDARY_148,STRAT_222_CONTINUATION,GLD,SHORT,early_14:30-16:00,1,1,0,4,2,0
SECONDARY_148,OTHER:strat_122,GLD,SHORT,early_14:30-16:00,1,1,0,4,2,0
SECONDARY_148,OTHER:strat_outside_continuation,GLD,SHORT,early_14:30-16:00,1,0,0,4,3,0
SECONDARY_148,OTHER:strat_inside_break,GLD,SHORT,early_14:30-16:00,1,0,0,4,3,0
SECONDARY_148,STRAT_222_REVERSAL,GLD,SHORT,later,2,2,1,12,8,6
SECONDARY_148,STRAT_212_REVERSAL,GLD,SHORT,later,1,1,1,13,9,6
SECONDARY_148,STRAT_222_CONTINUATION,GLD,SHORT,later,3,2,1,11,8,6
SECONDARY_148,OTHER:strat_122,GLD,SHORT,later,3,2,2,11,8,5
SECONDARY_148,OTHER:strat_outside_continuation,GLD,SHORT,later,3,2,1,11,8,6
SECONDARY_148,STRAT_312,GLD,SHORT,later,1,0,0,13,10,7
SECONDARY_148,STRAT_322_CONTINUATION,GLD,SHORT,later,1,1,1,13,9,6
SECONDARY_148,STRAT_222_CONTINUATION,GLD,SHORT,opening_14:00,2,2,2,0,0,0
SECONDARY_148,STRAT_222_REVERSAL,GM,LONG,early_14:30-16:00,2,0,0,4,3,3
SECONDARY_148,STRAT_312,GM,LONG,early_14:30-16:00,1,0,0,5,3,3
SECONDARY_148,OTHER:strat_22_continuation,GM,LONG,early_14:30-16:00,1,1,1,5,2,2
SECONDARY_148,OTHER:strat_inside_break,GM,LONG,early_14:30-16:00,2,2,2,4,1,1
SECONDARY_148,STRAT_222_REVERSAL,GM,LONG,later,4,3,2,10,5,2
SECONDARY_148,STRAT_222_CONTINUATION,GM,LONG,later,4,3,1,10,5,3
SECONDARY_148,OTHER:strat_outside_continuation,GM,LONG,later,1,0,0,13,8,4
SECONDARY_148,STRAT_322_REVERSAL,GM,LONG,later,1,0,0,13,8,4
SECONDARY_148,OTHER:strat_22_continuation,GM,LONG,later,1,1,1,13,7,3
SECONDARY_148,OTHER:strat_inside_break,GM,LONG,later,1,1,0,13,7,4
SECONDARY_148,STRAT_322_CONTINUATION,GM,LONG,later,1,0,0,13,8,4
SECONDARY_148,STRAT_212_CONTINUATION,GM,LONG,later,1,0,0,13,8,4
SECONDARY_148,STRAT_222_CONTINUATION,GM,LONG,opening_14:00,1,1,1,1,1,1
SECONDARY_148,OTHER:strat_122,GM,LONG,opening_14:00,1,1,1,1,1,1
SECONDARY_148,STRAT_222_REVERSAL,GM,SHORT,early_14:30-16:00,1,0,0,5,3,1
SECONDARY_148,STRAT_222_CONTINUATION,GM,SHORT,early_14:30-16:00,1,0,0,5,3,1
SECONDARY_148,OTHER:strat_122,GM,SHORT,early_14:30-16:00,1,1,1,5,2,0
SECONDARY_148,OTHER:strat_outside_continuation,GM,SHORT,early_14:30-16:00,2,1,0,4,2,1
SECONDARY_148,STRAT_322_CONTINUATION,GM,SHORT,early_14:30-16:00,1,1,0,5,2,1
SECONDARY_148,STRAT_222_REVERSAL,GM,SHORT,later,3,0,0,7,6,4
SECONDARY_148,STRAT_222_CONTINUATION,GM,SHORT,later,2,1,0,8,5,4
SECONDARY_148,OTHER:strat_122,GM,SHORT,later,1,1,1,9,5,3
SECONDARY_148,OTHER:strat_outside_continuation,GM,SHORT,later,1,1,1,9,5,3
SECONDARY_148,STRAT_312,GM,SHORT,later,1,1,1,9,5,3
SECONDARY_148,STRAT_212_CONTINUATION,GM,SHORT,later,2,2,1,8,4,3
SECONDARY_148,STRAT_322_CONTINUATION,GM,SHORT,opening_14:00,1,0,0,0,0,0
SECONDARY_148,STRAT_222_CONTINUATION,GOOG,LONG,early_14:30-16:00,1,0,0,5,5,1
SECONDARY_148,OTHER:strat_122,GOOG,LONG,early_14:30-16:00,2,2,0,4,3,1
SECONDARY_148,OTHER:strat_22_continuation,GOOG,LONG,early_14:30-16:00,1,1,0,5,4,1
SECONDARY_148,OTHER:strat_inside_break,GOOG,LONG,early_14:30-16:00,2,2,1,4,3,0
SECONDARY_148,STRAT_222_REVERSAL,GOOG,LONG,later,3,1,0,11,6,2
SECONDARY_148,STRAT_212_REVERSAL,GOOG,LONG,later,2,1,0,12,6,2
SECONDARY_148,STRAT_222_CONTINUATION,GOOG,LONG,later,3,2,1,11,5,1
SECONDARY_148,STRAT_322_REVERSAL,GOOG,LONG,later,1,0,0,13,7,2
SECONDARY_148,OTHER:strat_22_continuation,GOOG,LONG,later,3,1,0,11,6,2
SECONDARY_148,STRAT_212_CONTINUATION,GOOG,LONG,later,2,2,1,12,5,1
SECONDARY_148,STRAT_222_CONTINUATION,GOOG,LONG,opening_14:00,1,1,1,1,1,1
SECONDARY_148,OTHER:strat_122,GOOG,LONG,opening_14:00,1,1,1,1,1,1
SECONDARY_148,STRAT_222_REVERSAL,GOOG,SHORT,early_14:30-16:00,1,1,0,4,1,0
SECONDARY_148,STRAT_222_CONTINUATION,GOOG,SHORT,early_14:30-16:00,2,0,0,3,2,0
SECONDARY_148,OTHER:strat_outside_continuation,GOOG,SHORT,early_14:30-16:00,1,0,0,4,2,0
SECONDARY_148,OTHER:strat_inside_break,GOOG,SHORT,early_14:30-16:00,1,1,0,4,1,0
SECONDARY_148,STRAT_222_REVERSAL,GOOG,SHORT,later,1,1,1,8,4,1
SECONDARY_148,STRAT_212_REVERSAL,GOOG,SHORT,later,2,1,1,7,4,1
SECONDARY_148,STRAT_222_CONTINUATION,GOOG,SHORT,later,1,1,0,8,4,2
SECONDARY_148,OTHER:strat_outside_continuation,GOOG,SHORT,later,2,0,0,7,5,2
SECONDARY_148,OTHER:strat_22_continuation,GOOG,SHORT,later,2,1,0,7,4,2
SECONDARY_148,STRAT_212_CONTINUATION,GOOG,SHORT,later,1,1,0,8,4,2
SECONDARY_148,STRAT_222_REVERSAL,GOOG,SHORT,opening_14:00,1,1,1,2,2,2
SECONDARY_148,STRAT_212_REVERSAL,GOOG,SHORT,opening_14:00,1,1,1,2,2,2
SECONDARY_148,OTHER:strat_122,GOOG,SHORT,opening_14:00,1,1,1,2,2,2
SECONDARY_148,STRAT_222_REVERSAL,GOOGL,LONG,early_14:30-16:00,1,1,0,4,3,2
SECONDARY_148,STRAT_222_CONTINUATION,GOOGL,LONG,early_14:30-16:00,1,0,0,4,4,2
SECONDARY_148,OTHER:strat_122,GOOGL,LONG,early_14:30-16:00,1,1,0,4,3,2
SECONDARY_148,OTHER:strat_inside_break,GOOGL,LONG,early_14:30-16:00,2,2,2,3,2,0
SECONDARY_148,STRAT_222_REVERSAL,GOOGL,LONG,later,2,1,0,15,10,4
SECONDARY_148,STRAT_212_REVERSAL,GOOGL,LONG,later,1,1,1,16,10,3
SECONDARY_148,STRAT_222_CONTINUATION,GOOGL,LONG,later,3,2,0,14,9,4
SECONDARY_148,OTHER:strat_outside_continuation,GOOGL,LONG,later,1,1,0,16,10,4
SECONDARY_148,STRAT_322_REVERSAL,GOOGL,LONG,later,1,0,0,16,11,4
SECONDARY_148,STRAT_312,GOOGL,LONG,later,1,0,0,16,11,4
SECONDARY_148,OTHER:strat_22_continuation,GOOGL,LONG,later,5,3,1,12,8,3
SECONDARY_148,STRAT_212_CONTINUATION,GOOGL,LONG,later,3,3,2,14,8,2
SECONDARY_148,STRAT_222_CONTINUATION,GOOGL,LONG,opening_14:00,1,1,1,1,1,1
SECONDARY_148,OTHER:strat_122,GOOGL,LONG,opening_14:00,1,1,1,1,1,1
SECONDARY_148,STRAT_222_REVERSAL,GOOGL,SHORT,early_14:30-16:00,1,1,0,5,1,0
SECONDARY_148,STRAT_222_CONTINUATION,GOOGL,SHORT,early_14:30-16:00,3,0,0,3,2,0
SECONDARY_148,OTHER:strat_outside_continuation,GOOGL,SHORT,early_14:30-16:00,1,0,0,5,2,0
SECONDARY_148,STRAT_212_CONTINUATION,GOOGL,SHORT,early_14:30-16:00,1,1,0,5,1,0
SECONDARY_148,STRAT_222_REVERSAL,GOOGL,SHORT,later,2,1,1,7,4,2
SECONDARY_148,STRAT_212_REVERSAL,GOOGL,SHORT,later,2,1,1,7,4,2
SECONDARY_148,STRAT_222_CONTINUATION,GOOGL,SHORT,later,2,1,1,7,4,2
SECONDARY_148,STRAT_322_REVERSAL,GOOGL,SHORT,later,1,0,0,8,5,3
SECONDARY_148,OTHER:strat_22_continuation,GOOGL,SHORT,later,1,1,0,8,4,3
SECONDARY_148,STRAT_212_CONTINUATION,GOOGL,SHORT,later,1,1,0,8,4,3
SECONDARY_148,STRAT_222_REVERSAL,GOOGL,SHORT,opening_14:00,2,2,2,1,1,1
SECONDARY_148,STRAT_222_CONTINUATION,GOOGL,SHORT,opening_14:00,1,1,1,2,2,2
SECONDARY_148,STRAT_222_REVERSAL,GS,LONG,early_14:30-16:00,1,0,0,5,0,0
SECONDARY_148,STRAT_212_REVERSAL,GS,LONG,early_14:30-16:00,1,0,0,5,0,0
SECONDARY_148,STRAT_222_CONTINUATION,GS,LONG,early_14:30-16:00,1,0,0,5,0,0
SECONDARY_148,OTHER:strat_122,GS,LONG,early_14:30-16:00,1,0,0,5,0,0
SECONDARY_148,STRAT_322_REVERSAL,GS,LONG,early_14:30-16:00,1,0,0,5,0,0
SECONDARY_148,STRAT_212_CONTINUATION,GS,LONG,early_14:30-16:00,1,0,0,5,0,0
SECONDARY_148,STRAT_222_REVERSAL,GS,LONG,later,5,2,1,10,3,0
SECONDARY_148,STRAT_212_REVERSAL,GS,LONG,later,2,1,0,13,4,1
SECONDARY_148,STRAT_222_CONTINUATION,GS,LONG,later,1,0,0,14,5,1
SECONDARY_148,OTHER:strat_outside_continuation,GS,LONG,later,1,0,0,14,5,1
SECONDARY_148,OTHER:strat_22_continuation,GS,LONG,later,3,1,0,12,4,1
SECONDARY_148,OTHER:strat_inside_break,GS,LONG,later,1,1,0,14,4,1
SECONDARY_148,STRAT_212_CONTINUATION,GS,LONG,later,2,0,0,13,5,1
SECONDARY_148,STRAT_222_CONTINUATION,GS,LONG,opening_14:00,1,1,1,0,0,0
SECONDARY_148,STRAT_222_REVERSAL,GS,SHORT,early_14:30-16:00,1,0,0,3,2,2
SECONDARY_148,STRAT_212_REVERSAL,GS,SHORT,early_14:30-16:00,1,0,0,3,2,2
SECONDARY_148,OTHER:strat_122,GS,SHORT,early_14:30-16:00,1,1,1,3,1,1
SECONDARY_148,STRAT_212_CONTINUATION,GS,SHORT,early_14:30-16:00,1,1,1,3,1,1
SECONDARY_148,STRAT_222_REVERSAL,GS,SHORT,later,5,3,1,7,4,1
SECONDARY_148,STRAT_222_CONTINUATION,GS,SHORT,later,5,3,0,7,4,2
SECONDARY_148,OTHER:strat_122,GS,SHORT,later,2,1,1,10,6,1
SECONDARY_148,STRAT_222_REVERSAL,GS,SHORT,opening_14:00,1,1,1,3,3,3
SECONDARY_148,STRAT_222_CONTINUATION,GS,SHORT,opening_14:00,2,2,2,2,2,2
SECONDARY_148,OTHER:strat_outside_continuation,GS,SHORT,opening_14:00,1,1,1,3,3,3
SECONDARY_148,STRAT_222_REVERSAL,HD,LONG,early_14:30-16:00,3,0,0,4,0,0
SECONDARY_148,STRAT_222_CONTINUATION,HD,LONG,early_14:30-16:00,1,0,0,6,0,0
SECONDARY_148,OTHER:strat_122,HD,LONG,early_14:30-16:00,1,0,0,6,0,0
SECONDARY_148,OTHER:strat_outside_continuation,HD,LONG,early_14:30-16:00,1,0,0,6,0,0
SECONDARY_148,STRAT_322_REVERSAL,HD,LONG,early_14:30-16:00,1,0,0,6,0,0
SECONDARY_148,STRAT_222_REVERSAL,HD,LONG,later,5,3,1,8,2,1
SECONDARY_148,STRAT_222_CONTINUATION,HD,LONG,later,3,1,1,10,4,1
SECONDARY_148,OTHER:strat_outside_continuation,HD,LONG,later,2,0,0,11,5,2
SECONDARY_148,STRAT_322_REVERSAL,HD,LONG,later,1,0,0,12,5,2
SECONDARY_148,STRAT_322_CONTINUATION,HD,LONG,later,2,1,0,11,4,2
SECONDARY_148,STRAT_222_CONTINUATION,HD,LONG,opening_14:00,1,1,1,0,0,0
SECONDARY_148,STRAT_222_REVERSAL,HD,SHORT,early_14:30-16:00,2,1,0,5,3,1
SECONDARY_148,STRAT_212_REVERSAL,HD,SHORT,early_14:30-16:00,1,1,1,6,3,0
SECONDARY_148,STRAT_222_CONTINUATION,HD,SHORT,early_14:30-16:00,1,1,0,6,3,1
SECONDARY_148,OTHER:strat_outside_continuation,HD,SHORT,early_14:30-16:00,1,0,0,6,4,1
SECONDARY_148,STRAT_322_CONTINUATION,HD,SHORT,early_14:30-16:00,1,0,0,6,4,1
SECONDARY_148,STRAT_212_CONTINUATION,HD,SHORT,early_14:30-16:00,1,1,0,6,3,1
SECONDARY_148,STRAT_222_REVERSAL,HD,SHORT,later,8,7,2,7,2,1
SECONDARY_148,STRAT_222_CONTINUATION,HD,SHORT,later,5,1,0,10,8,3
SECONDARY_148,OTHER:strat_22_continuation,HD,SHORT,later,1,0,0,14,9,3
SECONDARY_148,OTHER:strat_inside_break,HD,SHORT,later,1,1,1,14,8,2
SECONDARY_148,STRAT_222_CONTINUATION,HD,SHORT,opening_14:00,1,1,1,2,2,2
SECONDARY_148,OTHER:strat_outside_continuation,HD,SHORT,opening_14:00,2,2,2,1,1,1
SECONDARY_148,STRAT_212_REVERSAL,HIMS,LONG,early_14:30-16:00,2,1,0,6,2,0
SECONDARY_148,OTHER:strat_outside_continuation,HIMS,LONG,early_14:30-16:00,1,0,0,7,3,0
SECONDARY_148,STRAT_322_REVERSAL,HIMS,LONG,early_14:30-16:00,2,0,0,6,3,0
SECONDARY_148,OTHER:strat_22_continuation,HIMS,LONG,early_14:30-16:00,1,1,0,7,2,0
SECONDARY_148,OTHER:strat_inside_break,HIMS,LONG,early_14:30-16:00,1,0,0,7,3,0
SECONDARY_148,STRAT_212_CONTINUATION,HIMS,LONG,early_14:30-16:00,1,1,0,7,2,0
SECONDARY_148,STRAT_222_REVERSAL,HIMS,LONG,later,5,3,2,7,0,0
SECONDARY_148,STRAT_222_CONTINUATION,HIMS,LONG,later,3,0,0,9,3,2
SECONDARY_148,OTHER:strat_122,HIMS,LONG,later,1,0,0,11,3,2
SECONDARY_148,STRAT_322_REVERSAL,HIMS,LONG,later,1,0,0,11,3,2
SECONDARY_148,STRAT_312,HIMS,LONG,later,1,0,0,11,3,2
SECONDARY_148,OTHER:strat_22_continuation,HIMS,LONG,later,1,0,0,11,3,2
SECONDARY_148,STRAT_212_REVERSAL,HIMS,SHORT,early_14:30-16:00,1,0,0,2,1,0
SECONDARY_148,OTHER:strat_outside_continuation,HIMS,SHORT,early_14:30-16:00,1,0,0,2,1,0
SECONDARY_148,STRAT_212_CONTINUATION,HIMS,SHORT,early_14:30-16:00,1,1,0,2,0,0
SECONDARY_148,STRAT_222_REVERSAL,HIMS,SHORT,later,2,0,0,14,8,1
SECONDARY_148,STRAT_222_CONTINUATION,HIMS,SHORT,later,3,1,0,13,7,1
SECONDARY_148,OTHER:strat_122,HIMS,SHORT,later,2,2,1,14,6,0
SECONDARY_148,OTHER:strat_outside_continuation,HIMS,SHORT,later,3,1,0,13,7,1
SECONDARY_148,STRAT_312,HIMS,SHORT,later,1,1,0,15,7,1
SECONDARY_148,OTHER:strat_22_continuation,HIMS,SHORT,later,1,0,0,15,8,1
SECONDARY_148,OTHER:strat_inside_break,HIMS,SHORT,later,1,0,0,15,8,1
SECONDARY_148,STRAT_322_CONTINUATION,HIMS,SHORT,later,2,2,0,14,6,1
SECONDARY_148,STRAT_212_CONTINUATION,HIMS,SHORT,later,1,1,0,15,7,1
SECONDARY_148,STRAT_222_CONTINUATION,HIMS,SHORT,opening_14:00,2,2,1,1,1,0
SECONDARY_148,OTHER:strat_outside_continuation,HIMS,SHORT,opening_14:00,1,1,0,2,2,1
SECONDARY_148,STRAT_222_REVERSAL,HON,LONG,early_14:30-16:00,5,2,2,3,1,0
SECONDARY_148,STRAT_212_REVERSAL,HON,LONG,early_14:30-16:00,1,0,0,7,3,2
SECONDARY_148,STRAT_222_CONTINUATION,HON,LONG,early_14:30-16:00,1,0,0,7,3,2
SECONDARY_148,STRAT_212_CONTINUATION,HON,LONG,early_14:30-16:00,1,1,0,7,2,2
SECONDARY_148,STRAT_222_REVERSAL,HON,LONG,later,2,0,0,8,1,0
SECONDARY_148,STRAT_222_CONTINUATION,HON,LONG,later,1,0,0,9,1,0
SECONDARY_148,OTHER:strat_122,HON,LONG,later,1,0,0,9,1,0
SECONDARY_148,OTHER:strat_outside_continuation,HON,LONG,later,2,1,0,8,0,0
SECONDARY_148,STRAT_312,HON,LONG,later,1,0,0,9,1,0
SECONDARY_148,OTHER:strat_22_continuation,HON,LONG,later,1,0,0,9,1,0
SECONDARY_148,STRAT_322_CONTINUATION,HON,LONG,later,2,0,0,8,1,0
SECONDARY_148,OTHER:strat_22_continuation,HON,LONG,opening_14:00,1,1,1,0,0,0
SECONDARY_148,STRAT_222_REVERSAL,HON,SHORT,early_14:30-16:00,2,2,0,5,1,1
SECONDARY_148,STRAT_212_REVERSAL,HON,SHORT,early_14:30-16:00,1,1,1,6,2,0
SECONDARY_148,STRAT_222_CONTINUATION,HON,SHORT,early_14:30-16:00,4,0,0,3,3,1
SECONDARY_148,STRAT_222_REVERSAL,HON,SHORT,later,4,2,2,12,7,2
SECONDARY_148,STRAT_212_REVERSAL,HON,SHORT,later,1,0,0,15,9,4
SECONDARY_148,STRAT_222_CONTINUATION,HON,SHORT,later,4,3,0,12,6,4
SECONDARY_148,OTHER:strat_outside_continuation,HON,SHORT,later,1,1,0,15,8,4
SECONDARY_148,STRAT_312,HON,SHORT,later,1,0,0,15,9,4
SECONDARY_148,OTHER:strat_22_continuation,HON,SHORT,later,3,2,1,13,7,3
SECONDARY_148,STRAT_212_CONTINUATION,HON,SHORT,later,2,1,1,14,8,3
SECONDARY_148,STRAT_222_REVERSAL,HON,SHORT,opening_14:00,2,2,2,2,2,2
SECONDARY_148,STRAT_222_CONTINUATION,HON,SHORT,opening_14:00,1,1,1,3,3,3
SECONDARY_148,STRAT_322_REVERSAL,HON,SHORT,opening_14:00,1,1,1,3,3,3
SECONDARY_148,STRAT_222_REVERSAL,HUBB,LONG,early_14:30-16:00,2,1,0,4,0,0
SECONDARY_148,STRAT_222_CONTINUATION,HUBB,LONG,early_14:30-16:00,1,0,0,5,1,0
SECONDARY_148,OTHER:strat_122,HUBB,LONG,early_14:30-16:00,1,0,0,5,1,0
SECONDARY_148,OTHER:strat_22_continuation,HUBB,LONG,early_14:30-16:00,1,0,0,5,1,0
SECONDARY_148,OTHER:strat_inside_break,HUBB,LONG,early_14:30-16:00,1,0,0,5,1,0
SECONDARY_148,STRAT_222_REVERSAL,HUBB,LONG,later,3,2,2,7,4,2
SECONDARY_148,STRAT_212_REVERSAL,HUBB,LONG,later,1,0,0,9,6,4
SECONDARY_148,STRAT_222_CONTINUATION,HUBB,LONG,later,3,2,1,7,4,3
SECONDARY_148,OTHER:strat_outside_continuation,HUBB,LONG,later,1,0,0,9,6,4
SECONDARY_148,OTHER:strat_22_continuation,HUBB,LONG,later,1,1,0,9,5,4
SECONDARY_148,STRAT_212_CONTINUATION,HUBB,LONG,later,1,1,1,9,5,3
SECONDARY_148,STRAT_212_REVERSAL,HUBB,LONG,opening_14:00,1,1,1,0,0,0
SECONDARY_148,STRAT_222_REVERSAL,HUBB,SHORT,early_14:30-16:00,1,1,0,7,2,0
SECONDARY_148,STRAT_212_REVERSAL,HUBB,SHORT,early_14:30-16:00,1,0,0,7,3,0
SECONDARY_148,STRAT_222_CONTINUATION,HUBB,SHORT,early_14:30-16:00,2,1,0,6,2,0
SECONDARY_148,STRAT_312,HUBB,SHORT,early_14:30-16:00,1,0,0,7,3,0
SECONDARY_148,OTHER:strat_22_continuation,HUBB,SHORT,early_14:30-16:00,2,0,0,6,3,0
SECONDARY_148,STRAT_212_CONTINUATION,HUBB,SHORT,early_14:30-16:00,1,1,0,7,2,0
SECONDARY_148,STRAT_222_REVERSAL,HUBB,SHORT,later,4,1,1,10,6,1
SECONDARY_148,STRAT_222_CONTINUATION,HUBB,SHORT,later,4,2,1,10,5,1
SECONDARY_148,OTHER:strat_outside_continuation,HUBB,SHORT,later,3,2,0,11,5,2
SECONDARY_148,STRAT_322_REVERSAL,HUBB,SHORT,later,1,1,0,13,6,2
SECONDARY_148,STRAT_322_CONTINUATION,HUBB,SHORT,later,1,1,0,13,6,2
SECONDARY_148,STRAT_212_CONTINUATION,HUBB,SHORT,later,1,0,0,13,7,2
SECONDARY_148,STRAT_222_CONTINUATION,HUBB,SHORT,opening_14:00,2,2,2,0,0,0
SECONDARY_148,STRAT_222_REVERSAL,IBM,LONG,early_14:30-16:00,3,2,2,4,4,3
SECONDARY_148,STRAT_222_CONTINUATION,IBM,LONG,early_14:30-16:00,1,1,0,6,5,5
SECONDARY_148,STRAT_322_REVERSAL,IBM,LONG,early_14:30-16:00,1,1,1,6,5,4
SECONDARY_148,OTHER:strat_22_continuation,IBM,LONG,early_14:30-16:00,1,1,1,6,5,4
SECONDARY_148,STRAT_212_CONTINUATION,IBM,LONG,early_14:30-16:00,1,1,1,6,5,4
SECONDARY_148,STRAT_222_REVERSAL,IBM,LONG,later,6,2,1,15,9,6
SECONDARY_148,STRAT_212_REVERSAL,IBM,LONG,later,1,1,1,20,10,6
SECONDARY_148,STRAT_222_CONTINUATION,IBM,LONG,later,5,3,2,16,8,5
SECONDARY_148,OTHER:strat_122,IBM,LONG,later,1,0,0,20,11,7
SECONDARY_148,OTHER:strat_outside_continuation,IBM,LONG,later,1,0,0,20,11,7
SECONDARY_148,OTHER:strat_22_continuation,IBM,LONG,later,3,2,1,18,9,6
SECONDARY_148,STRAT_322_CONTINUATION,IBM,LONG,later,1,0,0,20,11,7
SECONDARY_148,STRAT_212_CONTINUATION,IBM,LONG,later,3,3,2,18,8,5
SECONDARY_148,STRAT_222_CONTINUATION,IBM,LONG,opening_14:00,2,2,2,0,0,0
SECONDARY_148,STRAT_222_REVERSAL,IBM,SHORT,early_14:30-16:00,3,0,0,3,1,1
SECONDARY_148,STRAT_222_CONTINUATION,IBM,SHORT,early_14:30-16:00,1,0,0,5,1,1
SECONDARY_148,OTHER:strat_outside_continuation,IBM,SHORT,early_14:30-16:00,1,0,0,5,1,1
SECONDARY_148,OTHER:strat_inside_break,IBM,SHORT,early_14:30-16:00,1,1,1,5,0,0
SECONDARY_148,STRAT_222_REVERSAL,IBM,SHORT,later,6,3,3,6,4,3
SECONDARY_148,STRAT_212_REVERSAL,IBM,SHORT,later,1,1,1,11,6,5
SECONDARY_148,STRAT_222_CONTINUATION,IBM,SHORT,later,3,1,0,9,6,6
SECONDARY_148,OTHER:strat_22_continuation,IBM,SHORT,later,1,1,1,11,6,5
SECONDARY_148,STRAT_212_CONTINUATION,IBM,SHORT,later,1,1,1,11,6,5
SECONDARY_148,STRAT_222_REVERSAL,IBM,SHORT,opening_14:00,1,1,1,0,0,0
SECONDARY_148,STRAT_222_REVERSAL,INTC,LONG,early_14:30-16:00,2,1,0,7,1,0
SECONDARY_148,STRAT_212_REVERSAL,INTC,LONG,early_14:30-16:00,1,1,0,8,1,0
SECONDARY_148,STRAT_222_CONTINUATION,INTC,LONG,early_14:30-16:00,2,0,0,7,2,0
SECONDARY_148,OTHER:strat_outside_continuation,INTC,LONG,early_14:30-16:00,1,0,0,8,2,0
SECONDARY_148,OTHER:strat_22_continuation,INTC,LONG,early_14:30-16:00,1,0,0,8,2,0
SECONDARY_148,OTHER:strat_inside_break,INTC,LONG,early_14:30-16:00,1,0,0,8,2,0
SECONDARY_148,STRAT_322_CONTINUATION,INTC,LONG,early_14:30-16:00,1,0,0,8,2,0
SECONDARY_148,STRAT_222_REVERSAL,INTC,LONG,later,3,0,0,11,3,0
SECONDARY_148,STRAT_222_CONTINUATION,INTC,LONG,later,4,0,0,10,3,0
SECONDARY_148,OTHER:strat_122,INTC,LONG,later,1,1,0,13,2,0
SECONDARY_148,OTHER:strat_outside_continuation,INTC,LONG,later,2,0,0,12,3,0
SECONDARY_148,STRAT_312,INTC,LONG,later,1,1,0,13,2,0
SECONDARY_148,OTHER:strat_22_continuation,INTC,LONG,later,1,1,0,13,2,0
SECONDARY_148,STRAT_322_CONTINUATION,INTC,LONG,later,1,0,0,13,3,0
SECONDARY_148,STRAT_212_CONTINUATION,INTC,LONG,later,1,0,0,13,3,0
SECONDARY_148,STRAT_222_REVERSAL,INTC,LONG,opening_14:00,2,2,2,0,0,0
SECONDARY_148,STRAT_222_REVERSAL,INTC,SHORT,early_14:30-16:00,1,0,0,2,1,0
SECONDARY_148,STRAT_212_REVERSAL,INTC,SHORT,early_14:30-16:00,1,1,0,2,0,0
SECONDARY_148,OTHER:strat_22_continuation,INTC,SHORT,early_14:30-16:00,1,0,0,2,1,0
SECONDARY_148,STRAT_222_REVERSAL,INTC,SHORT,later,3,3,3,14,8,2
SECONDARY_148,STRAT_212_REVERSAL,INTC,SHORT,later,1,1,0,16,10,5
SECONDARY_148,STRAT_222_CONTINUATION,INTC,SHORT,later,5,2,0,12,9,5
SECONDARY_148,OTHER:strat_122,INTC,SHORT,later,2,2,1,15,9,4
SECONDARY_148,OTHER:strat_outside_continuation,INTC,SHORT,later,2,2,0,15,9,5
SECONDARY_148,OTHER:strat_22_continuation,INTC,SHORT,later,1,0,0,16,11,5
SECONDARY_148,OTHER:strat_inside_break,INTC,SHORT,later,1,0,0,16,11,5
SECONDARY_148,STRAT_322_CONTINUATION,INTC,SHORT,later,1,0,0,16,11,5
SECONDARY_148,STRAT_212_CONTINUATION,INTC,SHORT,later,1,1,1,16,10,4
SECONDARY_148,STRAT_222_REVERSAL,INTC,SHORT,opening_14:00,1,1,1,1,1,1
SECONDARY_148,STRAT_222_CONTINUATION,INTC,SHORT,opening_14:00,1,1,1,1,1,1
SECONDARY_148,STRAT_222_REVERSAL,IREN,LONG,early_14:30-16:00,2,0,0,5,0,0
SECONDARY_148,STRAT_212_REVERSAL,IREN,LONG,early_14:30-16:00,1,0,0,6,0,0
SECONDARY_148,STRAT_222_CONTINUATION,IREN,LONG,early_14:30-16:00,2,0,0,5,0,0
SECONDARY_148,OTHER:strat_outside_continuation,IREN,LONG,early_14:30-16:00,2,0,0,5,0,0
SECONDARY_148,STRAT_222_REVERSAL,IREN,LONG,later,1,1,0,10,3,0
SECONDARY_148,STRAT_212_REVERSAL,IREN,LONG,later,2,2,0,9,2,0
SECONDARY_148,STRAT_222_CONTINUATION,IREN,LONG,later,1,1,0,10,3,0
SECONDARY_148,OTHER:strat_outside_continuation,IREN,LONG,later,2,0,0,9,4,0
SECONDARY_148,OTHER:strat_22_continuation,IREN,LONG,later,2,0,0,9,4,0
SECONDARY_148,STRAT_322_CONTINUATION,IREN,LONG,later,1,0,0,10,4,0
SECONDARY_148,STRAT_212_CONTINUATION,IREN,LONG,later,2,0,0,9,4,0
SECONDARY_148,STRAT_222_REVERSAL,IREN,SHORT,early_14:30-16:00,1,1,1,5,1,0
SECONDARY_148,STRAT_322_REVERSAL,IREN,SHORT,early_14:30-16:00,2,0,0,4,2,1
SECONDARY_148,OTHER:strat_22_continuation,IREN,SHORT,early_14:30-16:00,1,0,0,5,2,1
SECONDARY_148,STRAT_212_CONTINUATION,IREN,SHORT,early_14:30-16:00,2,1,0,4,1,1
SECONDARY_148,STRAT_222_REVERSAL,IREN,SHORT,later,3,2,1,12,4,1
SECONDARY_148,STRAT_212_REVERSAL,IREN,SHORT,later,1,1,1,14,5,1
SECONDARY_148,STRAT_222_CONTINUATION,IREN,SHORT,later,4,1,0,11,5,2
SECONDARY_148,OTHER:strat_122,IREN,SHORT,later,1,0,0,14,6,2
SECONDARY_148,OTHER:strat_outside_continuation,IREN,SHORT,later,1,1,0,14,5,2
SECONDARY_148,STRAT_322_REVERSAL,IREN,SHORT,later,1,0,0,14,6,2
SECONDARY_148,OTHER:strat_22_continuation,IREN,SHORT,later,1,1,0,14,5,2
SECONDARY_148,STRAT_322_CONTINUATION,IREN,SHORT,later,1,0,0,14,6,2
SECONDARY_148,STRAT_212_CONTINUATION,IREN,SHORT,later,2,0,0,13,6,2
SECONDARY_148,STRAT_222_CONTINUATION,IREN,SHORT,opening_14:00,3,3,2,0,0,0
SECONDARY_148,STRAT_222_REVERSAL,ISRG,LONG,early_14:30-16:00,1,1,1,3,1,0
SECONDARY_148,STRAT_222_CONTINUATION,ISRG,LONG,early_14:30-16:00,1,1,0,3,1,1
SECONDARY_148,OTHER:strat_outside_continuation,ISRG,LONG,early_14:30-16:00,1,0,0,3,2,1
SECONDARY_148,STRAT_212_CONTINUATION,ISRG,LONG,early_14:30-16:00,1,0,0,3,2,1
SECONDARY_148,STRAT_222_REVERSAL,ISRG,LONG,later,2,0,0,15,7,2
SECONDARY_148,STRAT_212_REVERSAL,ISRG,LONG,later,2,1,1,15,6,1
SECONDARY_148,STRAT_222_CONTINUATION,ISRG,LONG,later,2,2,0,15,5,2
SECONDARY_148,OTHER:strat_122,ISRG,LONG,later,1,1,1,16,6,1
SECONDARY_148,OTHER:strat_outside_continuation,ISRG,LONG,later,3,1,0,14,6,2
SECONDARY_148,STRAT_322_REVERSAL,ISRG,LONG,later,1,0,0,16,7,2
SECONDARY_148,STRAT_312,ISRG,LONG,later,1,0,0,16,7,2
SECONDARY_148,OTHER:strat_inside_break,ISRG,LONG,later,1,0,0,16,7,2
SECONDARY_148,STRAT_322_CONTINUATION,ISRG,LONG,later,3,2,0,14,5,2
SECONDARY_148,STRAT_212_CONTINUATION,ISRG,LONG,later,1,0,0,16,7,2
SECONDARY_148,STRAT_222_REVERSAL,ISRG,LONG,opening_14:00,1,1,1,1,1,1
SECONDARY_148,OTHER:strat_outside_continuation,ISRG,LONG,opening_14:00,1,1,1,1,1,1
SECONDARY_148,STRAT_212_REVERSAL,ISRG,SHORT,early_14:30-16:00,2,1,0,5,0,0
SECONDARY_148,STRAT_222_CONTINUATION,ISRG,SHORT,early_14:30-16:00,1,0,0,6,1,0
SECONDARY_148,OTHER:strat_122,ISRG,SHORT,early_14:30-16:00,1,0,0,6,1,0
SECONDARY_148,STRAT_312,ISRG,SHORT,early_14:30-16:00,1,0,0,6,1,0
SECONDARY_148,OTHER:strat_22_continuation,ISRG,SHORT,early_14:30-16:00,2,0,0,5,1,0
SECONDARY_148,STRAT_222_REVERSAL,ISRG,SHORT,later,3,2,0,4,0,0
SECONDARY_148,STRAT_212_REVERSAL,ISRG,SHORT,later,1,0,0,6,2,0
SECONDARY_148,OTHER:strat_122,ISRG,SHORT,later,2,0,0,5,2,0
SECONDARY_148,OTHER:strat_outside_continuation,ISRG,SHORT,later,1,0,0,6,2,0
SECONDARY_148,STRAT_222_REVERSAL,ISRG,SHORT,opening_14:00,1,1,1,0,0,0
SECONDARY_148,STRAT_222_REVERSAL,IWM,LONG,early_14:30-16:00,1,0,0,3,2,1
SECONDARY_148,STRAT_212_REVERSAL,IWM,LONG,early_14:30-16:00,2,1,1,2,1,0
SECONDARY_148,OTHER:strat_outside_continuation,IWM,LONG,early_14:30-16:00,1,1,0,3,1,1
SECONDARY_148,STRAT_222_REVERSAL,IWM,LONG,later,1,0,0,6,1,0
SECONDARY_148,STRAT_212_REVERSAL,IWM,LONG,later,1,0,0,6,1,0
SECONDARY_148,STRAT_222_CONTINUATION,IWM,LONG,later,1,0,0,6,1,0
SECONDARY_148,OTHER:strat_122,IWM,LONG,later,2,1,0,5,0,0
SECONDARY_148,OTHER:strat_outside_continuation,IWM,LONG,later,1,0,0,6,1,0
SECONDARY_148,STRAT_322_CONTINUATION,IWM,LONG,later,1,0,0,6,1,0
SECONDARY_148,STRAT_222_CONTINUATION,IWM,LONG,opening_14:00,1,1,1,0,0,0
SECONDARY_148,STRAT_222_REVERSAL,IWM,SHORT,early_14:30-16:00,2,0,0,4,3,0
SECONDARY_148,STRAT_222_CONTINUATION,IWM,SHORT,early_14:30-16:00,2,1,0,4,2,0
SECONDARY_148,STRAT_312,IWM,SHORT,early_14:30-16:00,1,1,0,5,2,0
SECONDARY_148,OTHER:strat_22_continuation,IWM,SHORT,early_14:30-16:00,1,1,0,5,2,0
SECONDARY_148,STRAT_222_REVERSAL,IWM,SHORT,later,3,2,1,16,9,0
SECONDARY_148,STRAT_222_CONTINUATION,IWM,SHORT,later,6,4,0,13,7,1
SECONDARY_148,OTHER:strat_122,IWM,SHORT,later,2,1,0,17,10,1
SECONDARY_148,STRAT_322_REVERSAL,IWM,SHORT,later,1,0,0,18,11,1
SECONDARY_148,OTHER:strat_22_continuation,IWM,SHORT,later,2,2,0,17,9,1
SECONDARY_148,OTHER:strat_inside_break,IWM,SHORT,later,2,1,0,17,10,1
SECONDARY_148,STRAT_212_CONTINUATION,IWM,SHORT,later,3,1,0,16,10,1
SECONDARY_148,STRAT_222_CONTINUATION,IWM,SHORT,opening_14:00,3,3,3,1,1,1
SECONDARY_148,OTHER:strat_22_continuation,IWM,SHORT,opening_14:00,1,1,1,3,3,3
SECONDARY_148,STRAT_212_REVERSAL,JD,LONG,early_14:30-16:00,1,0,0,4,3,2
SECONDARY_148,STRAT_222_CONTINUATION,JD,LONG,early_14:30-16:00,2,1,0,3,2,2
SECONDARY_148,OTHER:strat_outside_continuation,JD,LONG,early_14:30-16:00,1,1,1,4,2,1
SECONDARY_148,STRAT_322_CONTINUATION,JD,LONG,early_14:30-16:00,1,1,1,4,2,1
SECONDARY_148,STRAT_222_REVERSAL,JD,LONG,later,1,1,0,12,4,0
SECONDARY_148,STRAT_222_CONTINUATION,JD,LONG,later,3,1,0,10,4,0
SECONDARY_148,OTHER:strat_122,JD,LONG,later,1,0,0,12,5,0
SECONDARY_148,OTHER:strat_outside_continuation,JD,LONG,later,3,0,0,10,5,0
SECONDARY_148,OTHER:strat_22_continuation,JD,LONG,later,2,1,0,11,4,0
SECONDARY_148,OTHER:strat_inside_break,JD,LONG,later,1,1,0,12,4,0
SECONDARY_148,STRAT_322_CONTINUATION,JD,LONG,later,1,0,0,12,5,0
SECONDARY_148,STRAT_212_CONTINUATION,JD,LONG,later,1,1,0,12,4,0
SECONDARY_148,STRAT_222_REVERSAL,JD,LONG,opening_14:00,1,0,0,1,1,1
SECONDARY_148,STRAT_322_CONTINUATION,JD,LONG,opening_14:00,1,1,1,1,0,0
SECONDARY_148,STRAT_222_REVERSAL,JD,SHORT,early_14:30-16:00,2,1,0,3,1,1
SECONDARY_148,STRAT_212_REVERSAL,JD,SHORT,early_14:30-16:00,1,0,0,4,2,1
SECONDARY_148,STRAT_222_CONTINUATION,JD,SHORT,early_14:30-16:00,1,0,0,4,2,1
SECONDARY_148,STRAT_212_CONTINUATION,JD,SHORT,early_14:30-16:00,1,1,1,4,1,0
SECONDARY_148,STRAT_222_REVERSAL,JD,SHORT,later,2,2,0,11,7,5
SECONDARY_148,STRAT_212_REVERSAL,JD,SHORT,later,1,1,1,12,8,4
SECONDARY_148,STRAT_222_CONTINUATION,JD,SHORT,later,3,2,1,10,7,4
SECONDARY_148,STRAT_312,JD,SHORT,later,1,0,0,12,9,5
SECONDARY_148,OTHER:strat_22_continuation,JD,SHORT,later,3,1,0,10,8,5
SECONDARY_148,OTHER:strat_inside_break,JD,SHORT,later,1,1,1,12,8,4
SECONDARY_148,STRAT_212_CONTINUATION,JD,SHORT,later,2,2,2,11,7,3
SECONDARY_148,STRAT_222_CONTINUATION,JD,SHORT,opening_14:00,1,1,1,1,1,0
SECONDARY_148,OTHER:strat_outside_continuation,JD,SHORT,opening_14:00,1,1,0,1,1,1
SECONDARY_148,STRAT_222_REVERSAL,JNJ,LONG,early_14:30-16:00,2,0,0,3,2,0
SECONDARY_148,STRAT_212_REVERSAL,JNJ,LONG,early_14:30-16:00,1,1,0,4,1,0
SECONDARY_148,STRAT_222_CONTINUATION,JNJ,LONG,early_14:30-16:00,1,0,0,4,2,0
SECONDARY_148,OTHER:strat_outside_continuation,JNJ,LONG,early_14:30-16:00,1,1,0,4,1,0
SECONDARY_148,STRAT_222_REVERSAL,JNJ,LONG,later,4,2,2,8,6,1
SECONDARY_148,STRAT_222_CONTINUATION,JNJ,LONG,later,4,3,0,8,5,3
SECONDARY_148,OTHER:strat_122,JNJ,LONG,later,1,1,0,11,7,3
SECONDARY_148,OTHER:strat_outside_continuation,JNJ,LONG,later,1,0,0,11,8,3
SECONDARY_148,OTHER:strat_22_continuation,JNJ,LONG,later,1,1,0,11,7,3
SECONDARY_148,STRAT_212_CONTINUATION,JNJ,LONG,later,1,1,1,11,7,2
SECONDARY_148,STRAT_322_REVERSAL,JNJ,LONG,opening_14:00,2,2,2,1,1,1
SECONDARY_148,STRAT_322_CONTINUATION,JNJ,LONG,opening_14:00,1,1,1,2,2,2
SECONDARY_148,STRAT_222_REVERSAL,JNJ,SHORT,early_14:30-16:00,3,2,0,4,2,1
SECONDARY_148,STRAT_222_CONTINUATION,JNJ,SHORT,early_14:30-16:00,3,1,1,4,3,0
SECONDARY_148,STRAT_212_CONTINUATION,JNJ,SHORT,early_14:30-16:00,1,1,0,6,3,1
SECONDARY_148,STRAT_222_REVERSAL,JNJ,SHORT,later,5,3,3,8,4,2
SECONDARY_148,STRAT_212_REVERSAL,JNJ,SHORT,later,1,0,0,12,7,5
SECONDARY_148,STRAT_222_CONTINUATION,JNJ,SHORT,later,2,2,1,11,5,4
SECONDARY_148,OTHER:strat_outside_continuation,JNJ,SHORT,later,2,1,0,11,6,5
SECONDARY_148,STRAT_322_REVERSAL,JNJ,SHORT,later,1,0,0,12,7,5
SECONDARY_148,STRAT_312,JNJ,SHORT,later,1,1,1,12,6,4
SECONDARY_148,OTHER:strat_22_continuation,JNJ,SHORT,later,1,0,0,12,7,5
SECONDARY_148,STRAT_222_CONTINUATION,JNJ,SHORT,opening_14:00,1,1,1,1,1,0
SECONDARY_148,OTHER:strat_outside_continuation,JNJ,SHORT,opening_14:00,1,1,0,1,1,1
SECONDARY_148,STRAT_222_REVERSAL,JPM,LONG,early_14:30-16:00,1,0,0,4,0,0
SECONDARY_148,STRAT_212_REVERSAL,JPM,LONG,early_14:30-16:00,1,0,0,4,0,0
SECONDARY_148,STRAT_222_CONTINUATION,JPM,LONG,early_14:30-16:00,1,0,0,4,0,0
SECONDARY_148,OTHER:strat_22_continuation,JPM,LONG,early_14:30-16:00,1,0,0,4,0,0
SECONDARY_148,OTHER:strat_inside_break,JPM,LONG,early_14:30-16:00,1,0,0,4,0,0
SECONDARY_148,STRAT_222_REVERSAL,JPM,LONG,later,5,4,1,9,2,0
SECONDARY_148,STRAT_212_REVERSAL,JPM,LONG,later,1,0,0,13,6,1
SECONDARY_148,STRAT_222_CONTINUATION,JPM,LONG,later,1,0,0,13,6,1
SECONDARY_148,OTHER:strat_122,JPM,LONG,later,1,0,0,13,6,1
SECONDARY_148,OTHER:strat_outside_continuation,JPM,LONG,later,1,0,0,13,6,1
SECONDARY_148,STRAT_312,JPM,LONG,later,1,1,0,13,5,1
SECONDARY_148,OTHER:strat_22_continuation,JPM,LONG,later,1,0,0,13,6,1
SECONDARY_148,STRAT_322_CONTINUATION,JPM,LONG,later,1,0,0,13,6,1
SECONDARY_148,STRAT_212_CONTINUATION,JPM,LONG,later,2,1,0,12,5,1
SECONDARY_148,STRAT_222_CONTINUATION,JPM,LONG,opening_14:00,1,1,1,0,0,0
SECONDARY_148,STRAT_222_REVERSAL,JPM,SHORT,early_14:30-16:00,2,0,0,5,4,2
SECONDARY_148,STRAT_222_CONTINUATION,JPM,SHORT,early_14:30-16:00,2,1,1,5,3,1
SECONDARY_148,OTHER:strat_outside_continuation,JPM,SHORT,early_14:30-16:00,1,1,0,6,3,2
SECONDARY_148,STRAT_322_CONTINUATION,JPM,SHORT,early_14:30-16:00,1,1,0,6,3,2
SECONDARY_148,STRAT_212_CONTINUATION,JPM,SHORT,early_14:30-16:00,1,1,1,6,3,1
SECONDARY_148,STRAT_222_REVERSAL,JPM,SHORT,later,1,0,0,11,2,1
SECONDARY_148,STRAT_212_REVERSAL,JPM,SHORT,later,1,0,0,11,2,1
SECONDARY_148,STRAT_222_CONTINUATION,JPM,SHORT,later,1,1,0,11,1,1
SECONDARY_148,OTHER:strat_122,JPM,SHORT,later,3,1,1,9,1,0
SECONDARY_148,OTHER:strat_outside_continuation,JPM,SHORT,later,3,0,0,9,2,1
SECONDARY_148,STRAT_322_CONTINUATION,JPM,SHORT,later,2,0,0,10,2,1
SECONDARY_148,STRAT_212_CONTINUATION,JPM,SHORT,later,1,0,0,11,2,1
SECONDARY_148,STRAT_222_CONTINUATION,JPM,SHORT,opening_14:00,2,2,2,1,1,1
SECONDARY_148,OTHER:strat_22_continuation,JPM,SHORT,opening_14:00,1,1,1,2,2,2
SECONDARY_148,STRAT_222_REVERSAL,KO,LONG,early_14:30-16:00,1,0,0,2,2,0
SECONDARY_148,STRAT_212_REVERSAL,KO,LONG,early_14:30-16:00,1,1,0,2,1,0
SECONDARY_148,OTHER:strat_122,KO,LONG,early_14:30-16:00,1,1,0,2,1,0
SECONDARY_148,STRAT_222_REVERSAL,KO,LONG,later,2,1,0,12,3,0
SECONDARY_148,STRAT_212_REVERSAL,KO,LONG,later,2,1,0,12,3,0
SECONDARY_148,STRAT_222_CONTINUATION,KO,LONG,later,2,0,0,12,4,0
SECONDARY_148,STRAT_322_REVERSAL,KO,LONG,later,1,0,0,13,4,0
SECONDARY_148,STRAT_312,KO,LONG,later,1,0,0,13,4,0
SECONDARY_148,OTHER:strat_22_continuation,KO,LONG,later,2,0,0,12,4,0
SECONDARY_148,STRAT_212_CONTINUATION,KO,LONG,later,4,2,0,10,2,0
SECONDARY_148,STRAT_222_REVERSAL,KO,LONG,opening_14:00,1,1,1,2,2,1
SECONDARY_148,OTHER:strat_122,KO,LONG,opening_14:00,1,1,0,2,2,2
SECONDARY_148,OTHER:strat_outside_continuation,KO,LONG,opening_14:00,1,1,1,2,2,1
SECONDARY_148,STRAT_222_REVERSAL,KO,SHORT,early_14:30-16:00,2,0,0,8,1,0
SECONDARY_148,STRAT_212_REVERSAL,KO,SHORT,early_14:30-16:00,3,1,0,7,0,0
SECONDARY_148,STRAT_222_CONTINUATION,KO,SHORT,early_14:30-16:00,2,0,0,8,1,0
SECONDARY_148,OTHER:strat_22_continuation,KO,SHORT,early_14:30-16:00,2,0,0,8,1,0
SECONDARY_148,STRAT_212_CONTINUATION,KO,SHORT,early_14:30-16:00,1,0,0,9,1,0
SECONDARY_148,STRAT_222_REVERSAL,KO,SHORT,later,1,0,0,10,5,3
SECONDARY_148,STRAT_222_CONTINUATION,KO,SHORT,later,2,1,1,9,4,2
SECONDARY_148,OTHER:strat_122,KO,SHORT,later,1,1,1,10,4,2
SECONDARY_148,OTHER:strat_outside_continuation,KO,SHORT,later,2,1,0,9,4,3
SECONDARY_148,STRAT_312,KO,SHORT,later,1,1,1,10,4,2
SECONDARY_148,OTHER:strat_22_continuation,KO,SHORT,later,2,0,0,9,5,3
SECONDARY_148,STRAT_322_CONTINUATION,KO,SHORT,later,1,1,0,10,4,3
SECONDARY_148,STRAT_212_CONTINUATION,KO,SHORT,later,1,0,0,10,5,3
SECONDARY_148,STRAT_222_REVERSAL,KO,SHORT,opening_14:00,1,1,1,1,1,1
SECONDARY_148,OTHER:strat_122,KO,SHORT,opening_14:00,1,1,1,1,1,1
SECONDARY_148,STRAT_222_REVERSAL,LIN,LONG,early_14:30-16:00,1,0,0,5,4,2
SECONDARY_148,STRAT_212_REVERSAL,LIN,LONG,early_14:30-16:00,1,0,0,5,4,2
SECONDARY_148,STRAT_222_CONTINUATION,LIN,LONG,early_14:30-16:00,1,1,0,5,3,2
SECONDARY_148,OTHER:strat_122,LIN,LONG,early_14:30-16:00,2,2,2,4,2,0
SECONDARY_148,OTHER:strat_outside_continuation,LIN,LONG,early_14:30-16:00,1,1,0,5,3,2
SECONDARY_148,STRAT_222_REVERSAL,LIN,LONG,later,5,3,1,9,6,3
SECONDARY_148,STRAT_212_REVERSAL,LIN,LONG,later,1,1,0,13,8,4
SECONDARY_148,STRAT_222_CONTINUATION,LIN,LONG,later,3,1,0,11,8,4
SECONDARY_148,OTHER:strat_outside_continuation,LIN,LONG,later,1,1,1,13,8,3
SECONDARY_148,STRAT_322_REVERSAL,LIN,LONG,later,1,1,1,13,8,3
SECONDARY_148,OTHER:strat_22_continuation,LIN,LONG,later,1,0,0,13,9,4
SECONDARY_148,STRAT_322_CONTINUATION,LIN,LONG,later,1,1,0,13,8,4
SECONDARY_148,STRAT_212_CONTINUATION,LIN,LONG,later,1,1,1,13,8,3
SECONDARY_148,OTHER:strat_outside_continuation,LIN,LONG,opening_14:00,1,1,1,0,0,0
SECONDARY_148,STRAT_222_CONTINUATION,LIN,SHORT,early_14:30-16:00,2,0,0,3,1,0
SECONDARY_148,OTHER:strat_122,LIN,SHORT,early_14:30-16:00,1,1,0,4,0,0
SECONDARY_148,STRAT_312,LIN,SHORT,early_14:30-16:00,1,0,0,4,1,0
SECONDARY_148,STRAT_212_CONTINUATION,LIN,SHORT,early_14:30-16:00,1,0,0,4,1,0
SECONDARY_148,STRAT_222_REVERSAL,LIN,SHORT,later,4,3,1,10,4,1
SECONDARY_148,STRAT_212_REVERSAL,LIN,SHORT,later,1,1,1,13,6,1
SECONDARY_148,STRAT_222_CONTINUATION,LIN,SHORT,later,3,1,0,11,6,2
SECONDARY_148,OTHER:strat_outside_continuation,LIN,SHORT,later,3,0,0,11,7,2
SECONDARY_148,STRAT_312,LIN,SHORT,later,1,1,0,13,6,2
SECONDARY_148,OTHER:strat_22_continuation,LIN,SHORT,later,2,1,0,12,6,2
SECONDARY_148,STRAT_222_REVERSAL,LIN,SHORT,opening_14:00,2,2,2,1,1,0
SECONDARY_148,STRAT_322_CONTINUATION,LIN,SHORT,opening_14:00,1,1,0,2,2,2
SECONDARY_148,STRAT_212_REVERSAL,LLY,LONG,early_14:30-16:00,1,0,0,5,2,0
SECONDARY_148,OTHER:strat_outside_continuation,LLY,LONG,early_14:30-16:00,1,0,0,5,2,0
SECONDARY_148,OTHER:strat_22_continuation,LLY,LONG,early_14:30-16:00,1,1,0,5,1,0
SECONDARY_148,OTHER:strat_inside_break,LLY,LONG,early_14:30-16:00,2,0,0,4,2,0
SECONDARY_148,STRAT_212_CONTINUATION,LLY,LONG,early_14:30-16:00,1,1,0,5,1,0
SECONDARY_148,STRAT_222_REVERSAL,LLY,LONG,later,3,0,0,8,0,0
SECONDARY_148,STRAT_212_REVERSAL,LLY,LONG,later,1,0,0,10,0,0
SECONDARY_148,STRAT_222_CONTINUATION,LLY,LONG,later,1,0,0,10,0,0
SECONDARY_148,OTHER:strat_122,LLY,LONG,later,2,0,0,9,0,0
SECONDARY_148,OTHER:strat_outside_continuation,LLY,LONG,later,2,0,0,9,0,0
SECONDARY_148,OTHER:strat_22_continuation,LLY,LONG,later,1,0,0,10,0,0
SECONDARY_148,STRAT_322_CONTINUATION,LLY,LONG,later,1,0,0,10,0,0
SECONDARY_148,STRAT_222_REVERSAL,LLY,LONG,opening_14:00,1,1,1,2,2,2
SECONDARY_148,OTHER:strat_outside_continuation,LLY,LONG,opening_14:00,1,1,1,2,2,2
SECONDARY_148,STRAT_322_CONTINUATION,LLY,LONG,opening_14:00,1,1,1,2,2,2
SECONDARY_148,STRAT_222_REVERSAL,LLY,SHORT,early_14:30-16:00,1,0,0,2,1,0
SECONDARY_148,STRAT_212_REVERSAL,LLY,SHORT,early_14:30-16:00,1,0,0,2,1,0
SECONDARY_148,STRAT_212_CONTINUATION,LLY,SHORT,early_14:30-16:00,1,1,0,2,0,0
SECONDARY_148,STRAT_222_REVERSAL,LLY,SHORT,later,4,4,3,13,9,5
SECONDARY_148,STRAT_212_REVERSAL,LLY,SHORT,later,3,3,1,14,10,7
SECONDARY_148,STRAT_222_CONTINUATION,LLY,SHORT,later,4,3,2,13,10,6
SECONDARY_148,OTHER:strat_outside_continuation,LLY,SHORT,later,1,0,0,16,13,8
SECONDARY_148,STRAT_322_REVERSAL,LLY,SHORT,later,1,0,0,16,13,8
SECONDARY_148,OTHER:strat_22_continuation,LLY,SHORT,later,2,1,1,15,12,7
SECONDARY_148,STRAT_212_CONTINUATION,LLY,SHORT,later,2,2,1,15,11,7
SECONDARY_148,STRAT_222_REVERSAL,LMT,LONG,early_14:30-16:00,2,1,1,4,2,2
SECONDARY_148,STRAT_222_CONTINUATION,LMT,LONG,early_14:30-16:00,2,1,1,4,2,2
SECONDARY_148,STRAT_322_REVERSAL,LMT,LONG,early_14:30-16:00,1,1,1,5,2,2
SECONDARY_148,STRAT_312,LMT,LONG,early_14:30-16:00,1,0,0,5,3,3
SECONDARY_148,STRAT_222_REVERSAL,LMT,LONG,later,2,1,0,12,6,1
SECONDARY_148,STRAT_212_REVERSAL,LMT,LONG,later,2,1,0,12,6,1
SECONDARY_148,STRAT_222_CONTINUATION,LMT,LONG,later,3,1,0,11,6,1
SECONDARY_148,OTHER:strat_outside_continuation,LMT,LONG,later,2,1,1,12,6,0
SECONDARY_148,STRAT_322_REVERSAL,LMT,LONG,later,2,1,0,12,6,1
SECONDARY_148,STRAT_312,LMT,LONG,later,1,1,0,13,6,1
SECONDARY_148,OTHER:strat_22_continuation,LMT,LONG,later,1,1,0,13,6,1
SECONDARY_148,STRAT_322_CONTINUATION,LMT,LONG,later,1,0,0,13,7,1
SECONDARY_148,STRAT_222_REVERSAL,LMT,LONG,opening_14:00,1,1,1,0,0,0
SECONDARY_148,STRAT_222_REVERSAL,LMT,SHORT,early_14:30-16:00,1,0,0,6,1,0
SECONDARY_148,OTHER:strat_122,LMT,SHORT,early_14:30-16:00,1,0,0,6,1,0
SECONDARY_148,OTHER:strat_outside_continuation,LMT,SHORT,early_14:30-16:00,3,0,0,4,1,0
SECONDARY_148,STRAT_322_CONTINUATION,LMT,SHORT,early_14:30-16:00,1,0,0,6,1,0
SECONDARY_148,STRAT_212_CONTINUATION,LMT,SHORT,early_14:30-16:00,1,1,0,6,0,0
SECONDARY_148,STRAT_222_REVERSAL,LMT,SHORT,later,7,1,0,9,1,0
SECONDARY_148,STRAT_222_CONTINUATION,LMT,SHORT,later,3,0,0,13,2,0
SECONDARY_148,OTHER:strat_122,LMT,SHORT,later,1,0,0,15,2,0
SECONDARY_148,OTHER:strat_outside_continuation,LMT,SHORT,later,2,0,0,14,2,0
SECONDARY_148,STRAT_322_REVERSAL,LMT,SHORT,later,1,0,0,15,2,0
SECONDARY_148,OTHER:strat_22_continuation,LMT,SHORT,later,1,0,0,15,2,0
SECONDARY_148,STRAT_212_CONTINUATION,LMT,SHORT,later,1,1,0,15,1,0
SECONDARY_148,STRAT_222_REVERSAL,LOW,LONG,early_14:30-16:00,2,1,0,3,0,0
SECONDARY_148,STRAT_212_REVERSAL,LOW,LONG,early_14:30-16:00,1,0,0,4,1,0
SECONDARY_148,OTHER:strat_inside_break,LOW,LONG,early_14:30-16:00,1,0,0,4,1,0
SECONDARY_148,STRAT_212_CONTINUATION,LOW,LONG,early_14:30-16:00,1,0,0,4,1,0
SECONDARY_148,STRAT_222_REVERSAL,LOW,LONG,later,4,1,0,11,5,2
SECONDARY_148,STRAT_212_REVERSAL,LOW,LONG,later,1,1,1,14,5,1
SECONDARY_148,STRAT_222_CONTINUATION,LOW,LONG,later,4,1,0,11,5,2
SECONDARY_148,STRAT_322_REVERSAL,LOW,LONG,later,2,1,0,13,5,2
SECONDARY_148,OTHER:strat_22_continuation,LOW,LONG,later,3,1,0,12,5,2
SECONDARY_148,STRAT_212_CONTINUATION,LOW,LONG,later,1,1,1,14,5,1
SECONDARY_148,STRAT_222_CONTINUATION,LOW,LONG,opening_14:00,1,1,1,0,0,0
SECONDARY_148,STRAT_222_REVERSAL,LOW,SHORT,early_14:30-16:00,2,1,0,3,1,0
SECONDARY_148,STRAT_222_CONTINUATION,LOW,SHORT,early_14:30-16:00,1,1,0,4,1,0
SECONDARY_148,OTHER:strat_122,LOW,SHORT,early_14:30-16:00,1,0,0,4,2,0
SECONDARY_148,STRAT_322_CONTINUATION,LOW,SHORT,early_14:30-16:00,1,0,0,4,2,0
SECONDARY_148,STRAT_222_REVERSAL,LOW,SHORT,later,6,4,3,10,3,1
SECONDARY_148,STRAT_212_REVERSAL,LOW,SHORT,later,1,0,0,15,7,4
SECONDARY_148,STRAT_222_CONTINUATION,LOW,SHORT,later,3,1,0,13,6,4
SECONDARY_148,OTHER:strat_outside_continuation,LOW,SHORT,later,2,1,0,14,6,4
SECONDARY_148,OTHER:strat_22_continuation,LOW,SHORT,later,1,0,0,15,7,4
SECONDARY_148,STRAT_212_CONTINUATION,LOW,SHORT,later,3,1,1,13,6,3
SECONDARY_148,STRAT_222_CONTINUATION,LOW,SHORT,opening_14:00,2,2,2,1,1,1
SECONDARY_148,OTHER:strat_outside_continuation,LOW,SHORT,opening_14:00,1,1,1,2,2,2
SECONDARY_148,STRAT_222_REVERSAL,LULU,LONG,early_14:30-16:00,1,1,0,5,3,1
SECONDARY_148,STRAT_212_REVERSAL,LULU,LONG,early_14:30-16:00,2,2,1,4,2,0
SECONDARY_148,OTHER:strat_22_continuation,LULU,LONG,early_14:30-16:00,1,0,0,5,4,1
SECONDARY_148,STRAT_212_CONTINUATION,LULU,LONG,early_14:30-16:00,2,1,0,4,3,1
SECONDARY_148,STRAT_222_REVERSAL,LULU,LONG,later,4,4,3,11,6,4
SECONDARY_148,STRAT_212_REVERSAL,LULU,LONG,later,2,1,1,13,9,6
SECONDARY_148,STRAT_222_CONTINUATION,LULU,LONG,later,3,2,1,12,8,6
SECONDARY_148,OTHER:strat_outside_continuation,LULU,LONG,later,1,1,0,14,9,7
SECONDARY_148,OTHER:strat_22_continuation,LULU,LONG,later,2,1,1,13,9,6
SECONDARY_148,STRAT_322_CONTINUATION,LULU,LONG,later,1,1,1,14,9,6
SECONDARY_148,STRAT_212_CONTINUATION,LULU,LONG,later,2,0,0,13,10,7
SECONDARY_148,STRAT_222_CONTINUATION,LULU,LONG,opening_14:00,1,1,0,1,1,1
SECONDARY_148,OTHER:strat_22_continuation,LULU,LONG,opening_14:00,1,1,1,1,1,0
SECONDARY_148,STRAT_222_REVERSAL,LULU,SHORT,early_14:30-16:00,1,0,0,4,1,1
SECONDARY_148,STRAT_222_CONTINUATION,LULU,SHORT,early_14:30-16:00,2,0,0,3,1,1
SECONDARY_148,OTHER:strat_122,LULU,SHORT,early_14:30-16:00,1,0,0,4,1,1
SECONDARY_148,STRAT_212_CONTINUATION,LULU,SHORT,early_14:30-16:00,1,1,1,4,0,0
SECONDARY_148,STRAT_222_REVERSAL,LULU,SHORT,later,3,1,0,8,3,3
SECONDARY_148,STRAT_222_CONTINUATION,LULU,SHORT,later,2,1,1,9,3,2
SECONDARY_148,OTHER:strat_122,LULU,SHORT,later,3,2,2,8,2,1
SECONDARY_148,OTHER:strat_outside_continuation,LULU,SHORT,later,1,0,0,10,4,3
SECONDARY_148,STRAT_312,LULU,SHORT,later,1,0,0,10,4,3
SECONDARY_148,STRAT_212_CONTINUATION,LULU,SHORT,later,1,0,0,10,4,3
SECONDARY_148,STRAT_212_REVERSAL,LULU,SHORT,opening_14:00,1,1,1,2,2,2
SECONDARY_148,STRAT_222_CONTINUATION,LULU,SHORT,opening_14:00,1,1,1,2,2,2
SECONDARY_148,STRAT_322_CONTINUATION,LULU,SHORT,opening_14:00,1,1,1,2,2,2
SECONDARY_148,STRAT_222_CONTINUATION,MA,LONG,early_14:30-16:00,1,0,0,6,3,1
SECONDARY_148,OTHER:strat_122,MA,LONG,early_14:30-16:00,2,0,0,5,3,1
SECONDARY_148,OTHER:strat_outside_continuation,MA,LONG,early_14:30-16:00,1,0,0,6,3,1
SECONDARY_148,STRAT_322_CONTINUATION,MA,LONG,early_14:30-16:00,1,1,0,6,2,1
SECONDARY_148,STRAT_212_CONTINUATION,MA,LONG,early_14:30-16:00,2,2,1,5,1,0
SECONDARY_148,STRAT_222_REVERSAL,MA,LONG,later,1,1,0,12,8,3
SECONDARY_148,STRAT_212_REVERSAL,MA,LONG,later,2,1,0,11,8,3
SECONDARY_148,STRAT_222_CONTINUATION,MA,LONG,later,3,2,1,10,7,2
SECONDARY_148,OTHER:strat_outside_continuation,MA,LONG,later,2,0,0,11,9,3
SECONDARY_148,STRAT_312,MA,LONG,later,1,1,1,12,8,2
SECONDARY_148,OTHER:strat_22_continuation,MA,LONG,later,3,3,1,10,6,2
SECONDARY_148,STRAT_212_CONTINUATION,MA,LONG,later,1,1,0,12,8,3
SECONDARY_148,OTHER:strat_outside_continuation,MA,LONG,opening_14:00,1,1,0,1,1,1
SECONDARY_148,STRAT_322_CONTINUATION,MA,LONG,opening_14:00,1,1,1,1,1,0
SECONDARY_148,STRAT_222_CONTINUATION,MA,SHORT,early_14:30-16:00,1,0,0,3,2,1
SECONDARY_148,STRAT_322_REVERSAL,MA,SHORT,early_14:30-16:00,1,1,0,3,1,1
SECONDARY_148,STRAT_212_CONTINUATION,MA,SHORT,early_14:30-16:00,2,1,1,2,1,0
SECONDARY_148,STRAT_222_REVERSAL,MA,SHORT,later,2,2,1,6,3,2
SECONDARY_148,STRAT_212_REVERSAL,MA,SHORT,later,2,1,0,6,4,3
SECONDARY_148,STRAT_222_CONTINUATION,MA,SHORT,later,2,1,1,6,4,2
SECONDARY_148,OTHER:strat_22_continuation,MA,SHORT,later,1,0,0,7,5,3
SECONDARY_148,STRAT_212_CONTINUATION,MA,SHORT,later,1,1,1,7,4,2
SECONDARY_148,STRAT_222_REVERSAL,MA,SHORT,opening_14:00,1,1,0,2,2,0
SECONDARY_148,OTHER:strat_122,MA,SHORT,opening_14:00,1,1,0,2,2,0
SECONDARY_148,OTHER:strat_outside_continuation,MA,SHORT,opening_14:00,1,1,0,2,2,0
SECONDARY_148,STRAT_222_REVERSAL,MAR,LONG,early_14:30-16:00,2,2,2,8,5,3
SECONDARY_148,STRAT_212_REVERSAL,MAR,LONG,early_14:30-16:00,1,1,0,9,6,5
SECONDARY_148,STRAT_222_CONTINUATION,MAR,LONG,early_14:30-16:00,3,2,2,7,5,3
SECONDARY_148,OTHER:strat_outside_continuation,MAR,LONG,early_14:30-16:00,1,0,0,9,7,5
SECONDARY_148,OTHER:strat_22_continuation,MAR,LONG,early_14:30-16:00,2,1,1,8,6,4
SECONDARY_148,STRAT_212_CONTINUATION,MAR,LONG,early_14:30-16:00,1,1,0,9,6,5
SECONDARY_148,STRAT_222_REVERSAL,MAR,LONG,later,2,2,1,10,6,4
SECONDARY_148,STRAT_222_CONTINUATION,MAR,LONG,later,4,3,1,8,5,4
SECONDARY_148,STRAT_322_REVERSAL,MAR,LONG,later,2,0,0,10,8,5
SECONDARY_148,OTHER:strat_22_continuation,MAR,LONG,later,1,1,1,11,7,4
SECONDARY_148,STRAT_212_CONTINUATION,MAR,LONG,later,3,2,2,9,6,3
SECONDARY_148,STRAT_222_CONTINUATION,MAR,LONG,opening_14:00,1,1,1,0,0,0
SECONDARY_148,STRAT_222_REVERSAL,MAR,SHORT,early_14:30-16:00,1,0,0,5,3,1
SECONDARY_148,STRAT_222_CONTINUATION,MAR,SHORT,early_14:30-16:00,2,1,1,4,2,0
SECONDARY_148,STRAT_322_REVERSAL,MAR,SHORT,early_14:30-16:00,1,1,0,5,2,1
SECONDARY_148,STRAT_312,MAR,SHORT,early_14:30-16:00,1,1,0,5,2,1
SECONDARY_148,OTHER:strat_22_continuation,MAR,SHORT,early_14:30-16:00,1,0,0,5,3,1
SECONDARY_148,STRAT_222_REVERSAL,MAR,SHORT,later,2,1,0,9,5,1
SECONDARY_148,STRAT_222_CONTINUATION,MAR,SHORT,later,3,1,0,8,5,1
SECONDARY_148,OTHER:strat_122,MAR,SHORT,later,1,1,1,10,5,0
SECONDARY_148,OTHER:strat_outside_continuation,MAR,SHORT,later,3,1,0,8,5,1
SECONDARY_148,OTHER:strat_22_continuation,MAR,SHORT,later,1,1,0,10,5,1
SECONDARY_148,STRAT_212_CONTINUATION,MAR,SHORT,later,1,1,0,10,5,1
SECONDARY_148,STRAT_222_CONTINUATION,MAR,SHORT,opening_14:00,1,1,1,1,1,1
SECONDARY_148,STRAT_322_CONTINUATION,MAR,SHORT,opening_14:00,1,1,1,1,1,1
SECONDARY_148,STRAT_222_REVERSAL,MARA,LONG,early_14:30-16:00,3,0,0,4,2,0
SECONDARY_148,STRAT_212_REVERSAL,MARA,LONG,early_14:30-16:00,2,1,0,5,1,0
SECONDARY_148,OTHER:strat_122,MARA,LONG,early_14:30-16:00,1,1,0,6,1,0
SECONDARY_148,STRAT_322_CONTINUATION,MARA,LONG,early_14:30-16:00,1,0,0,6,2,0
SECONDARY_148,STRAT_222_REVERSAL,MARA,LONG,later,1,0,0,9,4,1
SECONDARY_148,OTHER:strat_122,MARA,LONG,later,1,0,0,9,4,1
SECONDARY_148,OTHER:strat_outside_continuation,MARA,LONG,later,2,2,0,8,2,1
SECONDARY_148,OTHER:strat_22_continuation,MARA,LONG,later,1,1,0,9,3,1
SECONDARY_148,OTHER:strat_inside_break,MARA,LONG,later,1,1,1,9,3,0
SECONDARY_148,STRAT_322_CONTINUATION,MARA,LONG,later,2,0,0,8,4,1
SECONDARY_148,STRAT_212_CONTINUATION,MARA,LONG,later,2,0,0,8,4,1
SECONDARY_148,STRAT_222_REVERSAL,MARA,LONG,opening_14:00,1,0,0,1,1,1
SECONDARY_148,OTHER:strat_outside_continuation,MARA,LONG,opening_14:00,1,1,1,1,0,0
SECONDARY_148,STRAT_222_REVERSAL,MARA,SHORT,early_14:30-16:00,4,0,0,2,0,0
SECONDARY_148,STRAT_212_REVERSAL,MARA,SHORT,early_14:30-16:00,1,0,0,5,0,0
SECONDARY_148,STRAT_212_CONTINUATION,MARA,SHORT,early_14:30-16:00,1,0,0,5,0,0
SECONDARY_148,STRAT_222_REVERSAL,MARA,SHORT,later,2,2,0,10,7,3
SECONDARY_148,STRAT_212_REVERSAL,MARA,SHORT,later,1,1,1,11,8,2
SECONDARY_148,STRAT_222_CONTINUATION,MARA,SHORT,later,4,3,1,8,6,2
SECONDARY_148,OTHER:strat_122,MARA,SHORT,later,2,1,0,10,8,3
SECONDARY_148,OTHER:strat_22_continuation,MARA,SHORT,later,2,1,0,10,8,3
SECONDARY_148,OTHER:strat_inside_break,MARA,SHORT,later,1,1,1,11,8,2
SECONDARY_148,STRAT_222_CONTINUATION,MARA,SHORT,opening_14:00,3,3,3,0,0,0
SECONDARY_148,STRAT_222_REVERSAL,MCD,LONG,early_14:30-16:00,1,0,0,5,1,0
SECONDARY_148,STRAT_212_REVERSAL,MCD,LONG,early_14:30-16:00,1,0,0,5,1,0
SECONDARY_148,STRAT_322_REVERSAL,MCD,LONG,early_14:30-16:00,1,0,0,5,1,0
SECONDARY_148,OTHER:strat_22_continuation,MCD,LONG,early_14:30-16:00,1,0,0,5,1,0
SECONDARY_148,OTHER:strat_inside_break,MCD,LONG,early_14:30-16:00,1,1,0,5,0,0
SECONDARY_148,STRAT_212_CONTINUATION,MCD,LONG,early_14:30-16:00,1,0,0,5,1,0
SECONDARY_148,STRAT_212_REVERSAL,MCD,LONG,later,1,0,0,10,5,2
SECONDARY_148,STRAT_222_CONTINUATION,MCD,LONG,later,1,0,0,10,5,2
SECONDARY_148,OTHER:strat_122,MCD,LONG,later,1,1,0,10,4,2
SECONDARY_148,OTHER:strat_outside_continuation,MCD,LONG,later,1,1,1,10,4,1
SECONDARY_148,STRAT_322_REVERSAL,MCD,LONG,later,1,0,0,10,5,2
SECONDARY_148,STRAT_312,MCD,LONG,later,1,1,0,10,4,2
SECONDARY_148,OTHER:strat_22_continuation,MCD,LONG,later,2,1,0,9,4,2
SECONDARY_148,STRAT_322_CONTINUATION,MCD,LONG,later,1,0,0,10,5,2
SECONDARY_148,STRAT_212_CONTINUATION,MCD,LONG,later,2,1,1,9,4,1
SECONDARY_148,OTHER:strat_outside_continuation,MCD,LONG,opening_14:00,1,1,1,0,0,0
SECONDARY_148,STRAT_222_REVERSAL,MCD,SHORT,early_14:30-16:00,1,0,0,5,1,1
SECONDARY_148,STRAT_222_CONTINUATION,MCD,SHORT,early_14:30-16:00,1,0,0,5,1,1
SECONDARY_148,OTHER:strat_122,MCD,SHORT,early_14:30-16:00,1,1,1,5,0,0
SECONDARY_148,OTHER:strat_outside_continuation,MCD,SHORT,early_14:30-16:00,2,0,0,4,1,1
SECONDARY_148,STRAT_322_CONTINUATION,MCD,SHORT,early_14:30-16:00,1,0,0,5,1,1
SECONDARY_148,STRAT_222_REVERSAL,MCD,SHORT,later,2,2,1,11,5,2
SECONDARY_148,STRAT_212_REVERSAL,MCD,SHORT,later,1,0,0,12,7,3
SECONDARY_148,STRAT_222_CONTINUATION,MCD,SHORT,later,3,3,1,10,4,2
SECONDARY_148,OTHER:strat_122,MCD,SHORT,later,2,2,1,11,5,2
SECONDARY_148,OTHER:strat_outside_continuation,MCD,SHORT,later,2,0,0,11,7,3
SECONDARY_148,OTHER:strat_22_continuation,MCD,SHORT,later,1,0,0,12,7,3
SECONDARY_148,STRAT_212_CONTINUATION,MCD,SHORT,later,2,0,0,11,7,3
SECONDARY_148,OTHER:strat_outside_continuation,MCD,SHORT,opening_14:00,1,1,1,1,1,1
SECONDARY_148,STRAT_322_CONTINUATION,MCD,SHORT,opening_14:00,1,1,1,1,1,1
SECONDARY_148,STRAT_222_REVERSAL,MDLZ,LONG,early_14:30-16:00,1,1,0,3,1,1
SECONDARY_148,OTHER:strat_122,MDLZ,LONG,early_14:30-16:00,1,1,1,3,1,0
SECONDARY_148,STRAT_322_REVERSAL,MDLZ,LONG,early_14:30-16:00,1,0,0,3,2,1
SECONDARY_148,STRAT_212_CONTINUATION,MDLZ,LONG,early_14:30-16:00,1,0,0,3,2,1
SECONDARY_148,STRAT_222_REVERSAL,MDLZ,LONG,later,5,3,1,9,3,1
SECONDARY_148,STRAT_222_CONTINUATION,MDLZ,LONG,later,5,1,1,9,5,1
SECONDARY_148,OTHER:strat_122,MDLZ,LONG,later,1,1,0,13,5,2
SECONDARY_148,OTHER:strat_outside_continuation,MDLZ,LONG,later,1,1,0,13,5,2
SECONDARY_148,STRAT_322_REVERSAL,MDLZ,LONG,later,1,0,0,13,6,2
SECONDARY_148,STRAT_212_CONTINUATION,MDLZ,LONG,later,1,0,0,13,6,2
SECONDARY_148,OTHER:strat_outside_continuation,MDLZ,LONG,opening_14:00,1,1,1,1,0,0
SECONDARY_148,STRAT_322_CONTINUATION,MDLZ,LONG,opening_14:00,1,0,0,1,1,1
SECONDARY_148,STRAT_222_REVERSAL,MDLZ,SHORT,early_14:30-16:00,1,0,0,10,3,0
SECONDARY_148,STRAT_212_REVERSAL,MDLZ,SHORT,early_14:30-16:00,1,1,0,10,2,0
SECONDARY_148,STRAT_222_CONTINUATION,MDLZ,SHORT,early_14:30-16:00,3,1,0,8,2,0
SECONDARY_148,OTHER:strat_outside_continuation,MDLZ,SHORT,early_14:30-16:00,1,0,0,10,3,0
SECONDARY_148,STRAT_322_REVERSAL,MDLZ,SHORT,early_14:30-16:00,1,0,0,10,3,0
SECONDARY_148,STRAT_312,MDLZ,SHORT,early_14:30-16:00,1,1,0,10,2,0
SECONDARY_148,OTHER:strat_22_continuation,MDLZ,SHORT,early_14:30-16:00,2,0,0,9,3,0
SECONDARY_148,STRAT_212_CONTINUATION,MDLZ,SHORT,early_14:30-16:00,1,0,0,10,3,0
SECONDARY_148,STRAT_222_REVERSAL,MDLZ,SHORT,later,3,1,0,8,5,3
SECONDARY_148,STRAT_212_REVERSAL,MDLZ,SHORT,later,2,2,2,9,4,1
SECONDARY_148,STRAT_222_CONTINUATION,MDLZ,SHORT,later,1,0,0,10,6,3
SECONDARY_148,OTHER:strat_122,MDLZ,SHORT,later,1,1,1,10,5,2
SECONDARY_148,OTHER:strat_22_continuation,MDLZ,SHORT,later,2,0,0,9,6,3
SECONDARY_148,STRAT_212_CONTINUATION,MDLZ,SHORT,later,2,2,0,9,4,3
SECONDARY_148,OTHER:strat_122,MDLZ,SHORT,opening_14:00,1,1,1,1,1,1
SECONDARY_148,OTHER:strat_outside_continuation,MDLZ,SHORT,opening_14:00,1,1,1,1,1,1
SECONDARY_148,STRAT_222_REVERSAL,META,LONG,early_14:30-16:00,1,1,0,7,3,2
SECONDARY_148,STRAT_212_REVERSAL,META,LONG,early_14:30-16:00,1,0,0,7,4,2
SECONDARY_148,STRAT_222_CONTINUATION,META,LONG,early_14:30-16:00,1,1,1,7,3,1
SECONDARY_148,OTHER:strat_122,META,LONG,early_14:30-16:00,1,1,1,7,3,1
SECONDARY_148,OTHER:strat_outside_continuation,META,LONG,early_14:30-16:00,1,0,0,7,4,2
SECONDARY_148,STRAT_312,META,LONG,early_14:30-16:00,1,0,0,7,4,2
SECONDARY_148,OTHER:strat_22_continuation,META,LONG,early_14:30-16:00,1,0,0,7,4,2
SECONDARY_148,STRAT_212_CONTINUATION,META,LONG,early_14:30-16:00,1,1,0,7,3,2
SECONDARY_148,STRAT_222_REVERSAL,META,LONG,later,4,2,1,6,2,1
SECONDARY_148,STRAT_212_REVERSAL,META,LONG,later,1,0,0,9,4,2
SECONDARY_148,STRAT_222_CONTINUATION,META,LONG,later,4,1,0,6,3,2
SECONDARY_148,OTHER:strat_122,META,LONG,later,1,1,1,9,3,1
SECONDARY_148,STRAT_222_REVERSAL,META,LONG,opening_14:00,2,2,2,1,1,1
SECONDARY_148,STRAT_312,META,LONG,opening_14:00,1,1,1,2,2,2
SECONDARY_148,STRAT_222_REVERSAL,META,SHORT,early_14:30-16:00,1,0,0,4,2,0
SECONDARY_148,STRAT_212_REVERSAL,META,SHORT,early_14:30-16:00,2,1,0,3,1,0
SECONDARY_148,OTHER:strat_outside_continuation,META,SHORT,early_14:30-16:00,1,1,0,4,1,0
SECONDARY_148,STRAT_322_REVERSAL,META,SHORT,early_14:30-16:00,1,0,0,4,2,0
SECONDARY_148,STRAT_222_REVERSAL,META,SHORT,later,4,0,0,12,7,2
SECONDARY_148,STRAT_222_CONTINUATION,META,SHORT,later,4,2,0,12,5,2
SECONDARY_148,OTHER:strat_122,META,SHORT,later,2,2,1,14,5,1
SECONDARY_148,OTHER:strat_outside_continuation,META,SHORT,later,2,1,0,14,6,2
SECONDARY_148,STRAT_322_CONTINUATION,META,SHORT,later,3,2,1,13,5,1
SECONDARY_148,STRAT_212_CONTINUATION,META,SHORT,later,1,0,0,15,7,2
SECONDARY_148,STRAT_222_REVERSAL,MO,LONG,early_14:30-16:00,3,2,1,3,1,0
SECONDARY_148,STRAT_222_CONTINUATION,MO,LONG,early_14:30-16:00,2,1,0,4,2,1
SECONDARY_148,OTHER:strat_outside_continuation,MO,LONG,early_14:30-16:00,1,0,0,5,3,1
SECONDARY_148,STRAT_222_REVERSAL,MO,LONG,later,2,0,0,11,8,0
SECONDARY_148,STRAT_212_REVERSAL,MO,LONG,later,2,2,0,11,6,0
SECONDARY_148,STRAT_222_CONTINUATION,MO,LONG,later,3,2,0,10,6,0
SECONDARY_148,OTHER:strat_outside_continuation,MO,LONG,later,1,1,0,12,7,0
SECONDARY_148,STRAT_312,MO,LONG,later,2,1,0,11,7,0
SECONDARY_148,STRAT_322_CONTINUATION,MO,LONG,later,2,1,0,11,7,0
SECONDARY_148,STRAT_212_CONTINUATION,MO,LONG,later,1,1,0,12,7,0
SECONDARY_148,OTHER:strat_122,MO,LONG,opening_14:00,2,2,2,1,1,1
SECONDARY_148,OTHER:strat_outside_continuation,MO,LONG,opening_14:00,1,1,1,2,2,2
SECONDARY_148,STRAT_222_REVERSAL,MO,SHORT,early_14:30-16:00,1,0,0,6,0,0
SECONDARY_148,STRAT_212_REVERSAL,MO,SHORT,early_14:30-16:00,1,0,0,6,0,0
SECONDARY_148,STRAT_222_CONTINUATION,MO,SHORT,early_14:30-16:00,2,0,0,5,0,0
SECONDARY_148,STRAT_322_REVERSAL,MO,SHORT,early_14:30-16:00,1,0,0,6,0,0
SECONDARY_148,STRAT_312,MO,SHORT,early_14:30-16:00,1,0,0,6,0,0
SECONDARY_148,OTHER:strat_22_continuation,MO,SHORT,early_14:30-16:00,1,0,0,6,0,0
SECONDARY_148,STRAT_222_REVERSAL,MO,SHORT,later,2,1,0,9,3,0
SECONDARY_148,STRAT_212_REVERSAL,MO,SHORT,later,3,2,0,8,2,0
SECONDARY_148,STRAT_222_CONTINUATION,MO,SHORT,later,1,0,0,10,4,0
SECONDARY_148,OTHER:strat_122,MO,SHORT,later,2,1,0,9,3,0
SECONDARY_148,STRAT_312,MO,SHORT,later,1,0,0,10,4,0
SECONDARY_148,OTHER:strat_22_continuation,MO,SHORT,later,2,0,0,9,4,0
SECONDARY_148,STRAT_222_REVERSAL,MO,SHORT,opening_14:00,1,1,1,0,0,0
SECONDARY_148,STRAT_222_REVERSAL,MRK,LONG,early_14:30-16:00,1,0,0,7,4,0
SECONDARY_148,STRAT_212_REVERSAL,MRK,LONG,early_14:30-16:00,2,1,0,6,3,0
SECONDARY_148,STRAT_222_CONTINUATION,MRK,LONG,early_14:30-16:00,1,0,0,7,4,0
SECONDARY_148,OTHER:strat_122,MRK,LONG,early_14:30-16:00,1,1,0,7,3,0
SECONDARY_148,OTHER:strat_outside_continuation,MRK,LONG,early_14:30-16:00,2,1,0,6,3,0
SECONDARY_148,OTHER:strat_22_continuation,MRK,LONG,early_14:30-16:00,1,1,0,7,3,0
SECONDARY_148,STRAT_222_REVERSAL,MRK,LONG,later,1,1,0,9,3,1
SECONDARY_148,STRAT_212_REVERSAL,MRK,LONG,later,1,1,0,9,3,1
SECONDARY_148,STRAT_222_CONTINUATION,MRK,LONG,later,3,2,1,7,2,0
SECONDARY_148,OTHER:strat_outside_continuation,MRK,LONG,later,1,0,0,9,4,1
SECONDARY_148,STRAT_312,MRK,LONG,later,1,0,0,9,4,1
SECONDARY_148,OTHER:strat_22_continuation,MRK,LONG,later,1,0,0,9,4,1
SECONDARY_148,STRAT_212_CONTINUATION,MRK,LONG,later,2,0,0,8,4,1
SECONDARY_148,OTHER:strat_outside_continuation,MRK,LONG,opening_14:00,1,1,1,0,0,0
SECONDARY_148,OTHER:strat_outside_continuation,MRK,SHORT,early_14:30-16:00,2,0,0,3,0,0
SECONDARY_148,STRAT_322_REVERSAL,MRK,SHORT,early_14:30-16:00,1,0,0,4,0,0
SECONDARY_148,STRAT_322_CONTINUATION,MRK,SHORT,early_14:30-16:00,1,0,0,4,0,0
SECONDARY_148,STRAT_212_CONTINUATION,MRK,SHORT,early_14:30-16:00,1,0,0,4,0,0
SECONDARY_148,STRAT_222_REVERSAL,MRK,SHORT,later,1,0,0,9,3,1
SECONDARY_148,STRAT_212_REVERSAL,MRK,SHORT,later,2,2,0,8,1,1
SECONDARY_148,OTHER:strat_122,MRK,SHORT,later,1,0,0,9,3,1
SECONDARY_148,OTHER:strat_outside_continuation,MRK,SHORT,later,1,0,0,9,3,1
SECONDARY_148,STRAT_322_REVERSAL,MRK,SHORT,later,1,0,0,9,3,1
SECONDARY_148,STRAT_312,MRK,SHORT,later,1,1,1,9,2,0
SECONDARY_148,OTHER:strat_22_continuation,MRK,SHORT,later,2,0,0,8,3,1
SECONDARY_148,STRAT_212_CONTINUATION,MRK,SHORT,later,1,0,0,9,3,1
SECONDARY_148,STRAT_222_CONTINUATION,MRK,SHORT,opening_14:00,1,1,1,1,1,1
SECONDARY_148,OTHER:strat_outside_continuation,MRK,SHORT,opening_14:00,1,1,1,1,1,1
SECONDARY_148,STRAT_222_REVERSAL,MS,LONG,early_14:30-16:00,1,0,0,4,1,0
SECONDARY_148,STRAT_222_CONTINUATION,MS,LONG,early_14:30-16:00,2,0,0,3,1,0
SECONDARY_148,OTHER:strat_122,MS,LONG,early_14:30-16:00,1,1,0,4,0,0
SECONDARY_148,OTHER:strat_inside_break,MS,LONG,early_14:30-16:00,1,0,0,4,1,0
SECONDARY_148,STRAT_222_REVERSAL,MS,LONG,later,2,1,0,12,3,2
SECONDARY_148,STRAT_212_REVERSAL,MS,LONG,later,1,0,0,13,4,2
SECONDARY_148,OTHER:strat_122,MS,LONG,later,1,0,0,13,4,2
SECONDARY_148,OTHER:strat_outside_continuation,MS,LONG,later,2,0,0,12,4,2
SECONDARY_148,OTHER:strat_22_continuation,MS,LONG,later,4,1,1,10,3,1
SECONDARY_148,OTHER:strat_inside_break,MS,LONG,later,1,0,0,13,4,2
SECONDARY_148,STRAT_322_CONTINUATION,MS,LONG,later,1,0,0,13,4,2
SECONDARY_148,STRAT_212_CONTINUATION,MS,LONG,later,2,2,1,12,2,1
SECONDARY_148,STRAT_222_REVERSAL,MS,SHORT,early_14:30-16:00,1,0,0,5,2,1
SECONDARY_148,OTHER:strat_122,MS,SHORT,early_14:30-16:00,1,1,0,5,1,1
SECONDARY_148,OTHER:strat_outside_continuation,MS,SHORT,early_14:30-16:00,1,0,0,5,2,1
SECONDARY_148,STRAT_312,MS,SHORT,early_14:30-16:00,1,0,0,5,2,1
SECONDARY_148,STRAT_212_CONTINUATION,MS,SHORT,early_14:30-16:00,2,1,1,4,1,0
SECONDARY_148,STRAT_222_REVERSAL,MS,SHORT,later,4,1,1,8,3,0
SECONDARY_148,STRAT_212_REVERSAL,MS,SHORT,later,1,0,0,11,4,1
SECONDARY_148,STRAT_222_CONTINUATION,MS,SHORT,later,3,2,0,9,2,1
SECONDARY_148,STRAT_322_REVERSAL,MS,SHORT,later,1,1,0,11,3,1
SECONDARY_148,OTHER:strat_22_continuation,MS,SHORT,later,1,0,0,11,4,1
SECONDARY_148,STRAT_322_CONTINUATION,MS,SHORT,later,1,0,0,11,4,1
SECONDARY_148,STRAT_212_CONTINUATION,MS,SHORT,later,1,0,0,11,4,1
SECONDARY_148,STRAT_222_CONTINUATION,MS,SHORT,opening_14:00,1,1,1,2,2,2
SECONDARY_148,OTHER:strat_22_continuation,MS,SHORT,opening_14:00,2,2,2,1,1,1
SECONDARY_148,STRAT_222_REVERSAL,MSFT,LONG,early_14:30-16:00,1,1,1,9,4,0
SECONDARY_148,STRAT_212_REVERSAL,MSFT,LONG,early_14:30-16:00,2,2,0,8,3,1
SECONDARY_148,STRAT_222_CONTINUATION,MSFT,LONG,early_14:30-16:00,3,1,0,7,4,1
SECONDARY_148,OTHER:strat_122,MSFT,LONG,early_14:30-16:00,1,0,0,9,5,1
SECONDARY_148,OTHER:strat_outside_continuation,MSFT,LONG,early_14:30-16:00,1,1,0,9,4,1
SECONDARY_148,STRAT_322_REVERSAL,MSFT,LONG,early_14:30-16:00,1,0,0,9,5,1
SECONDARY_148,STRAT_212_CONTINUATION,MSFT,LONG,early_14:30-16:00,1,0,0,9,5,1
SECONDARY_148,STRAT_222_REVERSAL,MSFT,LONG,later,1,0,0,10,4,2
SECONDARY_148,STRAT_222_CONTINUATION,MSFT,LONG,later,3,0,0,8,4,2
SECONDARY_148,OTHER:strat_122,MSFT,LONG,later,1,1,0,10,3,2
SECONDARY_148,OTHER:strat_outside_continuation,MSFT,LONG,later,1,0,0,10,4,2
SECONDARY_148,OTHER:strat_22_continuation,MSFT,LONG,later,2,1,0,9,3,2
SECONDARY_148,OTHER:strat_inside_break,MSFT,LONG,later,1,1,1,10,3,1
SECONDARY_148,STRAT_322_CONTINUATION,MSFT,LONG,later,1,0,0,10,4,2
SECONDARY_148,STRAT_212_CONTINUATION,MSFT,LONG,later,1,1,1,10,3,1
SECONDARY_148,STRAT_222_CONTINUATION,MSFT,LONG,opening_14:00,1,1,1,0,0,0
SECONDARY_148,STRAT_222_REVERSAL,MSFT,SHORT,early_14:30-16:00,1,0,0,5,1,0
SECONDARY_148,STRAT_212_REVERSAL,MSFT,SHORT,early_14:30-16:00,1,0,0,5,1,0
SECONDARY_148,OTHER:strat_122,MSFT,SHORT,early_14:30-16:00,1,1,0,5,0,0
SECONDARY_148,OTHER:strat_outside_continuation,MSFT,SHORT,early_14:30-16:00,1,0,0,5,1,0
SECONDARY_148,STRAT_322_REVERSAL,MSFT,SHORT,early_14:30-16:00,1,0,0,5,1,0
SECONDARY_148,STRAT_322_CONTINUATION,MSFT,SHORT,early_14:30-16:00,1,0,0,5,1,0
SECONDARY_148,STRAT_222_REVERSAL,MSFT,SHORT,later,2,2,1,13,7,2
SECONDARY_148,STRAT_212_REVERSAL,MSFT,SHORT,later,2,1,0,13,8,3
SECONDARY_148,STRAT_222_CONTINUATION,MSFT,SHORT,later,5,3,1,10,6,2
SECONDARY_148,OTHER:strat_outside_continuation,MSFT,SHORT,later,1,1,0,14,8,3
SECONDARY_148,OTHER:strat_22_continuation,MSFT,SHORT,later,2,1,0,13,8,3
SECONDARY_148,OTHER:strat_inside_break,MSFT,SHORT,later,1,1,1,14,8,2
SECONDARY_148,STRAT_322_CONTINUATION,MSFT,SHORT,later,1,0,0,14,9,3
SECONDARY_148,STRAT_212_CONTINUATION,MSFT,SHORT,later,1,0,0,14,9,3
SECONDARY_148,STRAT_222_CONTINUATION,MSFT,SHORT,opening_14:00,1,1,1,1,1,1
SECONDARY_148,OTHER:strat_outside_continuation,MSFT,SHORT,opening_14:00,1,1,1,1,1,1
SECONDARY_148,STRAT_222_REVERSAL,MSTR,LONG,early_14:30-16:00,2,1,0,7,0,0
SECONDARY_148,STRAT_222_CONTINUATION,MSTR,LONG,early_14:30-16:00,4,0,0,5,1,0
SECONDARY_148,STRAT_322_REVERSAL,MSTR,LONG,early_14:30-16:00,1,0,0,8,1,0
SECONDARY_148,OTHER:strat_22_continuation,MSTR,LONG,early_14:30-16:00,1,0,0,8,1,0
SECONDARY_148,STRAT_212_CONTINUATION,MSTR,LONG,early_14:30-16:00,1,0,0,8,1,0
SECONDARY_148,STRAT_222_REVERSAL,MSTR,LONG,later,2,0,0,8,1,0
SECONDARY_148,STRAT_212_REVERSAL,MSTR,LONG,later,2,1,0,8,0,0
SECONDARY_148,STRAT_222_CONTINUATION,MSTR,LONG,later,3,0,0,7,1,0
SECONDARY_148,OTHER:strat_122,MSTR,LONG,later,1,0,0,9,1,0
SECONDARY_148,STRAT_322_REVERSAL,MSTR,LONG,later,1,0,0,9,1,0
SECONDARY_148,OTHER:strat_22_continuation,MSTR,LONG,later,1,0,0,9,1,0
SECONDARY_148,STRAT_222_REVERSAL,MSTR,LONG,opening_14:00,1,1,1,2,2,2
SECONDARY_148,OTHER:strat_122,MSTR,LONG,opening_14:00,1,1,1,2,2,2
SECONDARY_148,OTHER:strat_outside_continuation,MSTR,LONG,opening_14:00,1,1,1,2,2,2
SECONDARY_148,STRAT_222_REVERSAL,MSTR,SHORT,early_14:30-16:00,1,1,0,4,1,0
SECONDARY_148,STRAT_212_REVERSAL,MSTR,SHORT,early_14:30-16:00,1,1,0,4,1,0
SECONDARY_148,STRAT_222_CONTINUATION,MSTR,SHORT,early_14:30-16:00,1,0,0,4,2,0
SECONDARY_148,OTHER:strat_outside_continuation,MSTR,SHORT,early_14:30-16:00,1,0,0,4,2,0
SECONDARY_148,STRAT_322_REVERSAL,MSTR,SHORT,early_14:30-16:00,1,0,0,4,2,0
SECONDARY_148,STRAT_222_REVERSAL,MSTR,SHORT,later,4,2,1,11,7,4
SECONDARY_148,STRAT_222_CONTINUATION,MSTR,SHORT,later,2,1,1,13,8,4
SECONDARY_148,OTHER:strat_outside_continuation,MSTR,SHORT,later,2,0,0,13,9,5
SECONDARY_148,STRAT_312,MSTR,SHORT,later,1,1,1,14,8,4
SECONDARY_148,OTHER:strat_22_continuation,MSTR,SHORT,later,3,3,1,12,6,4
SECONDARY_148,OTHER:strat_inside_break,MSTR,SHORT,later,3,2,1,12,7,4
SECONDARY_148,STRAT_222_REVERSAL,MSTR,SHORT,opening_14:00,1,1,1,1,1,1
SECONDARY_148,OTHER:strat_outside_continuation,MSTR,SHORT,opening_14:00,1,1,1,1,1,1
SECONDARY_148,STRAT_222_REVERSAL,MU,LONG,early_14:30-16:00,1,0,0,4,2,0
SECONDARY_148,OTHER:strat_122,MU,LONG,early_14:30-16:00,1,0,0,4,2,0
SECONDARY_148,OTHER:strat_outside_continuation,MU,LONG,early_14:30-16:00,1,0,0,4,2,0
SECONDARY_148,OTHER:strat_22_continuation,MU,LONG,early_14:30-16:00,1,1,0,4,1,0
SECONDARY_148,STRAT_212_CONTINUATION,MU,LONG,early_14:30-16:00,1,1,0,4,1,0
SECONDARY_148,STRAT_222_REVERSAL,MU,LONG,later,6,2,1,8,3,0
SECONDARY_148,STRAT_212_REVERSAL,MU,LONG,later,3,1,0,11,4,1
SECONDARY_148,STRAT_222_CONTINUATION,MU,LONG,later,4,1,0,10,4,1
SECONDARY_148,OTHER:strat_22_continuation,MU,LONG,later,1,1,0,13,4,1
SECONDARY_148,STRAT_322_REVERSAL,MU,LONG,opening_14:00,1,1,1,0,0,0
SECONDARY_148,STRAT_212_REVERSAL,MU,SHORT,early_14:30-16:00,1,1,0,5,0,0
SECONDARY_148,OTHER:strat_outside_continuation,MU,SHORT,early_14:30-16:00,3,0,0,3,1,0
SECONDARY_148,STRAT_322_CONTINUATION,MU,SHORT,early_14:30-16:00,1,0,0,5,1,0
SECONDARY_148,STRAT_212_CONTINUATION,MU,SHORT,early_14:30-16:00,1,0,0,5,1,0
SECONDARY_148,STRAT_222_REVERSAL,MU,SHORT,later,6,0,0,10,2,0
SECONDARY_148,STRAT_212_REVERSAL,MU,SHORT,later,1,1,0,15,1,0
SECONDARY_148,STRAT_222_CONTINUATION,MU,SHORT,later,2,0,0,14,2,0
SECONDARY_148,OTHER:strat_outside_continuation,MU,SHORT,later,2,0,0,14,2,0
SECONDARY_148,OTHER:strat_22_continuation,MU,SHORT,later,2,0,0,14,2,0
SECONDARY_148,STRAT_322_CONTINUATION,MU,SHORT,later,1,0,0,15,2,0
SECONDARY_148,STRAT_212_CONTINUATION,MU,SHORT,later,2,1,0,14,1,0
SECONDARY_148,STRAT_222_REVERSAL,MU,SHORT,opening_14:00,2,2,2,0,0,0
SECONDARY_148,STRAT_222_REVERSAL,NEE,LONG,early_14:30-16:00,3,1,0,0,0,0
SECONDARY_148,STRAT_222_REVERSAL,NEE,LONG,later,4,3,2,8,4,2
SECONDARY_148,STRAT_222_CONTINUATION,NEE,LONG,later,3,3,2,9,4,2
SECONDARY_148,OTHER:strat_outside_continuation,NEE,LONG,later,1,0,0,11,7,4
SECONDARY_148,OTHER:strat_22_continuation,NEE,LONG,later,1,0,0,11,7,4
SECONDARY_148,STRAT_322_CONTINUATION,NEE,LONG,later,1,0,0,11,7,4
SECONDARY_148,STRAT_212_CONTINUATION,NEE,LONG,later,2,1,0,10,6,4
SECONDARY_148,OTHER:strat_outside_continuation,NEE,LONG,opening_14:00,1,1,0,0,0,0
SECONDARY_148,STRAT_222_CONTINUATION,NEE,SHORT,early_14:30-16:00,3,1,0,8,3,0
SECONDARY_148,OTHER:strat_outside_continuation,NEE,SHORT,early_14:30-16:00,1,0,0,10,4,0
SECONDARY_148,STRAT_322_REVERSAL,NEE,SHORT,early_14:30-16:00,1,0,0,10,4,0
SECONDARY_148,STRAT_312,NEE,SHORT,early_14:30-16:00,2,2,0,9,2,0
SECONDARY_148,OTHER:strat_22_continuation,NEE,SHORT,early_14:30-16:00,2,0,0,9,4,0
SECONDARY_148,STRAT_322_CONTINUATION,NEE,SHORT,early_14:30-16:00,2,1,0,9,3,0
SECONDARY_148,STRAT_222_REVERSAL,NEE,SHORT,later,4,1,1,8,6,4
SECONDARY_148,STRAT_212_REVERSAL,NEE,SHORT,later,1,1,1,11,6,4
SECONDARY_148,STRAT_222_CONTINUATION,NEE,SHORT,later,4,2,1,8,5,4
SECONDARY_148,OTHER:strat_122,NEE,SHORT,later,1,1,1,11,6,4
SECONDARY_148,OTHER:strat_22_continuation,NEE,SHORT,later,1,1,1,11,6,4
SECONDARY_148,STRAT_212_CONTINUATION,NEE,SHORT,later,1,1,0,11,6,5
SECONDARY_148,OTHER:strat_outside_continuation,NEE,SHORT,opening_14:00,1,1,1,0,0,0
SECONDARY_148,STRAT_222_REVERSAL,NEM,LONG,early_14:30-16:00,4,2,1,2,0,0
SECONDARY_148,STRAT_212_REVERSAL,NEM,LONG,early_14:30-16:00,1,0,0,5,2,1
SECONDARY_148,STRAT_222_CONTINUATION,NEM,LONG,early_14:30-16:00,1,0,0,5,2,1
SECONDARY_148,STRAT_222_REVERSAL,NEM,LONG,later,4,3,1,10,7,4
SECONDARY_148,STRAT_212_REVERSAL,NEM,LONG,later,1,0,0,13,10,5
SECONDARY_148,STRAT_222_CONTINUATION,NEM,LONG,later,5,3,2,9,7,3
SECONDARY_148,STRAT_312,NEM,LONG,later,1,1,0,13,9,5
SECONDARY_148,OTHER:strat_22_continuation,NEM,LONG,later,1,1,1,13,9,4
SECONDARY_148,OTHER:strat_inside_break,NEM,LONG,later,1,1,0,13,9,5
SECONDARY_148,STRAT_212_CONTINUATION,NEM,LONG,later,1,1,1,13,9,4
SECONDARY_148,OTHER:strat_122,NEM,LONG,opening_14:00,2,2,2,0,0,0
SECONDARY_148,STRAT_222_REVERSAL,NEM,SHORT,early_14:30-16:00,2,0,0,6,1,0
SECONDARY_148,STRAT_212_REVERSAL,NEM,SHORT,early_14:30-16:00,1,1,0,7,0,0
SECONDARY_148,STRAT_222_CONTINUATION,NEM,SHORT,early_14:30-16:00,2,0,0,6,1,0
SECONDARY_148,OTHER:strat_outside_continuation,NEM,SHORT,early_14:30-16:00,1,0,0,7,1,0
SECONDARY_148,OTHER:strat_22_continuation,NEM,SHORT,early_14:30-16:00,1,0,0,7,1,0
SECONDARY_148,STRAT_322_CONTINUATION,NEM,SHORT,early_14:30-16:00,1,0,0,7,1,0
SECONDARY_148,STRAT_222_REVERSAL,NEM,SHORT,later,5,1,1,9,4,0
SECONDARY_148,STRAT_212_REVERSAL,NEM,SHORT,later,1,1,0,13,4,1
SECONDARY_148,STRAT_222_CONTINUATION,NEM,SHORT,later,4,1,0,10,4,1
SECONDARY_148,OTHER:strat_122,NEM,SHORT,later,1,1,0,13,4,1
SECONDARY_148,OTHER:strat_22_continuation,NEM,SHORT,later,1,0,0,13,5,1
SECONDARY_148,STRAT_212_CONTINUATION,NEM,SHORT,later,2,1,0,12,4,1
SECONDARY_148,STRAT_222_REVERSAL,NEM,SHORT,opening_14:00,1,1,1,1,1,1
SECONDARY_148,STRAT_222_CONTINUATION,NEM,SHORT,opening_14:00,1,1,1,1,1,1
SECONDARY_148,STRAT_222_REVERSAL,NET,LONG,early_14:30-16:00,2,0,0,5,5,3
SECONDARY_148,STRAT_222_CONTINUATION,NET,LONG,early_14:30-16:00,2,2,1,5,3,2
SECONDARY_148,OTHER:strat_122,NET,LONG,early_14:30-16:00,1,1,1,6,4,2
SECONDARY_148,OTHER:strat_22_continuation,NET,LONG,early_14:30-16:00,1,1,1,6,4,2
SECONDARY_148,STRAT_212_CONTINUATION,NET,LONG,early_14:30-16:00,1,1,0,6,4,3
SECONDARY_148,STRAT_222_REVERSAL,NET,LONG,later,3,2,2,4,2,0
SECONDARY_148,STRAT_212_REVERSAL,NET,LONG,later,1,1,0,6,3,2
SECONDARY_148,STRAT_222_CONTINUATION,NET,LONG,later,2,0,0,5,4,2
SECONDARY_148,STRAT_212_CONTINUATION,NET,LONG,later,1,1,0,6,3,2
SECONDARY_148,STRAT_222_CONTINUATION,NET,LONG,opening_14:00,1,1,1,1,1,1
SECONDARY_148,OTHER:strat_122,NET,LONG,opening_14:00,1,1,1,1,1,1
SECONDARY_148,STRAT_222_CONTINUATION,NET,SHORT,early_14:30-16:00,1,1,0,5,0,0
SECONDARY_148,OTHER:strat_outside_continuation,NET,SHORT,early_14:30-16:00,1,0,0,5,1,0
SECONDARY_148,STRAT_312,NET,SHORT,early_14:30-16:00,1,0,0,5,1,0
SECONDARY_148,OTHER:strat_22_continuation,NET,SHORT,early_14:30-16:00,1,0,0,5,1,0
SECONDARY_148,STRAT_322_CONTINUATION,NET,SHORT,early_14:30-16:00,1,0,0,5,1,0
SECONDARY_148,STRAT_212_CONTINUATION,NET,SHORT,early_14:30-16:00,1,0,0,5,1,0
SECONDARY_148,STRAT_222_REVERSAL,NET,SHORT,later,4,3,1,13,6,2
SECONDARY_148,STRAT_212_REVERSAL,NET,SHORT,later,2,2,1,15,7,2
SECONDARY_148,STRAT_222_CONTINUATION,NET,SHORT,later,3,1,0,14,8,3
SECONDARY_148,OTHER:strat_122,NET,SHORT,later,2,0,0,15,9,3
SECONDARY_148,OTHER:strat_outside_continuation,NET,SHORT,later,1,1,0,16,8,3
SECONDARY_148,OTHER:strat_22_continuation,NET,SHORT,later,3,1,0,14,8,3
SECONDARY_148,STRAT_322_CONTINUATION,NET,SHORT,later,1,0,0,16,9,3
SECONDARY_148,STRAT_212_CONTINUATION,NET,SHORT,later,1,1,1,16,8,2
SECONDARY_148,STRAT_212_CONTINUATION,NET,SHORT,opening_14:00,1,1,1,0,0,0
SECONDARY_148,STRAT_222_REVERSAL,NFLX,LONG,early_14:30-16:00,1,0,0,6,4,2
SECONDARY_148,STRAT_212_REVERSAL,NFLX,LONG,early_14:30-16:00,2,0,0,5,4,2
SECONDARY_148,OTHER:strat_22_continuation,NFLX,LONG,early_14:30-16:00,2,2,1,5,2,1
SECONDARY_148,OTHER:strat_inside_break,NFLX,LONG,early_14:30-16:00,1,1,1,6,3,1
SECONDARY_148,STRAT_212_CONTINUATION,NFLX,LONG,early_14:30-16:00,1,1,0,6,3,2
SECONDARY_148,STRAT_222_REVERSAL,NFLX,LONG,later,3,1,1,9,5,3
SECONDARY_148,STRAT_212_REVERSAL,NFLX,LONG,later,2,1,0,10,5,4
SECONDARY_148,STRAT_222_CONTINUATION,NFLX,LONG,later,3,2,1,9,4,3
SECONDARY_148,OTHER:strat_outside_continuation,NFLX,LONG,later,1,0,0,11,6,4
SECONDARY_148,OTHER:strat_22_continuation,NFLX,LONG,later,2,1,1,10,5,3
SECONDARY_148,STRAT_212_CONTINUATION,NFLX,LONG,later,1,1,1,11,5,3
SECONDARY_148,STRAT_222_CONTINUATION,NFLX,LONG,opening_14:00,2,2,2,0,0,0
SECONDARY_148,STRAT_222_REVERSAL,NFLX,SHORT,early_14:30-16:00,1,0,0,3,1,0
SECONDARY_148,STRAT_212_REVERSAL,NFLX,SHORT,early_14:30-16:00,1,1,0,3,0,0
SECONDARY_148,STRAT_222_CONTINUATION,NFLX,SHORT,early_14:30-16:00,1,0,0,3,1,0
SECONDARY_148,OTHER:strat_122,NFLX,SHORT,early_14:30-16:00,1,0,0,3,1,0
SECONDARY_148,STRAT_222_REVERSAL,NFLX,SHORT,later,3,3,1,9,6,1
SECONDARY_148,STRAT_212_REVERSAL,NFLX,SHORT,later,1,1,1,11,8,1
SECONDARY_148,STRAT_222_CONTINUATION,NFLX,SHORT,later,3,2,0,9,7,2
SECONDARY_148,OTHER:strat_122,NFLX,SHORT,later,1,1,0,11,8,2
SECONDARY_148,STRAT_312,NFLX,SHORT,later,1,1,0,11,8,2
SECONDARY_148,OTHER:strat_22_continuation,NFLX,SHORT,later,3,1,0,9,8,2
SECONDARY_148,STRAT_222_REVERSAL,NFLX,SHORT,opening_14:00,1,1,1,2,2,1
SECONDARY_148,STRAT_222_CONTINUATION,NFLX,SHORT,opening_14:00,1,1,1,2,2,1
SECONDARY_148,OTHER:strat_outside_continuation,NFLX,SHORT,opening_14:00,1,1,0,2,2,2
SECONDARY_148,STRAT_222_REVERSAL,NKE,LONG,early_14:30-16:00,3,1,0,3,2,1
SECONDARY_148,STRAT_212_REVERSAL,NKE,LONG,early_14:30-16:00,1,1,1,5,2,0
SECONDARY_148,STRAT_312,NKE,LONG,early_14:30-16:00,1,0,0,5,3,1
SECONDARY_148,STRAT_212_CONTINUATION,NKE,LONG,early_14:30-16:00,1,1,0,5,2,1
SECONDARY_148,STRAT_222_REVERSAL,NKE,LONG,later,4,3,0,7,5,2
SECONDARY_148,STRAT_212_REVERSAL,NKE,LONG,later,1,1,0,10,7,2
SECONDARY_148,STRAT_222_CONTINUATION,NKE,LONG,later,1,1,0,10,7,2
SECONDARY_148,OTHER:strat_122,NKE,LONG,later,1,1,1,10,7,1
SECONDARY_148,OTHER:strat_outside_continuation,NKE,LONG,later,1,0,0,10,8,2
SECONDARY_148,STRAT_312,NKE,LONG,later,1,0,0,10,8,2
SECONDARY_148,OTHER:strat_22_continuation,NKE,LONG,later,1,1,1,10,7,1
SECONDARY_148,STRAT_212_CONTINUATION,NKE,LONG,later,1,1,0,10,7,2
SECONDARY_148,OTHER:strat_outside_continuation,NKE,LONG,opening_14:00,1,1,1,0,0,0
SECONDARY_148,STRAT_222_REVERSAL,NKE,SHORT,early_14:30-16:00,2,2,1,5,1,1
SECONDARY_148,STRAT_222_CONTINUATION,NKE,SHORT,early_14:30-16:00,4,1,1,3,2,1
SECONDARY_148,STRAT_322_REVERSAL,NKE,SHORT,early_14:30-16:00,1,0,0,6,3,2
SECONDARY_148,STRAT_222_REVERSAL,NKE,SHORT,later,3,1,1,12,6,1
SECONDARY_148,STRAT_212_REVERSAL,NKE,SHORT,later,2,2,0,13,5,2
SECONDARY_148,STRAT_222_CONTINUATION,NKE,SHORT,later,2,1,0,13,6,2
SECONDARY_148,OTHER:strat_122,NKE,SHORT,later,2,1,1,13,6,1
SECONDARY_148,OTHER:strat_outside_continuation,NKE,SHORT,later,1,0,0,14,7,2
SECONDARY_148,OTHER:strat_22_continuation,NKE,SHORT,later,3,1,0,12,6,2
SECONDARY_148,STRAT_212_CONTINUATION,NKE,SHORT,later,2,1,0,13,6,2
SECONDARY_148,OTHER:strat_122,NKE,SHORT,opening_14:00,2,2,2,1,1,1
SECONDARY_148,STRAT_322_CONTINUATION,NKE,SHORT,opening_14:00,1,1,1,2,2,2
SECONDARY_148,STRAT_222_REVERSAL,NOW,LONG,early_14:30-16:00,1,1,1,8,5,2
SECONDARY_148,STRAT_212_REVERSAL,NOW,LONG,early_14:30-16:00,2,2,1,7,4,2
SECONDARY_148,STRAT_222_CONTINUATION,NOW,LONG,early_14:30-16:00,3,2,0,6,4,3
SECONDARY_148,STRAT_312,NOW,LONG,early_14:30-16:00,1,0,0,8,6,3
SECONDARY_148,OTHER:strat_22_continuation,NOW,LONG,early_14:30-16:00,2,1,1,7,5,2
SECONDARY_148,STRAT_222_REVERSAL,NOW,LONG,later,4,1,1,4,1,0
SECONDARY_148,STRAT_212_REVERSAL,NOW,LONG,later,1,0,0,7,2,1
SECONDARY_148,STRAT_222_CONTINUATION,NOW,LONG,later,2,0,0,6,2,1
SECONDARY_148,OTHER:strat_22_continuation,NOW,LONG,later,1,1,0,7,1,1
SECONDARY_148,OTHER:strat_outside_continuation,NOW,LONG,opening_14:00,1,1,1,0,0,0
SECONDARY_148,OTHER:strat_outside_continuation,NOW,SHORT,early_14:30-16:00,1,0,0,4,1,0
SECONDARY_148,STRAT_322_REVERSAL,NOW,SHORT,early_14:30-16:00,1,0,0,4,1,0
SECONDARY_148,STRAT_312,NOW,SHORT,early_14:30-16:00,1,0,0,4,1,0
SECONDARY_148,OTHER:strat_22_continuation,NOW,SHORT,early_14:30-16:00,1,0,0,4,1,0
SECONDARY_148,STRAT_212_CONTINUATION,NOW,SHORT,early_14:30-16:00,1,1,0,4,0,0
SECONDARY_148,STRAT_222_REVERSAL,NOW,SHORT,later,4,2,2,7,3,2
SECONDARY_148,STRAT_222_CONTINUATION,NOW,SHORT,later,4,3,2,7,2,2
SECONDARY_148,OTHER:strat_122,NOW,SHORT,later,1,0,0,10,5,4
SECONDARY_148,OTHER:strat_outside_continuation,NOW,SHORT,later,1,0,0,10,5,4
SECONDARY_148,STRAT_312,NOW,SHORT,later,1,0,0,10,5,4
SECONDARY_148,STRAT_222_REVERSAL,NOW,SHORT,opening_14:00,1,1,1,0,0,0
SECONDARY_148,STRAT_222_REVERSAL,NUE,LONG,early_14:30-16:00,2,0,0,7,3,3
SECONDARY_148,STRAT_212_REVERSAL,NUE,LONG,early_14:30-16:00,1,0,0,8,3,3
SECONDARY_148,STRAT_222_CONTINUATION,NUE,LONG,early_14:30-16:00,3,1,1,6,2,2
SECONDARY_148,STRAT_312,NUE,LONG,early_14:30-16:00,1,1,1,8,2,2
SECONDARY_148,OTHER:strat_22_continuation,NUE,LONG,early_14:30-16:00,1,1,1,8,2,2
SECONDARY_148,STRAT_212_CONTINUATION,NUE,LONG,early_14:30-16:00,1,0,0,8,3,3
SECONDARY_148,STRAT_222_REVERSAL,NUE,LONG,later,2,1,1,7,4,2
SECONDARY_148,STRAT_212_REVERSAL,NUE,LONG,later,1,1,1,8,4,2
SECONDARY_148,STRAT_222_CONTINUATION,NUE,LONG,later,3,2,0,6,3,3
SECONDARY_148,OTHER:strat_outside_continuation,NUE,LONG,later,1,0,0,8,5,3
SECONDARY_148,STRAT_322_REVERSAL,NUE,LONG,later,1,0,0,8,5,3
SECONDARY_148,OTHER:strat_22_continuation,NUE,LONG,later,1,1,1,8,4,2
SECONDARY_148,STRAT_222_REVERSAL,NUE,LONG,opening_14:00,1,1,1,1,1,1
SECONDARY_148,STRAT_322_CONTINUATION,NUE,LONG,opening_14:00,1,1,1,1,1,1
SECONDARY_148,STRAT_222_REVERSAL,NUE,SHORT,early_14:30-16:00,2,1,1,3,1,1
SECONDARY_148,STRAT_222_CONTINUATION,NUE,SHORT,early_14:30-16:00,1,1,1,4,1,1
SECONDARY_148,OTHER:strat_outside_continuation,NUE,SHORT,early_14:30-16:00,1,0,0,4,2,2
SECONDARY_148,STRAT_322_CONTINUATION,NUE,SHORT,early_14:30-16:00,1,0,0,4,2,2
SECONDARY_148,STRAT_222_REVERSAL,NUE,SHORT,later,3,2,0,11,5,0
SECONDARY_148,STRAT_222_CONTINUATION,NUE,SHORT,later,4,2,0,10,5,0
SECONDARY_148,OTHER:strat_122,NUE,SHORT,later,1,0,0,13,7,0
SECONDARY_148,OTHER:strat_outside_continuation,NUE,SHORT,later,2,2,0,12,5,0
SECONDARY_148,STRAT_312,NUE,SHORT,later,1,0,0,13,7,0
SECONDARY_148,OTHER:strat_22_continuation,NUE,SHORT,later,1,0,0,13,7,0
SECONDARY_148,OTHER:strat_inside_break,NUE,SHORT,later,1,0,0,13,7,0
SECONDARY_148,STRAT_322_CONTINUATION,NUE,SHORT,later,1,1,0,13,6,0
SECONDARY_148,OTHER:strat_22_continuation,NUE,SHORT,opening_14:00,1,1,1,0,0,0
SECONDARY_148,STRAT_222_REVERSAL,NVDA,LONG,early_14:30-16:00,1,0,0,4,1,1
SECONDARY_148,OTHER:strat_22_continuation,NVDA,LONG,early_14:30-16:00,2,0,0,3,1,1
SECONDARY_148,OTHER:strat_inside_break,NVDA,LONG,early_14:30-16:00,1,0,0,4,1,1
SECONDARY_148,STRAT_212_CONTINUATION,NVDA,LONG,early_14:30-16:00,1,1,1,4,0,0
SECONDARY_148,STRAT_222_REVERSAL,NVDA,LONG,later,3,1,0,8,1,0
SECONDARY_148,STRAT_212_REVERSAL,NVDA,LONG,later,1,0,0,10,2,0
SECONDARY_148,STRAT_222_CONTINUATION,NVDA,LONG,later,1,0,0,10,2,0
SECONDARY_148,OTHER:strat_outside_continuation,NVDA,LONG,later,1,0,0,10,2,0
SECONDARY_148,STRAT_312,NVDA,LONG,later,1,0,0,10,2,0
SECONDARY_148,OTHER:strat_22_continuation,NVDA,LONG,later,1,0,0,10,2,0
SECONDARY_148,OTHER:strat_inside_break,NVDA,LONG,later,1,0,0,10,2,0
SECONDARY_148,STRAT_322_CONTINUATION,NVDA,LONG,later,1,0,0,10,2,0
SECONDARY_148,STRAT_212_CONTINUATION,NVDA,LONG,later,1,1,0,10,1,0
SECONDARY_148,STRAT_222_REVERSAL,NVDA,LONG,opening_14:00,1,0,0,1,1,1
SECONDARY_148,STRAT_222_CONTINUATION,NVDA,LONG,opening_14:00,1,1,1,1,0,0
SECONDARY_148,STRAT_222_REVERSAL,NVDA,SHORT,early_14:30-16:00,2,2,0,4,1,0
SECONDARY_148,STRAT_222_CONTINUATION,NVDA,SHORT,early_14:30-16:00,1,0,0,5,3,0
SECONDARY_148,OTHER:strat_outside_continuation,NVDA,SHORT,early_14:30-16:00,1,0,0,5,3,0
SECONDARY_148,STRAT_212_CONTINUATION,NVDA,SHORT,early_14:30-16:00,2,1,0,4,2,0
SECONDARY_148,STRAT_222_REVERSAL,NVDA,SHORT,later,3,2,1,9,5,1
SECONDARY_148,STRAT_222_CONTINUATION,NVDA,SHORT,later,3,1,0,9,6,2
SECONDARY_148,OTHER:strat_122,NVDA,SHORT,later,2,2,1,10,5,1
SECONDARY_148,OTHER:strat_outside_continuation,NVDA,SHORT,later,1,0,0,11,7,2
SECONDARY_148,OTHER:strat_22_continuation,NVDA,SHORT,later,2,1,0,10,6,2
SECONDARY_148,OTHER:strat_inside_break,NVDA,SHORT,later,1,1,0,11,6,2
SECONDARY_148,STRAT_222_CONTINUATION,NVDA,SHORT,opening_14:00,1,1,1,1,1,1
SECONDARY_148,STRAT_312,NVDA,SHORT,opening_14:00,1,1,1,1,1,1
SECONDARY_148,STRAT_212_REVERSAL,O,LONG,early_14:30-16:00,2,0,0,1,1,1
SECONDARY_148,OTHER:strat_122,O,LONG,early_14:30-16:00,1,1,1,2,0,0
SECONDARY_148,STRAT_222_REVERSAL,O,LONG,later,6,2,0,4,1,0
SECONDARY_148,STRAT_212_REVERSAL,O,LONG,later,1,0,0,9,3,0
SECONDARY_148,STRAT_222_CONTINUATION,O,LONG,later,1,0,0,9,3,0
SECONDARY_148,OTHER:strat_22_continuation,O,LONG,later,1,0,0,9,3,0
SECONDARY_148,STRAT_212_CONTINUATION,O,LONG,later,1,1,0,9,2,0
SECONDARY_148,STRAT_222_CONTINUATION,O,LONG,opening_14:00,1,1,1,1,0,0
SECONDARY_148,OTHER:strat_outside_continuation,O,LONG,opening_14:00,1,0,0,1,1,1
SECONDARY_148,STRAT_222_REVERSAL,O,SHORT,early_14:30-16:00,1,0,0,9,7,5
SECONDARY_148,STRAT_222_CONTINUATION,O,SHORT,early_14:30-16:00,3,3,1,7,4,4
SECONDARY_148,OTHER:strat_122,O,SHORT,early_14:30-16:00,1,1,1,9,6,4
SECONDARY_148,OTHER:strat_outside_continuation,O,SHORT,early_14:30-16:00,1,0,0,9,7,5
SECONDARY_148,STRAT_322_REVERSAL,O,SHORT,early_14:30-16:00,1,1,1,9,6,4
SECONDARY_148,STRAT_312,O,SHORT,early_14:30-16:00,1,1,1,9,6,4
SECONDARY_148,OTHER:strat_22_continuation,O,SHORT,early_14:30-16:00,1,1,1,9,6,4
SECONDARY_148,STRAT_212_CONTINUATION,O,SHORT,early_14:30-16:00,1,0,0,9,7,5
SECONDARY_148,STRAT_222_REVERSAL,O,SHORT,later,4,2,1,11,5,1
SECONDARY_148,STRAT_222_CONTINUATION,O,SHORT,later,5,1,0,10,6,2
SECONDARY_148,OTHER:strat_122,O,SHORT,later,1,1,0,14,6,2
SECONDARY_148,STRAT_312,O,SHORT,later,1,1,0,14,6,2
SECONDARY_148,OTHER:strat_22_continuation,O,SHORT,later,2,0,0,13,7,2
SECONDARY_148,OTHER:strat_inside_break,O,SHORT,later,1,1,1,14,6,1
SECONDARY_148,STRAT_212_CONTINUATION,O,SHORT,later,1,1,0,14,6,2
SECONDARY_148,STRAT_222_CONTINUATION,O,SHORT,opening_14:00,1,1,1,0,0,0
SECONDARY_148,STRAT_222_REVERSAL,ODFL,LONG,early_14:30-16:00,1,1,1,3,1,0
SECONDARY_148,OTHER:strat_122,ODFL,LONG,early_14:30-16:00,1,1,0,3,1,1
SECONDARY_148,OTHER:strat_outside_continuation,ODFL,LONG,early_14:30-16:00,2,0,0,2,2,1
SECONDARY_148,STRAT_222_REVERSAL,ODFL,LONG,later,4,0,0,10,2,0
SECONDARY_148,STRAT_212_REVERSAL,ODFL,LONG,later,1,1,0,13,1,0
SECONDARY_148,STRAT_222_CONTINUATION,ODFL,LONG,later,2,1,0,12,1,0
SECONDARY_148,OTHER:strat_122,ODFL,LONG,later,2,0,0,12,2,0
SECONDARY_148,OTHER:strat_outside_continuation,ODFL,LONG,later,3,0,0,11,2,0
SECONDARY_148,OTHER:strat_22_continuation,ODFL,LONG,later,1,0,0,13,2,0
SECONDARY_148,STRAT_322_CONTINUATION,ODFL,LONG,later,1,0,0,13,2,0
SECONDARY_148,STRAT_212_REVERSAL,ODFL,SHORT,early_14:30-16:00,1,1,0,10,4,1
SECONDARY_148,STRAT_222_CONTINUATION,ODFL,SHORT,early_14:30-16:00,3,2,1,8,3,0
SECONDARY_148,OTHER:strat_outside_continuation,ODFL,SHORT,early_14:30-16:00,3,1,0,8,4,1
SECONDARY_148,OTHER:strat_inside_break,ODFL,SHORT,early_14:30-16:00,1,0,0,10,5,1
SECONDARY_148,STRAT_322_CONTINUATION,ODFL,SHORT,early_14:30-16:00,3,1,0,8,4,1
SECONDARY_148,STRAT_222_REVERSAL,ODFL,SHORT,later,7,2,1,4,3,1
SECONDARY_148,STRAT_222_CONTINUATION,ODFL,SHORT,later,1,1,0,10,4,2
SECONDARY_148,STRAT_312,ODFL,SHORT,later,1,1,1,10,4,1
SECONDARY_148,OTHER:strat_22_continuation,ODFL,SHORT,later,1,0,0,10,5,2
SECONDARY_148,STRAT_212_CONTINUATION,ODFL,SHORT,later,1,1,0,10,4,2
SECONDARY_148,STRAT_212_REVERSAL,ORCL,LONG,early_14:30-16:00,1,0,0,5,1,0
SECONDARY_148,STRAT_322_REVERSAL,ORCL,LONG,early_14:30-16:00,1,1,0,5,0,0
SECONDARY_148,STRAT_312,ORCL,LONG,early_14:30-16:00,1,0,0,5,1,0
SECONDARY_148,OTHER:strat_22_continuation,ORCL,LONG,early_14:30-16:00,1,0,0,5,1,0
SECONDARY_148,OTHER:strat_inside_break,ORCL,LONG,early_14:30-16:00,1,0,0,5,1,0
SECONDARY_148,STRAT_212_CONTINUATION,ORCL,LONG,early_14:30-16:00,1,0,0,5,1,0
SECONDARY_148,STRAT_222_REVERSAL,ORCL,LONG,later,4,0,0,7,1,1
SECONDARY_148,STRAT_212_REVERSAL,ORCL,LONG,later,2,0,0,9,1,1
SECONDARY_148,STRAT_222_CONTINUATION,ORCL,LONG,later,2,0,0,9,1,1
SECONDARY_148,OTHER:strat_outside_continuation,ORCL,LONG,later,1,1,1,10,0,0
SECONDARY_148,STRAT_322_CONTINUATION,ORCL,LONG,later,1,0,0,10,1,1
SECONDARY_148,STRAT_212_CONTINUATION,ORCL,LONG,later,1,0,0,10,1,1
SECONDARY_148,STRAT_222_REVERSAL,ORCL,LONG,opening_14:00,1,1,1,0,0,0
SECONDARY_148,STRAT_222_REVERSAL,ORCL,SHORT,early_14:30-16:00,1,0,0,1,0,0
SECONDARY_148,OTHER:strat_outside_continuation,ORCL,SHORT,early_14:30-16:00,1,0,0,1,0,0
SECONDARY_148,STRAT_222_REVERSAL,ORCL,SHORT,later,4,2,1,12,8,6
SECONDARY_148,STRAT_222_CONTINUATION,ORCL,SHORT,later,4,3,1,12,7,6
SECONDARY_148,OTHER:strat_122,ORCL,SHORT,later,5,4,4,11,6,3
SECONDARY_148,OTHER:strat_outside_continuation,ORCL,SHORT,later,1,0,0,15,10,7
SECONDARY_148,OTHER:strat_22_continuation,ORCL,SHORT,later,1,0,0,15,10,7
SECONDARY_148,OTHER:strat_inside_break,ORCL,SHORT,later,1,1,1,15,9,6
SECONDARY_148,STRAT_222_CONTINUATION,ORCL,SHORT,opening_14:00,2,2,2,0,0,0
SECONDARY_148,STRAT_222_REVERSAL,OXY,LONG,early_14:30-16:00,2,1,0,7,2,0
SECONDARY_148,STRAT_212_REVERSAL,OXY,LONG,early_14:30-16:00,2,2,0,7,1,0
SECONDARY_148,STRAT_222_CONTINUATION,OXY,LONG,early_14:30-16:00,2,0,0,7,3,0
SECONDARY_148,OTHER:strat_outside_continuation,OXY,LONG,early_14:30-16:00,1,0,0,8,3,0
SECONDARY_148,OTHER:strat_22_continuation,OXY,LONG,early_14:30-16:00,1,0,0,8,3,0
SECONDARY_148,STRAT_322_CONTINUATION,OXY,LONG,early_14:30-16:00,1,0,0,8,3,0
SECONDARY_148,STRAT_222_REVERSAL,OXY,LONG,later,3,1,1,9,2,0
SECONDARY_148,STRAT_222_CONTINUATION,OXY,LONG,later,3,1,0,9,2,1
SECONDARY_148,OTHER:strat_122,OXY,LONG,later,2,0,0,10,3,1
SECONDARY_148,OTHER:strat_outside_continuation,OXY,LONG,later,2,0,0,10,3,1
SECONDARY_148,OTHER:strat_22_continuation,OXY,LONG,later,1,1,0,11,2,1
SECONDARY_148,STRAT_322_CONTINUATION,OXY,LONG,later,1,0,0,11,3,1
SECONDARY_148,STRAT_222_CONTINUATION,OXY,LONG,opening_14:00,1,1,1,2,2,2
SECONDARY_148,OTHER:strat_122,OXY,LONG,opening_14:00,1,1,1,2,2,2
SECONDARY_148,OTHER:strat_outside_continuation,OXY,LONG,opening_14:00,1,1,1,2,2,2
SECONDARY_148,STRAT_222_REVERSAL,OXY,SHORT,early_14:30-16:00,2,1,1,4,0,0
SECONDARY_148,STRAT_212_REVERSAL,OXY,SHORT,early_14:30-16:00,1,0,0,5,1,1
SECONDARY_148,OTHER:strat_outside_continuation,OXY,SHORT,early_14:30-16:00,1,0,0,5,1,1
SECONDARY_148,STRAT_322_REVERSAL,OXY,SHORT,early_14:30-16:00,1,0,0,5,1,1
SECONDARY_148,OTHER:strat_22_continuation,OXY,SHORT,early_14:30-16:00,1,0,0,5,1,1
SECONDARY_148,STRAT_222_REVERSAL,OXY,SHORT,later,3,2,1,9,6,1
SECONDARY_148,STRAT_212_REVERSAL,OXY,SHORT,later,3,3,1,9,5,1
SECONDARY_148,OTHER:strat_outside_continuation,OXY,SHORT,later,1,1,0,11,7,2
SECONDARY_148,STRAT_312,OXY,SHORT,later,1,0,0,11,8,2
SECONDARY_148,OTHER:strat_22_continuation,OXY,SHORT,later,2,1,0,10,7,2
SECONDARY_148,STRAT_322_CONTINUATION,OXY,SHORT,later,1,0,0,11,8,2
SECONDARY_148,STRAT_212_CONTINUATION,OXY,SHORT,later,1,1,0,11,7,2
SECONDARY_148,STRAT_222_REVERSAL,PANW,LONG,early_14:30-16:00,1,0,0,4,2,0
SECONDARY_148,OTHER:strat_outside_continuation,PANW,LONG,early_14:30-16:00,1,1,0,4,1,0
SECONDARY_148,STRAT_322_REVERSAL,PANW,LONG,early_14:30-16:00,1,1,0,4,1,0
SECONDARY_148,OTHER:strat_22_continuation,PANW,LONG,early_14:30-16:00,1,0,0,4,2,0
SECONDARY_148,OTHER:strat_inside_break,PANW,LONG,early_14:30-16:00,1,0,0,4,2,0
SECONDARY_148,STRAT_222_REVERSAL,PANW,LONG,later,6,2,0,6,1,0
SECONDARY_148,STRAT_222_CONTINUATION,PANW,LONG,later,3,0,0,9,3,0
SECONDARY_148,OTHER:strat_122,PANW,LONG,later,1,0,0,11,3,0
SECONDARY_148,OTHER:strat_outside_continuation,PANW,LONG,later,1,0,0,11,3,0
SECONDARY_148,STRAT_322_CONTINUATION,PANW,LONG,later,1,1,0,11,2,0
SECONDARY_148,STRAT_222_CONTINUATION,PANW,LONG,opening_14:00,1,1,1,0,0,0
SECONDARY_148,STRAT_222_REVERSAL,PANW,SHORT,early_14:30-16:00,1,0,0,4,0,0
SECONDARY_148,STRAT_222_CONTINUATION,PANW,SHORT,early_14:30-16:00,1,0,0,4,0,0
SECONDARY_148,OTHER:strat_outside_continuation,PANW,SHORT,early_14:30-16:00,2,0,0,3,0,0
SECONDARY_148,STRAT_322_CONTINUATION,PANW,SHORT,early_14:30-16:00,1,0,0,4,0,0
SECONDARY_148,STRAT_222_REVERSAL,PANW,SHORT,later,5,3,1,9,1,0
SECONDARY_148,STRAT_212_REVERSAL,PANW,SHORT,later,1,0,0,13,4,1
SECONDARY_148,STRAT_222_CONTINUATION,PANW,SHORT,later,3,1,0,11,3,1
SECONDARY_148,OTHER:strat_outside_continuation,PANW,SHORT,later,3,0,0,11,4,1
SECONDARY_148,STRAT_312,PANW,SHORT,later,1,0,0,13,4,1
SECONDARY_148,STRAT_322_CONTINUATION,PANW,SHORT,later,1,0,0,13,4,1
SECONDARY_148,OTHER:strat_outside_continuation,PANW,SHORT,opening_14:00,1,1,0,0,0,0
SECONDARY_148,STRAT_222_REVERSAL,PEP,LONG,early_14:30-16:00,1,0,0,4,2,0
SECONDARY_148,STRAT_212_REVERSAL,PEP,LONG,early_14:30-16:00,1,0,0,4,2,0
SECONDARY_148,STRAT_222_CONTINUATION,PEP,LONG,early_14:30-16:00,1,1,0,4,1,0
SECONDARY_148,OTHER:strat_122,PEP,LONG,early_14:30-16:00,1,1,0,4,1,0
SECONDARY_148,OTHER:strat_outside_continuation,PEP,LONG,early_14:30-16:00,1,0,0,4,2,0
SECONDARY_148,STRAT_222_REVERSAL,PEP,LONG,later,4,2,2,8,4,2
SECONDARY_148,STRAT_212_REVERSAL,PEP,LONG,later,1,1,1,11,5,3
SECONDARY_148,STRAT_222_CONTINUATION,PEP,LONG,later,2,1,1,10,5,3
SECONDARY_148,OTHER:strat_122,PEP,LONG,later,1,0,0,11,6,4
SECONDARY_148,OTHER:strat_outside_continuation,PEP,LONG,later,1,0,0,11,6,4
SECONDARY_148,OTHER:strat_22_continuation,PEP,LONG,later,1,1,0,11,5,4
SECONDARY_148,STRAT_322_CONTINUATION,PEP,LONG,later,1,0,0,11,6,4
SECONDARY_148,STRAT_212_CONTINUATION,PEP,LONG,later,1,1,0,11,5,4
SECONDARY_148,STRAT_222_REVERSAL,PEP,LONG,opening_14:00,1,1,1,0,0,0
SECONDARY_148,STRAT_222_REVERSAL,PEP,SHORT,early_14:30-16:00,1,1,0,6,1,1
SECONDARY_148,STRAT_212_REVERSAL,PEP,SHORT,early_14:30-16:00,1,0,0,6,2,1
SECONDARY_148,STRAT_222_CONTINUATION,PEP,SHORT,early_14:30-16:00,1,1,1,6,1,0
SECONDARY_148,OTHER:strat_122,PEP,SHORT,early_14:30-16:00,1,0,0,6,2,1
SECONDARY_148,OTHER:strat_outside_continuation,PEP,SHORT,early_14:30-16:00,1,0,0,6,2,1
SECONDARY_148,STRAT_312,PEP,SHORT,early_14:30-16:00,1,0,0,6,2,1
SECONDARY_148,STRAT_322_CONTINUATION,PEP,SHORT,early_14:30-16:00,1,0,0,6,2,1
SECONDARY_148,STRAT_222_REVERSAL,PEP,SHORT,later,6,3,0,10,3,1
SECONDARY_148,STRAT_212_REVERSAL,PEP,SHORT,later,2,2,1,14,4,0
SECONDARY_148,STRAT_222_CONTINUATION,PEP,SHORT,later,5,1,0,11,5,1
SECONDARY_148,OTHER:strat_outside_continuation,PEP,SHORT,later,1,0,0,15,6,1
SECONDARY_148,OTHER:strat_22_continuation,PEP,SHORT,later,1,0,0,15,6,1
SECONDARY_148,OTHER:strat_inside_break,PEP,SHORT,later,1,0,0,15,6,1
SECONDARY_148,OTHER:strat_outside_continuation,PEP,SHORT,opening_14:00,1,1,1,1,1,1
SECONDARY_148,OTHER:strat_22_continuation,PEP,SHORT,opening_14:00,1,1,1,1,1,1
SECONDARY_148,STRAT_212_REVERSAL,PFE,LONG,early_14:30-16:00,1,0,0,5,2,0
SECONDARY_148,OTHER:strat_outside_continuation,PFE,LONG,early_14:30-16:00,2,0,0,4,2,0
SECONDARY_148,STRAT_322_REVERSAL,PFE,LONG,early_14:30-16:00,1,0,0,5,2,0
SECONDARY_148,OTHER:strat_22_continuation,PFE,LONG,early_14:30-16:00,1,1,0,5,1,0
SECONDARY_148,STRAT_212_CONTINUATION,PFE,LONG,early_14:30-16:00,1,1,0,5,1,0
SECONDARY_148,STRAT_222_REVERSAL,PFE,LONG,later,3,1,1,12,6,1
SECONDARY_148,STRAT_222_CONTINUATION,PFE,LONG,later,4,2,0,11,5,2
SECONDARY_148,OTHER:strat_122,PFE,LONG,later,1,0,0,14,7,2
SECONDARY_148,STRAT_322_REVERSAL,PFE,LONG,later,1,1,0,14,6,2
SECONDARY_148,OTHER:strat_22_continuation,PFE,LONG,later,2,2,0,13,5,2
SECONDARY_148,OTHER:strat_inside_break,PFE,LONG,later,1,1,1,14,6,1
SECONDARY_148,STRAT_212_CONTINUATION,PFE,LONG,later,3,0,0,12,7,2
SECONDARY_148,STRAT_222_CONTINUATION,PFE,LONG,opening_14:00,2,2,1,0,0,0
SECONDARY_148,STRAT_222_REVERSAL,PFE,SHORT,early_14:30-16:00,2,0,0,4,0,0
SECONDARY_148,STRAT_222_CONTINUATION,PFE,SHORT,early_14:30-16:00,2,0,0,4,0,0
SECONDARY_148,OTHER:strat_outside_continuation,PFE,SHORT,early_14:30-16:00,1,0,0,5,0,0
SECONDARY_148,STRAT_212_CONTINUATION,PFE,SHORT,early_14:30-16:00,1,0,0,5,0,0
SECONDARY_148,STRAT_222_REVERSAL,PFE,SHORT,later,3,1,0,11,5,0
SECONDARY_148,STRAT_212_REVERSAL,PFE,SHORT,later,1,1,0,13,5,0
SECONDARY_148,STRAT_222_CONTINUATION,PFE,SHORT,later,3,1,0,11,5,0
SECONDARY_148,OTHER:strat_122,PFE,SHORT,later,2,1,0,12,5,0
SECONDARY_148,STRAT_322_REVERSAL,PFE,SHORT,later,1,0,0,13,6,0
SECONDARY_148,STRAT_312,PFE,SHORT,later,1,0,0,13,6,0
SECONDARY_148,OTHER:strat_22_continuation,PFE,SHORT,later,1,0,0,13,6,0
SECONDARY_148,STRAT_212_CONTINUATION,PFE,SHORT,later,2,2,0,12,4,0
SECONDARY_148,STRAT_222_CONTINUATION,PFE,SHORT,opening_14:00,1,1,1,2,2,1
SECONDARY_148,OTHER:strat_outside_continuation,PFE,SHORT,opening_14:00,2,2,1,1,1,1
SECONDARY_148,STRAT_222_REVERSAL,PG,LONG,early_14:30-16:00,2,1,0,2,1,1
SECONDARY_148,STRAT_222_CONTINUATION,PG,LONG,early_14:30-16:00,1,0,0,3,2,1
SECONDARY_148,OTHER:strat_122,PG,LONG,early_14:30-16:00,1,1,1,3,1,0
SECONDARY_148,STRAT_222_REVERSAL,PG,LONG,later,6,2,0,7,4,3
SECONDARY_148,STRAT_222_CONTINUATION,PG,LONG,later,4,1,1,9,5,2
SECONDARY_148,OTHER:strat_22_continuation,PG,LONG,later,1,1,1,12,5,2
SECONDARY_148,OTHER:strat_inside_break,PG,LONG,later,1,1,1,12,5,2
SECONDARY_148,STRAT_212_CONTINUATION,PG,LONG,later,1,1,0,12,5,3
SECONDARY_148,OTHER:strat_122,PG,LONG,opening_14:00,1,1,1,2,1,1
SECONDARY_148,OTHER:strat_outside_continuation,PG,LONG,opening_14:00,2,1,1,1,1,1
SECONDARY_148,STRAT_222_REVERSAL,PG,SHORT,early_14:30-16:00,2,0,0,8,1,0
SECONDARY_148,STRAT_222_CONTINUATION,PG,SHORT,early_14:30-16:00,3,0,0,7,1,0
SECONDARY_148,STRAT_322_REVERSAL,PG,SHORT,early_14:30-16:00,2,0,0,8,1,0
SECONDARY_148,OTHER:strat_22_continuation,PG,SHORT,early_14:30-16:00,1,1,0,9,0,0
SECONDARY_148,STRAT_212_CONTINUATION,PG,SHORT,early_14:30-16:00,2,0,0,8,1,0
SECONDARY_148,STRAT_222_REVERSAL,PG,SHORT,later,2,0,0,12,4,1
SECONDARY_148,STRAT_212_REVERSAL,PG,SHORT,later,3,2,0,11,2,1
SECONDARY_148,STRAT_222_CONTINUATION,PG,SHORT,later,4,0,0,10,4,1
SECONDARY_148,OTHER:strat_122,PG,SHORT,later,1,1,1,13,3,0
SECONDARY_148,OTHER:strat_outside_continuation,PG,SHORT,later,2,0,0,12,4,1
SECONDARY_148,STRAT_322_CONTINUATION,PG,SHORT,later,2,1,0,12,3,1
SECONDARY_148,STRAT_222_REVERSAL,PG,SHORT,opening_14:00,1,1,1,1,1,1
SECONDARY_148,OTHER:strat_22_continuation,PG,SHORT,opening_14:00,1,1,1,1,1,1
SECONDARY_148,STRAT_222_REVERSAL,PLD,LONG,early_14:30-16:00,2,2,0,5,4,2
SECONDARY_148,STRAT_222_CONTINUATION,PLD,LONG,early_14:30-16:00,2,2,1,5,4,1
SECONDARY_148,OTHER:strat_outside_continuation,PLD,LONG,early_14:30-16:00,1,0,0,6,6,2
SECONDARY_148,STRAT_312,PLD,LONG,early_14:30-16:00,1,1,1,6,5,1
SECONDARY_148,STRAT_212_CONTINUATION,PLD,LONG,early_14:30-16:00,1,1,0,6,5,2
SECONDARY_148,STRAT_222_REVERSAL,PLD,LONG,later,3,2,0,8,1,0
SECONDARY_148,STRAT_222_CONTINUATION,PLD,LONG,later,2,0,0,9,3,0
SECONDARY_148,OTHER:strat_122,PLD,LONG,later,5,1,0,6,2,0
SECONDARY_148,STRAT_322_REVERSAL,PLD,LONG,later,1,0,0,10,3,0
SECONDARY_148,OTHER:strat_outside_continuation,PLD,LONG,opening_14:00,1,1,1,0,0,0
SECONDARY_148,STRAT_222_CONTINUATION,PLD,SHORT,early_14:30-16:00,3,2,1,3,2,0
SECONDARY_148,STRAT_322_REVERSAL,PLD,SHORT,early_14:30-16:00,2,1,0,4,3,1
SECONDARY_148,STRAT_322_CONTINUATION,PLD,SHORT,early_14:30-16:00,1,1,0,5,3,1
SECONDARY_148,STRAT_222_REVERSAL,PLD,SHORT,later,3,0,0,12,4,2
SECONDARY_148,STRAT_212_REVERSAL,PLD,SHORT,later,4,1,0,11,3,2
SECONDARY_148,STRAT_222_CONTINUATION,PLD,SHORT,later,2,0,0,13,4,2
SECONDARY_148,OTHER:strat_122,PLD,SHORT,later,1,0,0,14,4,2
SECONDARY_148,OTHER:strat_outside_continuation,PLD,SHORT,later,2,1,0,13,3,2
SECONDARY_148,STRAT_322_CONTINUATION,PLD,SHORT,later,1,1,1,14,3,1
SECONDARY_148,STRAT_212_CONTINUATION,PLD,SHORT,later,2,1,1,13,3,1
SECONDARY_148,STRAT_222_REVERSAL,PLD,SHORT,opening_14:00,1,1,1,1,1,1
SECONDARY_148,OTHER:strat_outside_continuation,PLD,SHORT,opening_14:00,1,1,1,1,1,1
SECONDARY_148,STRAT_212_REVERSAL,PLTR,LONG,early_14:30-16:00,2,0,0,8,6,3
SECONDARY_148,STRAT_222_CONTINUATION,PLTR,LONG,early_14:30-16:00,3,2,1,7,4,2
SECONDARY_148,OTHER:strat_122,PLTR,LONG,early_14:30-16:00,1,1,1,9,5,2
SECONDARY_148,STRAT_322_REVERSAL,PLTR,LONG,early_14:30-16:00,1,1,0,9,5,3
SECONDARY_148,STRAT_312,PLTR,LONG,early_14:30-16:00,1,1,1,9,5,2
SECONDARY_148,OTHER:strat_22_continuation,PLTR,LONG,early_14:30-16:00,1,1,0,9,5,3
SECONDARY_148,STRAT_212_CONTINUATION,PLTR,LONG,early_14:30-16:00,1,0,0,9,6,3
SECONDARY_148,STRAT_222_REVERSAL,PLTR,LONG,later,2,0,0,8,3,0
SECONDARY_148,STRAT_222_CONTINUATION,PLTR,LONG,later,1,0,0,9,3,0
SECONDARY_148,OTHER:strat_outside_continuation,PLTR,LONG,later,2,0,0,8,3,0
SECONDARY_148,OTHER:strat_22_continuation,PLTR,LONG,later,2,1,0,8,2,0
SECONDARY_148,OTHER:strat_inside_break,PLTR,LONG,later,1,0,0,9,3,0
SECONDARY_148,STRAT_212_CONTINUATION,PLTR,LONG,later,2,2,0,8,1,0
SECONDARY_148,STRAT_222_REVERSAL,PLTR,LONG,opening_14:00,1,1,1,0,0,0
SECONDARY_148,STRAT_222_REVERSAL,PLTR,SHORT,early_14:30-16:00,1,0,0,4,1,0
SECONDARY_148,STRAT_222_CONTINUATION,PLTR,SHORT,early_14:30-16:00,1,0,0,4,1,0
SECONDARY_148,OTHER:strat_122,PLTR,SHORT,early_14:30-16:00,1,1,0,4,0,0
SECONDARY_148,OTHER:strat_outside_continuation,PLTR,SHORT,early_14:30-16:00,1,0,0,4,1,0
SECONDARY_148,STRAT_212_CONTINUATION,PLTR,SHORT,early_14:30-16:00,1,0,0,4,1,0
SECONDARY_148,STRAT_222_REVERSAL,PLTR,SHORT,later,3,1,1,11,7,1
SECONDARY_148,STRAT_222_CONTINUATION,PLTR,SHORT,later,4,2,0,10,6,2
SECONDARY_148,OTHER:strat_122,PLTR,SHORT,later,2,0,0,12,8,2
SECONDARY_148,STRAT_322_REVERSAL,PLTR,SHORT,later,1,1,0,13,7,2
SECONDARY_148,OTHER:strat_22_continuation,PLTR,SHORT,later,2,2,0,12,6,2
SECONDARY_148,STRAT_212_CONTINUATION,PLTR,SHORT,later,2,2,1,12,6,1
SECONDARY_148,OTHER:strat_outside_continuation,PLTR,SHORT,opening_14:00,1,1,1,1,1,1
SECONDARY_148,STRAT_322_REVERSAL,PLTR,SHORT,opening_14:00,1,1,1,1,1,1
SECONDARY_148,STRAT_222_REVERSAL,PM,LONG,early_14:30-16:00,1,1,1,6,3,1
SECONDARY_148,STRAT_212_REVERSAL,PM,LONG,early_14:30-16:00,2,1,1,5,3,1
SECONDARY_148,OTHER:strat_122,PM,LONG,early_14:30-16:00,2,1,0,5,3,2
SECONDARY_148,OTHER:strat_outside_continuation,PM,LONG,early_14:30-16:00,1,1,0,6,3,2
SECONDARY_148,OTHER:strat_22_continuation,PM,LONG,early_14:30-16:00,1,0,0,6,4,2
SECONDARY_148,STRAT_222_REVERSAL,PM,LONG,later,3,2,0,9,6,3
SECONDARY_148,STRAT_222_CONTINUATION,PM,LONG,later,4,3,2,8,5,1
SECONDARY_148,OTHER:strat_122,PM,LONG,later,1,0,0,11,8,3
SECONDARY_148,OTHER:strat_outside_continuation,PM,LONG,later,1,1,0,11,7,3
SECONDARY_148,STRAT_312,PM,LONG,later,1,0,0,11,8,3
SECONDARY_148,OTHER:strat_22_continuation,PM,LONG,later,1,1,0,11,7,3
SECONDARY_148,OTHER:strat_inside_break,PM,LONG,later,1,1,1,11,7,2
SECONDARY_148,STRAT_222_REVERSAL,PM,LONG,opening_14:00,2,2,1,1,1,1
SECONDARY_148,STRAT_222_CONTINUATION,PM,LONG,opening_14:00,1,1,1,2,2,1
SECONDARY_148,STRAT_212_REVERSAL,PM,SHORT,early_14:30-16:00,3,0,0,1,0,0
SECONDARY_148,OTHER:strat_122,PM,SHORT,early_14:30-16:00,1,0,0,3,0,0
SECONDARY_148,STRAT_222_REVERSAL,PM,SHORT,later,4,2,1,7,3,2
SECONDARY_148,STRAT_222_CONTINUATION,PM,SHORT,later,2,1,1,9,4,2
SECONDARY_148,OTHER:strat_122,PM,SHORT,later,1,1,1,10,4,2
SECONDARY_148,OTHER:strat_outside_continuation,PM,SHORT,later,1,0,0,10,5,3
SECONDARY_148,STRAT_322_REVERSAL,PM,SHORT,later,1,0,0,10,5,3
SECONDARY_148,STRAT_322_CONTINUATION,PM,SHORT,later,1,0,0,10,5,3
SECONDARY_148,STRAT_212_CONTINUATION,PM,SHORT,later,1,1,0,10,4,3
SECONDARY_148,STRAT_222_REVERSAL,PM,SHORT,opening_14:00,1,1,1,1,1,0
SECONDARY_148,STRAT_222_CONTINUATION,PM,SHORT,opening_14:00,1,1,0,1,1,1
SECONDARY_148,STRAT_222_REVERSAL,PYPL,LONG,early_14:30-16:00,4,2,1,3,2,1
SECONDARY_148,STRAT_222_CONTINUATION,PYPL,LONG,early_14:30-16:00,3,2,1,4,2,1
SECONDARY_148,STRAT_222_REVERSAL,PYPL,LONG,later,2,0,0,8,4,1
SECONDARY_148,STRAT_212_REVERSAL,PYPL,LONG,later,3,2,1,7,2,0
SECONDARY_148,OTHER:strat_outside_continuation,PYPL,LONG,later,2,0,0,8,4,1
SECONDARY_148,OTHER:strat_22_continuation,PYPL,LONG,later,2,1,0,8,3,1
SECONDARY_148,STRAT_212_CONTINUATION,PYPL,LONG,later,1,1,0,9,3,1
SECONDARY_148,STRAT_222_REVERSAL,PYPL,LONG,opening_14:00,1,1,1,1,1,1
SECONDARY_148,STRAT_222_CONTINUATION,PYPL,LONG,opening_14:00,1,1,1,1,1,1
SECONDARY_148,STRAT_222_REVERSAL,PYPL,SHORT,early_14:30-16:00,1,0,0,3,1,1
SECONDARY_148,STRAT_212_REVERSAL,PYPL,SHORT,early_14:30-16:00,1,1,1,3,0,0
SECONDARY_148,STRAT_222_CONTINUATION,PYPL,SHORT,early_14:30-16:00,1,0,0,3,1,1
SECONDARY_148,OTHER:strat_22_continuation,PYPL,SHORT,early_14:30-16:00,1,0,0,3,1,1
SECONDARY_148,STRAT_222_REVERSAL,PYPL,SHORT,later,2,1,0,10,8,5
SECONDARY_148,STRAT_212_REVERSAL,PYPL,SHORT,later,1,1,1,11,8,4
SECONDARY_148,STRAT_222_CONTINUATION,PYPL,SHORT,later,4,3,1,8,6,4
SECONDARY_148,OTHER:strat_122,PYPL,SHORT,later,2,1,1,10,8,4
SECONDARY_148,OTHER:strat_outside_continuation,PYPL,SHORT,later,1,1,0,11,8,5
SECONDARY_148,STRAT_322_REVERSAL,PYPL,SHORT,later,1,1,1,11,8,4
SECONDARY_148,STRAT_322_CONTINUATION,PYPL,SHORT,later,1,1,1,11,8,4
SECONDARY_148,STRAT_222_REVERSAL,PYPL,SHORT,opening_14:00,1,1,1,2,2,2
SECONDARY_148,STRAT_222_CONTINUATION,PYPL,SHORT,opening_14:00,1,1,1,2,2,2
SECONDARY_148,STRAT_322_REVERSAL,PYPL,SHORT,opening_14:00,1,1,1,2,2,2
SECONDARY_148,STRAT_222_REVERSAL,QCOM,LONG,early_14:30-16:00,2,1,1,6,4,1
SECONDARY_148,STRAT_212_REVERSAL,QCOM,LONG,early_14:30-16:00,1,1,1,7,4,1
SECONDARY_148,STRAT_222_CONTINUATION,QCOM,LONG,early_14:30-16:00,1,1,0,7,4,2
SECONDARY_148,OTHER:strat_122,QCOM,LONG,early_14:30-16:00,1,0,0,7,5,2
SECONDARY_148,OTHER:strat_22_continuation,QCOM,LONG,early_14:30-16:00,2,1,0,6,4,2
SECONDARY_148,OTHER:strat_inside_break,QCOM,LONG,early_14:30-16:00,1,1,0,7,4,2
SECONDARY_148,STRAT_222_REVERSAL,QCOM,LONG,later,1,0,0,15,3,0
SECONDARY_148,STRAT_212_REVERSAL,QCOM,LONG,later,2,0,0,14,3,0
SECONDARY_148,STRAT_222_CONTINUATION,QCOM,LONG,later,1,0,0,15,3,0
SECONDARY_148,OTHER:strat_122,QCOM,LONG,later,2,1,0,14,2,0
SECONDARY_148,OTHER:strat_outside_continuation,QCOM,LONG,later,3,0,0,13,3,0
SECONDARY_148,OTHER:strat_22_continuation,QCOM,LONG,later,3,0,0,13,3,0
SECONDARY_148,STRAT_322_CONTINUATION,QCOM,LONG,later,2,0,0,14,3,0
SECONDARY_148,STRAT_212_CONTINUATION,QCOM,LONG,later,2,2,0,14,1,0
SECONDARY_148,STRAT_222_REVERSAL,QCOM,LONG,opening_14:00,1,1,1,1,1,1
SECONDARY_148,OTHER:strat_outside_continuation,QCOM,LONG,opening_14:00,1,1,1,1,1,1
SECONDARY_148,STRAT_222_REVERSAL,QCOM,SHORT,early_14:30-16:00,1,0,0,4,1,0
SECONDARY_148,STRAT_212_REVERSAL,QCOM,SHORT,early_14:30-16:00,2,0,0,3,1,0
SECONDARY_148,STRAT_222_CONTINUATION,QCOM,SHORT,early_14:30-16:00,1,0,0,4,1,0
SECONDARY_148,OTHER:strat_22_continuation,QCOM,SHORT,early_14:30-16:00,1,1,0,4,0,0
SECONDARY_148,STRAT_222_REVERSAL,QCOM,SHORT,later,7,3,2,7,2,1
SECONDARY_148,STRAT_212_REVERSAL,QCOM,SHORT,later,2,0,0,12,5,3
SECONDARY_148,STRAT_222_CONTINUATION,QCOM,SHORT,later,2,0,0,12,5,3
SECONDARY_148,STRAT_322_REVERSAL,QCOM,SHORT,later,1,1,0,13,4,3
SECONDARY_148,OTHER:strat_22_continuation,QCOM,SHORT,later,1,0,0,13,5,3
SECONDARY_148,STRAT_212_CONTINUATION,QCOM,SHORT,later,1,1,1,13,4,2
SECONDARY_148,STRAT_222_CONTINUATION,QCOM,SHORT,opening_14:00,1,1,1,1,1,1
SECONDARY_148,OTHER:strat_outside_continuation,QCOM,SHORT,opening_14:00,1,1,1,1,1,1
SECONDARY_148,STRAT_222_REVERSAL,QQQ,LONG,early_14:30-16:00,3,2,1,6,1,1
SECONDARY_148,STRAT_212_REVERSAL,QQQ,LONG,early_14:30-16:00,1,0,0,8,3,2
SECONDARY_148,STRAT_222_CONTINUATION,QQQ,LONG,early_14:30-16:00,3,1,1,6,2,1
SECONDARY_148,OTHER:strat_122,QQQ,LONG,early_14:30-16:00,1,0,0,8,3,2
SECONDARY_148,OTHER:strat_outside_continuation,QQQ,LONG,early_14:30-16:00,1,0,0,8,3,2
SECONDARY_148,STRAT_222_REVERSAL,QQQ,LONG,later,3,0,0,4,0,0
SECONDARY_148,STRAT_212_REVERSAL,QQQ,LONG,later,1,0,0,6,0,0
SECONDARY_148,STRAT_222_CONTINUATION,QQQ,LONG,later,1,0,0,6,0,0
SECONDARY_148,OTHER:strat_122,QQQ,LONG,later,1,0,0,6,0,0
SECONDARY_148,OTHER:strat_outside_continuation,QQQ,LONG,later,1,0,0,6,0,0
SECONDARY_148,STRAT_222_REVERSAL,QQQ,LONG,opening_14:00,1,1,1,0,0,0
SECONDARY_148,STRAT_222_REVERSAL,QQQ,SHORT,early_14:30-16:00,2,1,0,1,0,0
SECONDARY_148,STRAT_212_REVERSAL,QQQ,SHORT,early_14:30-16:00,1,0,0,2,1,0
SECONDARY_148,STRAT_222_REVERSAL,QQQ,SHORT,later,5,4,1,14,6,2
SECONDARY_148,STRAT_212_REVERSAL,QQQ,SHORT,later,1,1,1,18,9,2
SECONDARY_148,STRAT_222_CONTINUATION,QQQ,SHORT,later,5,2,1,14,8,2
SECONDARY_148,OTHER:strat_122,QQQ,SHORT,later,2,1,0,17,9,3
SECONDARY_148,OTHER:strat_outside_continuation,QQQ,SHORT,later,1,0,0,18,10,3
SECONDARY_148,STRAT_322_REVERSAL,QQQ,SHORT,later,1,1,0,18,9,3
SECONDARY_148,STRAT_312,QQQ,SHORT,later,1,0,0,18,10,3
SECONDARY_148,OTHER:strat_22_continuation,QQQ,SHORT,later,1,0,0,18,10,3
SECONDARY_148,STRAT_212_CONTINUATION,QQQ,SHORT,later,2,1,0,17,9,3
SECONDARY_148,STRAT_222_CONTINUATION,QQQ,SHORT,opening_14:00,3,3,3,0,0,0
SECONDARY_148,STRAT_222_REVERSAL,RIOT,LONG,early_14:30-16:00,3,1,0,6,2,0
SECONDARY_148,STRAT_222_CONTINUATION,RIOT,LONG,early_14:30-16:00,2,0,0,7,3,0
SECONDARY_148,STRAT_322_REVERSAL,RIOT,LONG,early_14:30-16:00,2,0,0,7,3,0
SECONDARY_148,OTHER:strat_22_continuation,RIOT,LONG,early_14:30-16:00,1,1,0,8,2,0
SECONDARY_148,STRAT_212_CONTINUATION,RIOT,LONG,early_14:30-16:00,1,1,0,8,2,0
SECONDARY_148,STRAT_222_REVERSAL,RIOT,LONG,later,2,0,0,7,3,2
SECONDARY_148,STRAT_222_CONTINUATION,RIOT,LONG,later,2,0,0,7,3,2
SECONDARY_148,OTHER:strat_122,RIOT,LONG,later,1,1,1,8,2,1
SECONDARY_148,OTHER:strat_outside_continuation,RIOT,LONG,later,1,1,0,8,2,2
SECONDARY_148,STRAT_312,RIOT,LONG,later,1,0,0,8,3,2
SECONDARY_148,STRAT_212_CONTINUATION,RIOT,LONG,later,2,1,1,7,2,1
SECONDARY_148,STRAT_222_REVERSAL,RIOT,LONG,opening_14:00,1,1,1,0,0,0
SECONDARY_148,STRAT_222_REVERSAL,RIOT,SHORT,early_14:30-16:00,4,3,0,2,1,0
SECONDARY_148,STRAT_222_CONTINUATION,RIOT,SHORT,early_14:30-16:00,1,1,0,5,3,0
SECONDARY_148,OTHER:strat_outside_continuation,RIOT,SHORT,early_14:30-16:00,1,0,0,5,4,0
SECONDARY_148,STRAT_222_REVERSAL,RIOT,SHORT,later,2,2,1,12,4,1
SECONDARY_148,STRAT_222_CONTINUATION,RIOT,SHORT,later,4,2,0,10,4,2
SECONDARY_148,OTHER:strat_122,RIOT,SHORT,later,3,1,1,11,5,1
SECONDARY_148,OTHER:strat_outside_continuation,RIOT,SHORT,later,1,0,0,13,6,2
SECONDARY_148,STRAT_312,RIOT,SHORT,later,1,0,0,13,6,2
SECONDARY_148,STRAT_212_CONTINUATION,RIOT,SHORT,later,3,1,0,11,5,2
SECONDARY_148,STRAT_222_CONTINUATION,RIOT,SHORT,opening_14:00,2,2,2,1,1,1
SECONDARY_148,OTHER:strat_outside_continuation,RIOT,SHORT,opening_14:00,1,1,1,2,2,2
SECONDARY_148,STRAT_222_REVERSAL,RIVN,LONG,early_14:30-16:00,2,2,0,5,0,0
SECONDARY_148,STRAT_212_REVERSAL,RIVN,LONG,early_14:30-16:00,1,0,0,6,2,0
SECONDARY_148,STRAT_222_CONTINUATION,RIVN,LONG,early_14:30-16:00,1,0,0,6,2,0
SECONDARY_148,OTHER:strat_122,RIVN,LONG,early_14:30-16:00,1,0,0,6,2,0
SECONDARY_148,OTHER:strat_outside_continuation,RIVN,LONG,early_14:30-16:00,1,0,0,6,2,0
SECONDARY_148,OTHER:strat_22_continuation,RIVN,LONG,early_14:30-16:00,1,0,0,6,2,0
SECONDARY_148,STRAT_222_REVERSAL,RIVN,LONG,later,5,2,0,6,3,1
SECONDARY_148,STRAT_222_CONTINUATION,RIVN,LONG,later,4,2,1,7,3,0
SECONDARY_148,OTHER:strat_122,RIVN,LONG,later,1,1,0,10,4,1
SECONDARY_148,STRAT_212_CONTINUATION,RIVN,LONG,later,1,0,0,10,5,1
SECONDARY_148,STRAT_222_REVERSAL,RIVN,LONG,opening_14:00,1,1,1,0,0,0
SECONDARY_148,STRAT_222_REVERSAL,RIVN,SHORT,early_14:30-16:00,1,1,0,7,0,0
SECONDARY_148,STRAT_212_REVERSAL,RIVN,SHORT,early_14:30-16:00,2,0,0,6,1,0
SECONDARY_148,STRAT_222_CONTINUATION,RIVN,SHORT,early_14:30-16:00,1,0,0,7,1,0
SECONDARY_148,OTHER:strat_outside_continuation,RIVN,SHORT,early_14:30-16:00,1,0,0,7,1,0
SECONDARY_148,OTHER:strat_22_continuation,RIVN,SHORT,early_14:30-16:00,1,0,0,7,1,0
SECONDARY_148,STRAT_212_CONTINUATION,RIVN,SHORT,early_14:30-16:00,2,0,0,6,1,0
SECONDARY_148,STRAT_222_REVERSAL,RIVN,SHORT,later,4,2,2,14,10,5
SECONDARY_148,STRAT_212_REVERSAL,RIVN,SHORT,later,3,3,1,15,9,6
SECONDARY_148,STRAT_222_CONTINUATION,RIVN,SHORT,later,3,3,1,15,9,6
SECONDARY_148,OTHER:strat_outside_continuation,RIVN,SHORT,later,1,1,0,17,11,7
SECONDARY_148,OTHER:strat_22_continuation,RIVN,SHORT,later,3,1,1,15,11,6
SECONDARY_148,STRAT_322_CONTINUATION,RIVN,SHORT,later,1,0,0,17,12,7
SECONDARY_148,STRAT_212_CONTINUATION,RIVN,SHORT,later,3,2,2,15,10,5
SECONDARY_148,STRAT_222_REVERSAL,RIVN,SHORT,opening_14:00,2,2,2,0,0,0
SECONDARY_148,STRAT_222_REVERSAL,RTX,LONG,early_14:30-16:00,1,0,0,5,4,2
SECONDARY_148,STRAT_212_REVERSAL,RTX,LONG,early_14:30-16:00,1,1,0,5,3,2
SECONDARY_148,STRAT_222_CONTINUATION,RTX,LONG,early_14:30-16:00,1,1,1,5,3,1
SECONDARY_148,STRAT_322_REVERSAL,RTX,LONG,early_14:30-16:00,1,1,1,5,3,1
SECONDARY_148,STRAT_312,RTX,LONG,early_14:30-16:00,1,1,0,5,3,2
SECONDARY_148,STRAT_212_CONTINUATION,RTX,LONG,early_14:30-16:00,1,0,0,5,4,2
SECONDARY_148,STRAT_222_REVERSAL,RTX,LONG,later,4,2,1,8,3,0
SECONDARY_148,STRAT_222_CONTINUATION,RTX,LONG,later,3,1,0,9,4,1
SECONDARY_148,OTHER:strat_122,RTX,LONG,later,1,0,0,11,5,1
SECONDARY_148,OTHER:strat_outside_continuation,RTX,LONG,later,1,1,0,11,4,1
SECONDARY_148,OTHER:strat_22_continuation,RTX,LONG,later,1,1,0,11,4,1
SECONDARY_148,STRAT_322_CONTINUATION,RTX,LONG,later,1,0,0,11,5,1
SECONDARY_148,STRAT_212_CONTINUATION,RTX,LONG,later,1,0,0,11,5,1
SECONDARY_148,STRAT_222_CONTINUATION,RTX,LONG,opening_14:00,1,1,0,0,0,0
SECONDARY_148,STRAT_222_REVERSAL,RTX,SHORT,early_14:30-16:00,1,0,0,7,1,0
SECONDARY_148,STRAT_222_CONTINUATION,RTX,SHORT,early_14:30-16:00,1,1,0,7,0,0
SECONDARY_148,OTHER:strat_outside_continuation,RTX,SHORT,early_14:30-16:00,2,0,0,6,1,0
SECONDARY_148,OTHER:strat_22_continuation,RTX,SHORT,early_14:30-16:00,2,0,0,6,1,0
SECONDARY_148,STRAT_212_CONTINUATION,RTX,SHORT,early_14:30-16:00,2,0,0,6,1,0
SECONDARY_148,STRAT_222_REVERSAL,RTX,SHORT,later,6,3,1,11,6,1
SECONDARY_148,STRAT_212_REVERSAL,RTX,SHORT,later,2,2,1,15,7,1
SECONDARY_148,STRAT_222_CONTINUATION,RTX,SHORT,later,5,1,0,12,8,2
SECONDARY_148,OTHER:strat_outside_continuation,RTX,SHORT,later,1,1,0,16,8,2
SECONDARY_148,OTHER:strat_22_continuation,RTX,SHORT,later,1,0,0,16,9,2
SECONDARY_148,STRAT_322_CONTINUATION,RTX,SHORT,later,1,1,0,16,8,2
SECONDARY_148,STRAT_212_CONTINUATION,RTX,SHORT,later,1,1,0,16,8,2
SECONDARY_148,OTHER:strat_22_continuation,RTX,SHORT,opening_14:00,1,1,1,0,0,0
SECONDARY_148,STRAT_222_REVERSAL,SBUX,LONG,early_14:30-16:00,1,0,0,2,1,0
SECONDARY_148,OTHER:strat_outside_continuation,SBUX,LONG,early_14:30-16:00,1,0,0,2,1,0
SECONDARY_148,STRAT_312,SBUX,LONG,early_14:30-16:00,1,1,0,2,0,0
SECONDARY_148,STRAT_222_REVERSAL,SBUX,LONG,later,4,1,1,10,4,0
SECONDARY_148,STRAT_212_REVERSAL,SBUX,LONG,later,1,0,0,13,5,1
SECONDARY_148,STRAT_222_CONTINUATION,SBUX,LONG,later,2,0,0,12,5,1
SECONDARY_148,OTHER:strat_outside_continuation,SBUX,LONG,later,3,3,0,11,2,1
SECONDARY_148,OTHER:strat_22_continuation,SBUX,LONG,later,1,0,0,13,5,1
SECONDARY_148,STRAT_322_CONTINUATION,SBUX,LONG,later,2,1,0,12,4,1
SECONDARY_148,STRAT_212_CONTINUATION,SBUX,LONG,later,1,0,0,13,5,1
SECONDARY_148,STRAT_222_CONTINUATION,SBUX,LONG,opening_14:00,1,1,0,0,0,0
SECONDARY_148,STRAT_222_REVERSAL,SBUX,SHORT,early_14:30-16:00,1,0,0,8,5,1
SECONDARY_148,STRAT_212_REVERSAL,SBUX,SHORT,early_14:30-16:00,1,1,0,8,4,1
SECONDARY_148,STRAT_222_CONTINUATION,SBUX,SHORT,early_14:30-16:00,2,1,0,7,4,1
SECONDARY_148,OTHER:strat_outside_continuation,SBUX,SHORT,early_14:30-16:00,1,0,0,8,5,1
SECONDARY_148,STRAT_312,SBUX,SHORT,early_14:30-16:00,1,1,0,8,4,1
SECONDARY_148,OTHER:strat_22_continuation,SBUX,SHORT,early_14:30-16:00,3,2,1,6,3,0
SECONDARY_148,STRAT_222_REVERSAL,SBUX,SHORT,later,3,1,1,10,8,5
SECONDARY_148,STRAT_222_CONTINUATION,SBUX,SHORT,later,2,2,1,11,7,5
SECONDARY_148,OTHER:strat_122,SBUX,SHORT,later,2,2,1,11,7,5
SECONDARY_148,OTHER:strat_22_continuation,SBUX,SHORT,later,2,1,0,11,8,6
SECONDARY_148,STRAT_322_CONTINUATION,SBUX,SHORT,later,1,0,0,12,9,6
SECONDARY_148,STRAT_212_CONTINUATION,SBUX,SHORT,later,3,3,3,10,6,3
SECONDARY_148,STRAT_222_REVERSAL,SBUX,SHORT,opening_14:00,1,1,1,1,1,1
SECONDARY_148,STRAT_212_REVERSAL,SBUX,SHORT,opening_14:00,1,1,1,1,1,1
SECONDARY_148,STRAT_222_REVERSAL,SCHW,LONG,early_14:30-16:00,2,1,1,4,2,2
SECONDARY_148,STRAT_212_REVERSAL,SCHW,LONG,early_14:30-16:00,1,1,1,5,2,2
SECONDARY_148,STRAT_222_CONTINUATION,SCHW,LONG,early_14:30-16:00,1,0,0,5,3,3
SECONDARY_148,OTHER:strat_22_continuation,SCHW,LONG,early_14:30-16:00,1,0,0,5,3,3
SECONDARY_148,OTHER:strat_inside_break,SCHW,LONG,early_14:30-16:00,1,1,1,5,2,2
SECONDARY_148,STRAT_222_REVERSAL,SCHW,LONG,later,7,2,1,9,6,2
SECONDARY_148,STRAT_212_REVERSAL,SCHW,LONG,later,1,0,0,15,8,3
SECONDARY_148,STRAT_222_CONTINUATION,SCHW,LONG,later,4,3,1,12,5,2
SECONDARY_148,OTHER:strat_122,SCHW,LONG,later,1,1,0,15,7,3
SECONDARY_148,OTHER:strat_outside_continuation,SCHW,LONG,later,2,1,0,14,7,3
SECONDARY_148,OTHER:strat_22_continuation,SCHW,LONG,later,1,1,1,15,7,2
SECONDARY_148,STRAT_222_CONTINUATION,SCHW,LONG,opening_14:00,1,1,0,1,1,0
SECONDARY_148,STRAT_322_REVERSAL,SCHW,LONG,opening_14:00,1,1,0,1,1,0
SECONDARY_148,STRAT_222_REVERSAL,SCHW,SHORT,early_14:30-16:00,2,2,1,5,1,0
SECONDARY_148,STRAT_212_REVERSAL,SCHW,SHORT,early_14:30-16:00,1,0,0,6,3,1
SECONDARY_148,STRAT_222_CONTINUATION,SCHW,SHORT,early_14:30-16:00,1,1,0,6,2,1
SECONDARY_148,STRAT_312,SCHW,SHORT,early_14:30-16:00,1,0,0,6,3,1
SECONDARY_148,OTHER:strat_22_continuation,SCHW,SHORT,early_14:30-16:00,1,0,0,6,3,1
SECONDARY_148,STRAT_212_CONTINUATION,SCHW,SHORT,early_14:30-16:00,1,0,0,6,3,1
SECONDARY_148,STRAT_222_REVERSAL,SCHW,SHORT,later,7,0,0,7,3,2
SECONDARY_148,STRAT_212_REVERSAL,SCHW,SHORT,later,1,0,0,13,3,2
SECONDARY_148,STRAT_222_CONTINUATION,SCHW,SHORT,later,2,1,1,12,2,1
SECONDARY_148,OTHER:strat_122,SCHW,SHORT,later,1,1,1,13,2,1
SECONDARY_148,OTHER:strat_outside_continuation,SCHW,SHORT,later,2,0,0,12,3,2
SECONDARY_148,STRAT_322_CONTINUATION,SCHW,SHORT,later,1,1,0,13,2,2
SECONDARY_148,STRAT_222_CONTINUATION,SCHW,SHORT,opening_14:00,1,0,0,0,0,0
SECONDARY_148,STRAT_222_REVERSAL,SE,LONG,early_14:30-16:00,1,0,0,6,3,2
SECONDARY_148,STRAT_212_REVERSAL,SE,LONG,early_14:30-16:00,1,0,0,6,3,2
SECONDARY_148,STRAT_222_CONTINUATION,SE,LONG,early_14:30-16:00,2,1,1,5,2,1
SECONDARY_148,OTHER:strat_outside_continuation,SE,LONG,early_14:30-16:00,1,0,0,6,3,2
SECONDARY_148,STRAT_322_REVERSAL,SE,LONG,early_14:30-16:00,1,1,1,6,2,1
SECONDARY_148,OTHER:strat_inside_break,SE,LONG,early_14:30-16:00,1,1,0,6,2,2
SECONDARY_148,STRAT_222_REVERSAL,SE,LONG,later,4,2,2,7,0,0
SECONDARY_148,STRAT_222_CONTINUATION,SE,LONG,later,2,0,0,9,2,2
SECONDARY_148,OTHER:strat_122,SE,LONG,later,3,0,0,8,2,2
SECONDARY_148,OTHER:strat_outside_continuation,SE,LONG,later,1,0,0,10,2,2
SECONDARY_148,OTHER:strat_22_continuation,SE,LONG,later,1,0,0,10,2,2
SECONDARY_148,STRAT_222_REVERSAL,SE,LONG,opening_14:00,1,1,0,0,0,0
SECONDARY_148,STRAT_222_REVERSAL,SE,SHORT,early_14:30-16:00,1,0,0,4,0,0
SECONDARY_148,STRAT_222_CONTINUATION,SE,SHORT,early_14:30-16:00,3,0,0,2,0,0
SECONDARY_148,STRAT_322_REVERSAL,SE,SHORT,early_14:30-16:00,1,0,0,4,0,0
SECONDARY_148,STRAT_222_REVERSAL,SE,SHORT,later,5,5,3,9,6,4
SECONDARY_148,STRAT_212_REVERSAL,SE,SHORT,later,1,1,1,13,10,6
SECONDARY_148,STRAT_222_CONTINUATION,SE,SHORT,later,4,3,3,10,8,4
SECONDARY_148,OTHER:strat_22_continuation,SE,SHORT,later,1,1,0,13,10,7
SECONDARY_148,OTHER:strat_inside_break,SE,SHORT,later,1,1,0,13,10,7
SECONDARY_148,STRAT_212_CONTINUATION,SE,SHORT,later,2,0,0,12,11,7
SECONDARY_148,STRAT_222_REVERSAL,SE,SHORT,opening_14:00,1,1,1,2,2,1
SECONDARY_148,OTHER:strat_outside_continuation,SE,SHORT,opening_14:00,1,1,0,2,2,2
SECONDARY_148,STRAT_322_REVERSAL,SE,SHORT,opening_14:00,1,1,1,2,2,1
SECONDARY_148,STRAT_222_REVERSAL,SHOP,LONG,early_14:30-16:00,3,2,0,4,1,1
SECONDARY_148,STRAT_222_CONTINUATION,SHOP,LONG,early_14:30-16:00,3,1,1,4,2,0
SECONDARY_148,OTHER:strat_outside_continuation,SHOP,LONG,early_14:30-16:00,1,0,0,6,3,1
SECONDARY_148,STRAT_222_REVERSAL,SHOP,LONG,later,2,1,0,4,0,0
SECONDARY_148,STRAT_222_CONTINUATION,SHOP,LONG,later,2,0,0,4,1,0
SECONDARY_148,OTHER:strat_outside_continuation,SHOP,LONG,later,2,0,0,4,1,0
SECONDARY_148,STRAT_222_REVERSAL,SHOP,LONG,opening_14:00,1,1,0,1,1,1
SECONDARY_148,STRAT_322_CONTINUATION,SHOP,LONG,opening_14:00,1,1,1,1,1,0
SECONDARY_148,STRAT_222_REVERSAL,SHOP,SHORT,early_14:30-16:00,2,1,0,7,3,1
SECONDARY_148,STRAT_212_REVERSAL,SHOP,SHORT,early_14:30-16:00,1,1,0,8,3,1
SECONDARY_148,STRAT_222_CONTINUATION,SHOP,SHORT,early_14:30-16:00,3,0,0,6,4,1
SECONDARY_148,OTHER:strat_outside_continuation,SHOP,SHORT,early_14:30-16:00,1,0,0,8,4,1
SECONDARY_148,OTHER:strat_22_continuation,SHOP,SHORT,early_14:30-16:00,1,1,0,8,3,1
SECONDARY_148,STRAT_212_CONTINUATION,SHOP,SHORT,early_14:30-16:00,1,1,1,8,3,0
SECONDARY_148,STRAT_222_REVERSAL,SHOP,SHORT,later,2,0,0,14,8,6
SECONDARY_148,STRAT_212_REVERSAL,SHOP,SHORT,later,1,1,1,15,7,5
SECONDARY_148,STRAT_222_CONTINUATION,SHOP,SHORT,later,3,1,1,13,7,5
SECONDARY_148,OTHER:strat_outside_continuation,SHOP,SHORT,later,2,2,1,14,6,5
SECONDARY_148,STRAT_322_REVERSAL,SHOP,SHORT,later,1,1,1,15,7,5
SECONDARY_148,STRAT_312,SHOP,SHORT,later,1,0,0,15,8,6
SECONDARY_148,OTHER:strat_22_continuation,SHOP,SHORT,later,3,1,0,13,7,6
SECONDARY_148,STRAT_322_CONTINUATION,SHOP,SHORT,later,1,1,1,15,7,5
SECONDARY_148,STRAT_212_CONTINUATION,SHOP,SHORT,later,2,1,1,14,7,5
SECONDARY_148,STRAT_222_REVERSAL,SHOP,SHORT,opening_14:00,1,1,1,0,0,0
SECONDARY_148,STRAT_212_REVERSAL,SLB,LONG,early_14:30-16:00,1,1,0,3,3,0
SECONDARY_148,OTHER:strat_outside_continuation,SLB,LONG,early_14:30-16:00,1,1,0,3,3,0
SECONDARY_148,OTHER:strat_22_continuation,SLB,LONG,early_14:30-16:00,1,1,0,3,3,0
SECONDARY_148,STRAT_322_CONTINUATION,SLB,LONG,early_14:30-16:00,1,1,0,3,3,0
SECONDARY_148,STRAT_222_REVERSAL,SLB,LONG,later,2,1,0,9,4,1
SECONDARY_148,STRAT_212_REVERSAL,SLB,LONG,later,1,0,0,10,5,1
SECONDARY_148,STRAT_222_CONTINUATION,SLB,LONG,later,4,3,1,7,2,0
SECONDARY_148,STRAT_312,SLB,LONG,later,1,0,0,10,5,1
SECONDARY_148,OTHER:strat_22_continuation,SLB,LONG,later,1,0,0,10,5,1
SECONDARY_148,STRAT_212_CONTINUATION,SLB,LONG,later,2,1,0,9,4,1
SECONDARY_148,STRAT_222_REVERSAL,SLB,LONG,opening_14:00,2,2,2,0,0,0
SECONDARY_148,STRAT_222_REVERSAL,SLB,SHORT,early_14:30-16:00,1,0,0,7,3,1
SECONDARY_148,STRAT_212_REVERSAL,SLB,SHORT,early_14:30-16:00,1,1,0,7,2,1
SECONDARY_148,STRAT_222_CONTINUATION,SLB,SHORT,early_14:30-16:00,2,1,1,6,2,0
SECONDARY_148,OTHER:strat_outside_continuation,SLB,SHORT,early_14:30-16:00,1,0,0,7,3,1
SECONDARY_148,OTHER:strat_22_continuation,SLB,SHORT,early_14:30-16:00,1,0,0,7,3,1
SECONDARY_148,STRAT_322_CONTINUATION,SLB,SHORT,early_14:30-16:00,1,1,0,7,2,1
SECONDARY_148,STRAT_212_CONTINUATION,SLB,SHORT,early_14:30-16:00,1,0,0,7,3,1
SECONDARY_148,STRAT_222_REVERSAL,SLB,SHORT,later,1,1,0,12,7,3
SECONDARY_148,STRAT_222_CONTINUATION,SLB,SHORT,later,1,0,0,12,8,3
SECONDARY_148,OTHER:strat_outside_continuation,SLB,SHORT,later,3,2,0,10,6,3
SECONDARY_148,STRAT_312,SLB,SHORT,later,2,1,0,11,7,3
SECONDARY_148,OTHER:strat_22_continuation,SLB,SHORT,later,3,1,1,10,7,2
SECONDARY_148,STRAT_322_CONTINUATION,SLB,SHORT,later,1,1,0,12,7,3
SECONDARY_148,STRAT_212_CONTINUATION,SLB,SHORT,later,2,2,2,11,6,1
SECONDARY_148,OTHER:strat_outside_continuation,SLB,SHORT,opening_14:00,1,1,1,0,0,0
SECONDARY_148,STRAT_222_REVERSAL,SMH,LONG,early_14:30-16:00,2,1,0,6,0,0
SECONDARY_148,STRAT_212_REVERSAL,SMH,LONG,early_14:30-16:00,1,0,0,7,1,0
SECONDARY_148,STRAT_222_CONTINUATION,SMH,LONG,early_14:30-16:00,1,0,0,7,1,0
SECONDARY_148,OTHER:strat_outside_continuation,SMH,LONG,early_14:30-16:00,1,0,0,7,1,0
SECONDARY_148,OTHER:strat_22_continuation,SMH,LONG,early_14:30-16:00,2,0,0,6,1,0
SECONDARY_148,OTHER:strat_inside_break,SMH,LONG,early_14:30-16:00,1,0,0,7,1,0
SECONDARY_148,STRAT_222_REVERSAL,SMH,LONG,later,3,0,0,8,0,0
SECONDARY_148,STRAT_222_CONTINUATION,SMH,LONG,later,2,0,0,9,0,0
SECONDARY_148,OTHER:strat_122,SMH,LONG,later,1,0,0,10,0,0
SECONDARY_148,OTHER:strat_22_continuation,SMH,LONG,later,2,0,0,9,0,0
SECONDARY_148,OTHER:strat_inside_break,SMH,LONG,later,2,0,0,9,0,0
SECONDARY_148,STRAT_212_CONTINUATION,SMH,LONG,later,1,0,0,10,0,0
SECONDARY_148,STRAT_222_REVERSAL,SMH,LONG,opening_14:00,1,1,1,1,1,0
SECONDARY_148,STRAT_322_REVERSAL,SMH,LONG,opening_14:00,1,1,0,1,1,1
SECONDARY_148,STRAT_222_REVERSAL,SMH,SHORT,early_14:30-16:00,2,0,0,3,0,0
SECONDARY_148,STRAT_222_CONTINUATION,SMH,SHORT,early_14:30-16:00,2,0,0,3,0,0
SECONDARY_148,STRAT_212_CONTINUATION,SMH,SHORT,early_14:30-16:00,1,0,0,4,0,0
SECONDARY_148,STRAT_222_REVERSAL,SMH,SHORT,later,6,5,2,9,4,0
SECONDARY_148,STRAT_222_CONTINUATION,SMH,SHORT,later,3,1,0,12,8,2
SECONDARY_148,OTHER:strat_outside_continuation,SMH,SHORT,later,2,2,0,13,7,2
SECONDARY_148,OTHER:strat_22_continuation,SMH,SHORT,later,1,0,0,14,9,2
SECONDARY_148,STRAT_322_CONTINUATION,SMH,SHORT,later,1,0,0,14,9,2
SECONDARY_148,STRAT_212_CONTINUATION,SMH,SHORT,later,2,1,0,13,8,2
SECONDARY_148,STRAT_222_CONTINUATION,SMH,SHORT,opening_14:00,1,1,1,1,1,1
SECONDARY_148,STRAT_312,SMH,SHORT,opening_14:00,1,1,1,1,1,1
SECONDARY_148,STRAT_222_REVERSAL,SNOW,LONG,early_14:30-16:00,2,0,0,8,3,1
SECONDARY_148,STRAT_212_REVERSAL,SNOW,LONG,early_14:30-16:00,1,1,1,9,2,0
SECONDARY_148,STRAT_222_CONTINUATION,SNOW,LONG,early_14:30-16:00,1,0,0,9,3,1
SECONDARY_148,OTHER:strat_122,SNOW,LONG,early_14:30-16:00,1,1,0,9,2,1
SECONDARY_148,OTHER:strat_outside_continuation,SNOW,LONG,early_14:30-16:00,3,0,0,7,3,1
SECONDARY_148,STRAT_312,SNOW,LONG,early_14:30-16:00,1,0,0,9,3,1
SECONDARY_148,STRAT_322_CONTINUATION,SNOW,LONG,early_14:30-16:00,1,1,0,9,2,1
SECONDARY_148,STRAT_222_REVERSAL,SNOW,LONG,later,4,1,0,6,2,1
SECONDARY_148,STRAT_212_REVERSAL,SNOW,LONG,later,1,1,1,9,2,0
SECONDARY_148,STRAT_222_CONTINUATION,SNOW,LONG,later,3,0,0,7,3,1
SECONDARY_148,OTHER:strat_outside_continuation,SNOW,LONG,later,1,0,0,9,3,1
SECONDARY_148,STRAT_212_CONTINUATION,SNOW,LONG,later,1,1,0,9,2,1
SECONDARY_148,STRAT_212_REVERSAL,SNOW,SHORT,early_14:30-16:00,1,0,0,4,1,0
SECONDARY_148,STRAT_222_CONTINUATION,SNOW,SHORT,early_14:30-16:00,1,0,0,4,1,0
SECONDARY_148,OTHER:strat_122,SNOW,SHORT,early_14:30-16:00,1,0,0,4,1,0
SECONDARY_148,STRAT_322_REVERSAL,SNOW,SHORT,early_14:30-16:00,1,1,0,4,0,0
SECONDARY_148,STRAT_322_CONTINUATION,SNOW,SHORT,early_14:30-16:00,1,0,0,4,1,0
SECONDARY_148,STRAT_222_REVERSAL,SNOW,SHORT,later,3,2,2,9,4,0
SECONDARY_148,STRAT_212_REVERSAL,SNOW,SHORT,later,2,1,0,10,5,2
SECONDARY_148,STRAT_222_CONTINUATION,SNOW,SHORT,later,2,1,0,10,5,2
SECONDARY_148,OTHER:strat_outside_continuation,SNOW,SHORT,later,2,0,0,10,6,2
SECONDARY_148,STRAT_322_REVERSAL,SNOW,SHORT,later,1,1,0,11,5,2
SECONDARY_148,OTHER:strat_22_continuation,SNOW,SHORT,later,1,0,0,11,6,2
SECONDARY_148,STRAT_322_CONTINUATION,SNOW,SHORT,later,1,1,0,11,5,2
SECONDARY_148,OTHER:strat_outside_continuation,SNOW,SHORT,opening_14:00,1,1,1,0,0,0
SECONDARY_148,STRAT_222_REVERSAL,SO,LONG,early_14:30-16:00,1,1,0,0,0,0
SECONDARY_148,STRAT_222_REVERSAL,SO,LONG,later,5,3,0,6,4,1
SECONDARY_148,STRAT_212_REVERSAL,SO,LONG,later,2,2,1,9,5,0
SECONDARY_148,STRAT_222_CONTINUATION,SO,LONG,later,2,1,0,9,6,1
SECONDARY_148,OTHER:strat_122,SO,LONG,later,1,0,0,10,7,1
SECONDARY_148,STRAT_212_CONTINUATION,SO,LONG,later,1,1,0,10,6,1
SECONDARY_148,STRAT_222_REVERSAL,SO,LONG,opening_14:00,2,2,0,1,1,0
SECONDARY_148,OTHER:strat_outside_continuation,SO,LONG,opening_14:00,1,1,0,2,2,0
SECONDARY_148,STRAT_222_REVERSAL,SO,SHORT,early_14:30-16:00,1,0,0,8,4,0
SECONDARY_148,STRAT_212_REVERSAL,SO,SHORT,early_14:30-16:00,1,1,0,8,3,0
SECONDARY_148,STRAT_222_CONTINUATION,SO,SHORT,early_14:30-16:00,2,0,0,7,4,0
SECONDARY_148,OTHER:strat_outside_continuation,SO,SHORT,early_14:30-16:00,2,1,0,7,3,0
SECONDARY_148,STRAT_322_REVERSAL,SO,SHORT,early_14:30-16:00,1,1,0,8,3,0
SECONDARY_148,OTHER:strat_22_continuation,SO,SHORT,early_14:30-16:00,1,0,0,8,4,0
SECONDARY_148,STRAT_322_CONTINUATION,SO,SHORT,early_14:30-16:00,1,1,0,8,3,0
SECONDARY_148,STRAT_222_REVERSAL,SO,SHORT,later,4,2,1,9,2,1
SECONDARY_148,STRAT_212_REVERSAL,SO,SHORT,later,1,0,0,12,4,2
SECONDARY_148,STRAT_222_CONTINUATION,SO,SHORT,later,4,2,1,9,2,1
SECONDARY_148,OTHER:strat_122,SO,SHORT,later,2,0,0,11,4,2
SECONDARY_148,OTHER:strat_outside_continuation,SO,SHORT,later,2,0,0,11,4,2
SECONDARY_148,STRAT_222_CONTINUATION,SO,SHORT,opening_14:00,1,1,1,0,0,0
SECONDARY_148,STRAT_222_REVERSAL,SOFI,LONG,early_14:30-16:00,1,0,0,7,4,3
SECONDARY_148,STRAT_212_REVERSAL,SOFI,LONG,early_14:30-16:00,1,1,1,7,3,2
SECONDARY_148,STRAT_222_CONTINUATION,SOFI,LONG,early_14:30-16:00,2,1,0,6,3,3
SECONDARY_148,STRAT_312,SOFI,LONG,early_14:30-16:00,2,1,1,6,3,2
SECONDARY_148,OTHER:strat_22_continuation,SOFI,LONG,early_14:30-16:00,2,1,1,6,3,2
SECONDARY_148,STRAT_222_REVERSAL,SOFI,LONG,later,3,1,1,9,2,0
SECONDARY_148,STRAT_212_REVERSAL,SOFI,LONG,later,1,0,0,11,3,1
SECONDARY_148,STRAT_222_CONTINUATION,SOFI,LONG,later,2,0,0,10,3,1
SECONDARY_148,OTHER:strat_outside_continuation,SOFI,LONG,later,1,0,0,11,3,1
SECONDARY_148,STRAT_312,SOFI,LONG,later,1,0,0,11,3,1
SECONDARY_148,OTHER:strat_22_continuation,SOFI,LONG,later,1,0,0,11,3,1
SECONDARY_148,OTHER:strat_inside_break,SOFI,LONG,later,2,1,0,10,2,1
SECONDARY_148,STRAT_212_CONTINUATION,SOFI,LONG,later,1,1,0,11,2,1
SECONDARY_148,STRAT_222_REVERSAL,SOFI,SHORT,early_14:30-16:00,1,0,0,4,1,0
SECONDARY_148,STRAT_212_REVERSAL,SOFI,SHORT,early_14:30-16:00,1,0,0,4,1,0
SECONDARY_148,STRAT_222_CONTINUATION,SOFI,SHORT,early_14:30-16:00,2,1,0,3,0,0
SECONDARY_148,OTHER:strat_outside_continuation,SOFI,SHORT,early_14:30-16:00,1,0,0,4,1,0
SECONDARY_148,STRAT_222_REVERSAL,SOFI,SHORT,later,3,2,0,7,3,0
SECONDARY_148,STRAT_222_CONTINUATION,SOFI,SHORT,later,2,0,0,8,5,0
SECONDARY_148,OTHER:strat_122,SOFI,SHORT,later,2,2,0,8,3,0
SECONDARY_148,STRAT_312,SOFI,SHORT,later,1,0,0,9,5,0
SECONDARY_148,OTHER:strat_22_continuation,SOFI,SHORT,later,1,0,0,9,5,0
SECONDARY_148,OTHER:strat_inside_break,SOFI,SHORT,later,1,1,0,9,4,0
SECONDARY_148,STRAT_222_REVERSAL,SOFI,SHORT,opening_14:00,1,1,1,2,2,2
SECONDARY_148,STRAT_222_CONTINUATION,SOFI,SHORT,opening_14:00,1,1,1,2,2,2
SECONDARY_148,OTHER:strat_122,SOFI,SHORT,opening_14:00,1,1,1,2,2,2
SECONDARY_148,STRAT_222_REVERSAL,SPG,LONG,early_14:30-16:00,2,2,0,4,2,0
SECONDARY_148,STRAT_222_CONTINUATION,SPG,LONG,early_14:30-16:00,2,1,0,4,3,0
SECONDARY_148,STRAT_312,SPG,LONG,early_14:30-16:00,1,0,0,5,4,0
SECONDARY_148,STRAT_212_CONTINUATION,SPG,LONG,early_14:30-16:00,1,1,0,5,3,0
SECONDARY_148,STRAT_222_REVERSAL,SPG,LONG,later,4,3,0,8,4,0
SECONDARY_148,STRAT_212_REVERSAL,SPG,LONG,later,2,2,0,10,5,0
SECONDARY_148,STRAT_222_CONTINUATION,SPG,LONG,later,2,1,0,10,6,0
SECONDARY_148,OTHER:strat_22_continuation,SPG,LONG,later,3,1,0,9,6,0
SECONDARY_148,STRAT_212_CONTINUATION,SPG,LONG,later,1,0,0,11,7,0
SECONDARY_148,STRAT_222_REVERSAL,SPG,LONG,opening_14:00,1,0,0,1,1,0
SECONDARY_148,STRAT_322_REVERSAL,SPG,LONG,opening_14:00,1,1,0,1,0,0
SECONDARY_148,STRAT_222_REVERSAL,SPG,SHORT,early_14:30-16:00,2,1,0,6,1,1
SECONDARY_148,STRAT_222_CONTINUATION,SPG,SHORT,early_14:30-16:00,3,1,1,5,1,0
SECONDARY_148,OTHER:strat_122,SPG,SHORT,early_14:30-16:00,1,0,0,7,2,1
SECONDARY_148,OTHER:strat_outside_continuation,SPG,SHORT,early_14:30-16:00,1,0,0,7,2,1
SECONDARY_148,STRAT_322_CONTINUATION,SPG,SHORT,early_14:30-16:00,1,0,0,7,2,1
SECONDARY_148,STRAT_222_REVERSAL,SPG,SHORT,later,4,3,3,10,5,4
SECONDARY_148,STRAT_212_REVERSAL,SPG,SHORT,later,2,0,0,12,8,7
SECONDARY_148,STRAT_222_CONTINUATION,SPG,SHORT,later,3,2,2,11,6,5
SECONDARY_148,OTHER:strat_122,SPG,SHORT,later,1,1,0,13,7,7
SECONDARY_148,OTHER:strat_outside_continuation,SPG,SHORT,later,2,1,1,12,7,6
SECONDARY_148,OTHER:strat_22_continuation,SPG,SHORT,later,1,0,0,13,8,7
SECONDARY_148,STRAT_322_CONTINUATION,SPG,SHORT,later,1,1,1,13,7,6
SECONDARY_148,STRAT_222_REVERSAL,SPG,SHORT,opening_14:00,1,1,1,0,0,0
SECONDARY_148,STRAT_222_REVERSAL,SPOT,LONG,early_14:30-16:00,1,0,0,9,3,2
SECONDARY_148,STRAT_222_CONTINUATION,SPOT,LONG,early_14:30-16:00,2,0,0,8,3,2
SECONDARY_148,OTHER:strat_122,SPOT,LONG,early_14:30-16:00,1,1,0,9,2,2
SECONDARY_148,OTHER:strat_outside_continuation,SPOT,LONG,early_14:30-16:00,1,0,0,9,3,2
SECONDARY_148,OTHER:strat_22_continuation,SPOT,LONG,early_14:30-16:00,3,1,1,7,2,1
SECONDARY_148,STRAT_212_CONTINUATION,SPOT,LONG,early_14:30-16:00,2,1,1,8,2,1
SECONDARY_148,STRAT_222_REVERSAL,SPOT,LONG,later,4,1,0,5,2,1
SECONDARY_148,STRAT_222_CONTINUATION,SPOT,LONG,later,4,2,1,5,1,0
SECONDARY_148,STRAT_322_REVERSAL,SPOT,LONG,later,1,0,0,8,3,1
SECONDARY_148,STRAT_222_REVERSAL,SPOT,LONG,opening_14:00,1,1,1,1,1,1
SECONDARY_148,STRAT_212_CONTINUATION,SPOT,LONG,opening_14:00,1,1,1,1,1,1
SECONDARY_148,STRAT_222_REVERSAL,SPOT,SHORT,early_14:30-16:00,1,1,1,2,1,1
SECONDARY_148,OTHER:strat_outside_continuation,SPOT,SHORT,early_14:30-16:00,1,1,1,2,1,1
SECONDARY_148,STRAT_212_CONTINUATION,SPOT,SHORT,early_14:30-16:00,1,0,0,2,2,2
SECONDARY_148,STRAT_222_REVERSAL,SPOT,SHORT,later,5,3,2,14,10,4
SECONDARY_148,STRAT_212_REVERSAL,SPOT,SHORT,later,1,1,1,18,12,5
SECONDARY_148,STRAT_222_CONTINUATION,SPOT,SHORT,later,6,4,1,13,9,5
SECONDARY_148,OTHER:strat_outside_continuation,SPOT,SHORT,later,1,0,0,18,13,6
SECONDARY_148,OTHER:strat_22_continuation,SPOT,SHORT,later,3,2,0,16,11,6
SECONDARY_148,STRAT_322_CONTINUATION,SPOT,SHORT,later,1,1,1,18,12,5
SECONDARY_148,STRAT_212_CONTINUATION,SPOT,SHORT,later,2,2,1,17,11,5
SECONDARY_148,STRAT_222_CONTINUATION,SPOT,SHORT,opening_14:00,1,1,1,1,1,0
SECONDARY_148,OTHER:strat_outside_continuation,SPOT,SHORT,opening_14:00,1,1,0,1,1,1
SECONDARY_148,STRAT_212_REVERSAL,SPY,LONG,early_14:30-16:00,1,0,0,4,2,2
SECONDARY_148,STRAT_222_CONTINUATION,SPY,LONG,early_14:30-16:00,2,1,1,3,1,1
SECONDARY_148,OTHER:strat_122,SPY,LONG,early_14:30-16:00,1,0,0,4,2,2
SECONDARY_148,STRAT_322_REVERSAL,SPY,LONG,early_14:30-16:00,1,1,1,4,1,1
SECONDARY_148,STRAT_222_REVERSAL,SPY,LONG,later,2,0,0,7,0,0
SECONDARY_148,STRAT_212_REVERSAL,SPY,LONG,later,2,0,0,7,0,0
SECONDARY_148,STRAT_222_CONTINUATION,SPY,LONG,later,2,0,0,7,0,0
SECONDARY_148,OTHER:strat_122,SPY,LONG,later,1,0,0,8,0,0
SECONDARY_148,OTHER:strat_outside_continuation,SPY,LONG,later,2,0,0,7,0,0
SECONDARY_148,OTHER:strat_22_continuation,SPY,LONG,opening_14:00,1,1,1,0,0,0
SECONDARY_148,STRAT_212_REVERSAL,SPY,SHORT,early_14:30-16:00,1,0,0,2,0,0
SECONDARY_148,OTHER:strat_outside_continuation,SPY,SHORT,early_14:30-16:00,1,0,0,2,0,0
SECONDARY_148,STRAT_322_CONTINUATION,SPY,SHORT,early_14:30-16:00,1,0,0,2,0,0
SECONDARY_148,STRAT_222_REVERSAL,SPY,SHORT,later,3,0,0,14,8,2
SECONDARY_148,STRAT_212_REVERSAL,SPY,SHORT,later,1,1,1,16,7,1
SECONDARY_148,STRAT_222_CONTINUATION,SPY,SHORT,later,3,2,0,14,6,2
SECONDARY_148,OTHER:strat_122,SPY,SHORT,later,1,0,0,16,8,2
SECONDARY_148,OTHER:strat_outside_continuation,SPY,SHORT,later,1,0,0,16,8,2
SECONDARY_148,STRAT_322_REVERSAL,SPY,SHORT,later,2,1,0,15,7,2
SECONDARY_148,STRAT_312,SPY,SHORT,later,1,0,0,16,8,2
SECONDARY_148,OTHER:strat_22_continuation,SPY,SHORT,later,2,2,0,15,6,2
SECONDARY_148,OTHER:strat_inside_break,SPY,SHORT,later,1,1,1,16,7,1
SECONDARY_148,STRAT_212_CONTINUATION,SPY,SHORT,later,2,1,0,15,7,2
SECONDARY_148,STRAT_222_CONTINUATION,SPY,SHORT,opening_14:00,3,3,3,1,1,1
SECONDARY_148,OTHER:strat_outside_continuation,SPY,SHORT,opening_14:00,1,1,1,3,3,3
SECONDARY_148,STRAT_222_REVERSAL,T,LONG,early_14:30-16:00,1,1,1,6,3,2
SECONDARY_148,STRAT_222_CONTINUATION,T,LONG,early_14:30-16:00,3,2,1,4,2,2
SECONDARY_148,OTHER:strat_outside_continuation,T,LONG,early_14:30-16:00,1,0,0,6,4,3
SECONDARY_148,STRAT_322_CONTINUATION,T,LONG,early_14:30-16:00,2,1,1,5,3,2
SECONDARY_148,STRAT_222_REVERSAL,T,LONG,later,1,0,0,11,4,2
SECONDARY_148,STRAT_212_REVERSAL,T,LONG,later,1,1,0,11,3,2
SECONDARY_148,STRAT_222_CONTINUATION,T,LONG,later,2,0,0,10,4,2
SECONDARY_148,OTHER:strat_122,T,LONG,later,2,1,1,10,3,1
SECONDARY_148,STRAT_312,T,LONG,later,1,0,0,11,4,2
SECONDARY_148,OTHER:strat_22_continuation,T,LONG,later,3,0,0,9,4,2
SECONDARY_148,OTHER:strat_inside_break,T,LONG,later,1,1,1,11,3,1
SECONDARY_148,STRAT_212_CONTINUATION,T,LONG,later,1,1,0,11,3,2
SECONDARY_148,STRAT_222_REVERSAL,T,LONG,opening_14:00,1,1,1,2,2,2
SECONDARY_148,OTHER:strat_outside_continuation,T,LONG,opening_14:00,2,2,2,1,1,1
SECONDARY_148,STRAT_212_REVERSAL,T,SHORT,early_14:30-16:00,1,0,0,6,2,1
SECONDARY_148,STRAT_222_CONTINUATION,T,SHORT,early_14:30-16:00,2,0,0,5,2,1
SECONDARY_148,STRAT_322_REVERSAL,T,SHORT,early_14:30-16:00,1,0,0,6,2,1
SECONDARY_148,OTHER:strat_22_continuation,T,SHORT,early_14:30-16:00,2,1,0,5,1,1
SECONDARY_148,STRAT_212_CONTINUATION,T,SHORT,early_14:30-16:00,1,1,1,6,1,0
SECONDARY_148,STRAT_222_REVERSAL,T,SHORT,later,4,3,0,6,4,2
SECONDARY_148,STRAT_212_REVERSAL,T,SHORT,later,2,1,1,8,6,1
SECONDARY_148,STRAT_222_CONTINUATION,T,SHORT,later,2,1,1,8,6,1
SECONDARY_148,STRAT_312,T,SHORT,later,1,1,0,9,6,2
SECONDARY_148,OTHER:strat_22_continuation,T,SHORT,later,1,1,0,9,6,2
SECONDARY_148,OTHER:strat_122,T,SHORT,opening_14:00,1,1,1,0,0,0
SECONDARY_148,STRAT_222_REVERSAL,TDY,LONG,early_14:30-16:00,2,0,0,7,4,0
SECONDARY_148,STRAT_222_CONTINUATION,TDY,LONG,early_14:30-16:00,1,1,0,8,3,0
SECONDARY_148,OTHER:strat_122,TDY,LONG,early_14:30-16:00,1,0,0,8,4,0
SECONDARY_148,OTHER:strat_outside_continuation,TDY,LONG,early_14:30-16:00,2,1,0,7,3,0
SECONDARY_148,OTHER:strat_22_continuation,TDY,LONG,early_14:30-16:00,1,1,0,8,3,0
SECONDARY_148,STRAT_322_CONTINUATION,TDY,LONG,early_14:30-16:00,1,0,0,8,4,0
SECONDARY_148,STRAT_212_CONTINUATION,TDY,LONG,early_14:30-16:00,1,1,0,8,3,0
SECONDARY_148,STRAT_222_REVERSAL,TDY,LONG,later,5,1,1,5,0,0
SECONDARY_148,STRAT_212_REVERSAL,TDY,LONG,later,1,0,0,9,1,1
SECONDARY_148,STRAT_222_CONTINUATION,TDY,LONG,later,2,0,0,8,1,1
SECONDARY_148,STRAT_312,TDY,LONG,later,1,0,0,9,1,1
SECONDARY_148,STRAT_322_CONTINUATION,TDY,LONG,later,1,0,0,9,1,1
SECONDARY_148,STRAT_222_CONTINUATION,TDY,LONG,opening_14:00,1,1,1,0,0,0
SECONDARY_148,STRAT_222_REVERSAL,TDY,SHORT,early_14:30-16:00,2,1,0,5,2,2
SECONDARY_148,STRAT_222_CONTINUATION,TDY,SHORT,early_14:30-16:00,2,1,1,5,2,1
SECONDARY_148,OTHER:strat_outside_continuation,TDY,SHORT,early_14:30-16:00,1,0,0,6,3,2
SECONDARY_148,STRAT_312,TDY,SHORT,early_14:30-16:00,1,0,0,6,3,2
SECONDARY_148,STRAT_212_CONTINUATION,TDY,SHORT,early_14:30-16:00,1,1,1,6,2,1
SECONDARY_148,STRAT_222_REVERSAL,TDY,SHORT,later,6,3,1,10,7,5
SECONDARY_148,STRAT_212_REVERSAL,TDY,SHORT,later,1,1,1,15,9,5
SECONDARY_148,STRAT_222_CONTINUATION,TDY,SHORT,later,3,1,0,13,9,6
SECONDARY_148,OTHER:strat_122,TDY,SHORT,later,1,1,1,15,9,5
SECONDARY_148,STRAT_312,TDY,SHORT,later,1,1,1,15,9,5
SECONDARY_148,OTHER:strat_22_continuation,TDY,SHORT,later,2,1,0,14,9,6
SECONDARY_148,STRAT_212_CONTINUATION,TDY,SHORT,later,2,2,2,14,8,4
SECONDARY_148,OTHER:strat_22_continuation,TDY,SHORT,opening_14:00,1,1,1,0,0,0
SECONDARY_148,STRAT_222_REVERSAL,TE,LONG,early_14:30-16:00,2,0,0,3,1,1
SECONDARY_148,STRAT_212_REVERSAL,TE,LONG,early_14:30-16:00,2,1,1,3,0,0
SECONDARY_148,OTHER:strat_122,TE,LONG,early_14:30-16:00,1,0,0,4,1,1
SECONDARY_148,STRAT_222_REVERSAL,TE,LONG,later,1,0,0,7,2,1
SECONDARY_148,STRAT_212_REVERSAL,TE,LONG,later,1,0,0,7,2,1
SECONDARY_148,STRAT_222_CONTINUATION,TE,LONG,later,1,0,0,7,2,1
SECONDARY_148,OTHER:strat_outside_continuation,TE,LONG,later,3,0,0,5,2,1
SECONDARY_148,OTHER:strat_22_continuation,TE,LONG,later,1,1,0,7,1,1
SECONDARY_148,STRAT_212_CONTINUATION,TE,LONG,later,1,1,1,7,1,0
SECONDARY_148,STRAT_222_REVERSAL,TE,LONG,opening_14:00,1,1,0,1,1,0
SECONDARY_148,STRAT_322_CONTINUATION,TE,LONG,opening_14:00,1,1,0,1,1,0
SECONDARY_148,STRAT_222_REVERSAL,TE,SHORT,early_14:30-16:00,3,1,0,5,0,0
SECONDARY_148,STRAT_212_REVERSAL,TE,SHORT,early_14:30-16:00,1,0,0,7,1,0
SECONDARY_148,STRAT_222_CONTINUATION,TE,SHORT,early_14:30-16:00,3,0,0,5,1,0
SECONDARY_148,STRAT_322_CONTINUATION,TE,SHORT,early_14:30-16:00,1,0,0,7,1,0
SECONDARY_148,STRAT_222_REVERSAL,TE,SHORT,later,1,1,0,12,9,5
SECONDARY_148,STRAT_222_CONTINUATION,TE,SHORT,later,2,1,0,11,9,5
SECONDARY_148,STRAT_322_REVERSAL,TE,SHORT,later,2,1,0,11,9,5
SECONDARY_148,OTHER:strat_22_continuation,TE,SHORT,later,3,2,0,10,8,5
SECONDARY_148,OTHER:strat_inside_break,TE,SHORT,later,2,2,2,11,8,3
SECONDARY_148,STRAT_212_CONTINUATION,TE,SHORT,later,3,3,3,10,7,2
SECONDARY_148,STRAT_222_REVERSAL,TE,SHORT,opening_14:00,1,1,1,2,2,2
SECONDARY_148,OTHER:strat_outside_continuation,TE,SHORT,opening_14:00,2,2,2,1,1,1
SECONDARY_148,STRAT_212_REVERSAL,TGT,LONG,early_14:30-16:00,2,0,0,2,1,0
SECONDARY_148,OTHER:strat_22_continuation,TGT,LONG,early_14:30-16:00,1,0,0,3,1,0
SECONDARY_148,STRAT_212_CONTINUATION,TGT,LONG,early_14:30-16:00,1,1,0,3,0,0
SECONDARY_148,STRAT_222_REVERSAL,TGT,LONG,later,5,2,0,5,2,1
SECONDARY_148,STRAT_222_CONTINUATION,TGT,LONG,later,2,0,0,8,4,1
SECONDARY_148,OTHER:strat_122,TGT,LONG,later,2,2,1,8,2,0
SECONDARY_148,OTHER:strat_outside_continuation,TGT,LONG,later,1,0,0,9,4,1
SECONDARY_148,STRAT_222_REVERSAL,TGT,LONG,opening_14:00,1,1,1,1,1,1
SECONDARY_148,STRAT_222_CONTINUATION,TGT,LONG,opening_14:00,1,1,1,1,1,1
SECONDARY_148,STRAT_222_REVERSAL,TGT,SHORT,early_14:30-16:00,2,0,0,5,4,3
SECONDARY_148,STRAT_212_REVERSAL,TGT,SHORT,early_14:30-16:00,1,1,1,6,3,2
SECONDARY_148,STRAT_222_CONTINUATION,TGT,SHORT,early_14:30-16:00,1,1,0,6,3,3
SECONDARY_148,OTHER:strat_122,TGT,SHORT,early_14:30-16:00,1,0,0,6,4,3
SECONDARY_148,OTHER:strat_22_continuation,TGT,SHORT,early_14:30-16:00,1,1,1,6,3,2
SECONDARY_148,STRAT_212_CONTINUATION,TGT,SHORT,early_14:30-16:00,1,1,1,6,3,2
SECONDARY_148,STRAT_222_REVERSAL,TGT,SHORT,later,4,3,3,12,6,4
SECONDARY_148,STRAT_212_REVERSAL,TGT,SHORT,later,1,0,0,15,9,7
SECONDARY_148,STRAT_222_CONTINUATION,TGT,SHORT,later,4,3,2,12,6,5
SECONDARY_148,OTHER:strat_outside_continuation,TGT,SHORT,later,2,0,0,14,9,7
SECONDARY_148,STRAT_322_REVERSAL,TGT,SHORT,later,1,0,0,15,9,7
SECONDARY_148,OTHER:strat_22_continuation,TGT,SHORT,later,2,2,1,14,7,6
SECONDARY_148,STRAT_212_CONTINUATION,TGT,SHORT,later,2,1,1,14,8,6
SECONDARY_148,STRAT_222_CONTINUATION,TGT,SHORT,opening_14:00,1,1,0,2,2,2
SECONDARY_148,OTHER:strat_122,TGT,SHORT,opening_14:00,1,1,1,2,2,1
SECONDARY_148,STRAT_322_CONTINUATION,TGT,SHORT,opening_14:00,1,1,1,2,2,1
SECONDARY_148,STRAT_222_REVERSAL,TJX,LONG,early_14:30-16:00,3,1,1,3,1,1
SECONDARY_148,STRAT_222_CONTINUATION,TJX,LONG,early_14:30-16:00,1,1,1,5,1,1
SECONDARY_148,OTHER:strat_outside_continuation,TJX,LONG,early_14:30-16:00,1,0,0,5,2,2
SECONDARY_148,STRAT_212_CONTINUATION,TJX,LONG,early_14:30-16:00,1,0,0,5,2,2
SECONDARY_148,STRAT_222_REVERSAL,TJX,LONG,later,4,1,0,6,0,0
SECONDARY_148,STRAT_212_REVERSAL,TJX,LONG,later,1,0,0,9,1,0
SECONDARY_148,STRAT_222_CONTINUATION,TJX,LONG,later,1,0,0,9,1,0
SECONDARY_148,OTHER:strat_122,TJX,LONG,later,1,0,0,9,1,0
SECONDARY_148,OTHER:strat_outside_continuation,TJX,LONG,later,2,0,0,8,1,0
SECONDARY_148,STRAT_322_REVERSAL,TJX,LONG,later,1,0,0,9,1,0
SECONDARY_148,STRAT_222_REVERSAL,TJX,LONG,opening_14:00,1,1,1,0,0,0
SECONDARY_148,STRAT_222_REVERSAL,TJX,SHORT,early_14:30-16:00,1,1,0,10,3,0
SECONDARY_148,STRAT_212_REVERSAL,TJX,SHORT,early_14:30-16:00,1,0,0,10,4,0
SECONDARY_148,STRAT_222_CONTINUATION,TJX,SHORT,early_14:30-16:00,2,2,0,9,2,0
SECONDARY_148,OTHER:strat_122,TJX,SHORT,early_14:30-16:00,1,0,0,10,4,0
SECONDARY_148,OTHER:strat_outside_continuation,TJX,SHORT,early_14:30-16:00,3,0,0,8,4,0
SECONDARY_148,STRAT_322_CONTINUATION,TJX,SHORT,early_14:30-16:00,3,1,0,8,3,0
SECONDARY_148,STRAT_222_REVERSAL,TJX,SHORT,later,2,2,0,11,3,1
SECONDARY_148,STRAT_212_REVERSAL,TJX,SHORT,later,3,1,1,10,4,0
SECONDARY_148,OTHER:strat_122,TJX,SHORT,later,1,0,0,12,5,1
SECONDARY_148,OTHER:strat_outside_continuation,TJX,SHORT,later,3,1,0,10,4,1
SECONDARY_148,OTHER:strat_22_continuation,TJX,SHORT,later,1,1,0,12,4,1
SECONDARY_148,STRAT_322_CONTINUATION,TJX,SHORT,later,1,0,0,12,5,1
SECONDARY_148,STRAT_212_CONTINUATION,TJX,SHORT,later,2,0,0,11,5,1
SECONDARY_148,OTHER:strat_outside_continuation,TJX,SHORT,opening_14:00,1,1,1,0,0,0
SECONDARY_148,STRAT_222_REVERSAL,TLT,LONG,early_14:30-16:00,3,3,2,2,1,1
SECONDARY_148,STRAT_222_CONTINUATION,TLT,LONG,early_14:30-16:00,2,1,1,3,3,2
SECONDARY_148,STRAT_222_REVERSAL,TLT,LONG,later,1,0,0,9,5,2
SECONDARY_148,STRAT_212_REVERSAL,TLT,LONG,later,2,1,0,8,4,2
SECONDARY_148,STRAT_222_CONTINUATION,TLT,LONG,later,1,0,0,9,5,2
SECONDARY_148,OTHER:strat_122,TLT,LONG,later,1,0,0,9,5,2
SECONDARY_148,OTHER:strat_outside_continuation,TLT,LONG,later,1,1,1,9,4,1
SECONDARY_148,OTHER:strat_22_continuation,TLT,LONG,later,2,1,0,8,4,2
SECONDARY_148,OTHER:strat_inside_break,TLT,LONG,later,1,1,1,9,4,1
SECONDARY_148,STRAT_322_CONTINUATION,TLT,LONG,later,1,1,0,9,4,2
SECONDARY_148,STRAT_222_CONTINUATION,TLT,LONG,opening_14:00,1,0,0,1,1,1
SECONDARY_148,OTHER:strat_outside_continuation,TLT,LONG,opening_14:00,1,1,1,1,0,0
SECONDARY_148,STRAT_222_REVERSAL,TLT,SHORT,early_14:30-16:00,1,1,1,5,3,1
SECONDARY_148,STRAT_212_REVERSAL,TLT,SHORT,early_14:30-16:00,1,0,0,5,4,2
SECONDARY_148,STRAT_222_CONTINUATION,TLT,SHORT,early_14:30-16:00,3,2,0,3,2,2
SECONDARY_148,STRAT_322_REVERSAL,TLT,SHORT,early_14:30-16:00,1,1,1,5,3,1
SECONDARY_148,STRAT_222_REVERSAL,TLT,SHORT,later,4,3,0,9,5,2
SECONDARY_148,STRAT_212_REVERSAL,TLT,SHORT,later,1,0,0,12,8,2
SECONDARY_148,STRAT_222_CONTINUATION,TLT,SHORT,later,3,3,2,10,5,0
SECONDARY_148,OTHER:strat_122,TLT,SHORT,later,1,1,0,12,7,2
SECONDARY_148,OTHER:strat_outside_continuation,TLT,SHORT,later,2,1,0,11,7,2
SECONDARY_148,STRAT_212_CONTINUATION,TLT,SHORT,later,2,0,0,11,8,2
SECONDARY_148,STRAT_222_REVERSAL,TLT,SHORT,opening_14:00,1,1,1,2,2,2
SECONDARY_148,STRAT_222_CONTINUATION,TLT,SHORT,opening_14:00,1,1,1,2,2,2
SECONDARY_148,STRAT_322_CONTINUATION,TLT,SHORT,opening_14:00,1,1,1,2,2,2
SECONDARY_148,STRAT_222_REVERSAL,TMO,LONG,early_14:30-16:00,1,0,0,10,7,2
SECONDARY_148,STRAT_222_CONTINUATION,TMO,LONG,early_14:30-16:00,3,2,0,8,5,2
SECONDARY_148,OTHER:strat_122,TMO,LONG,early_14:30-16:00,3,3,1,8,4,1
SECONDARY_148,STRAT_322_REVERSAL,TMO,LONG,early_14:30-16:00,1,0,0,10,7,2
SECONDARY_148,OTHER:strat_22_continuation,TMO,LONG,early_14:30-16:00,1,1,0,10,6,2
SECONDARY_148,STRAT_212_CONTINUATION,TMO,LONG,early_14:30-16:00,2,1,1,9,6,1
SECONDARY_148,STRAT_222_REVERSAL,TMO,LONG,later,3,2,0,13,7,2
SECONDARY_148,STRAT_212_REVERSAL,TMO,LONG,later,2,2,1,14,7,1
SECONDARY_148,STRAT_222_CONTINUATION,TMO,LONG,later,5,2,0,11,7,2
SECONDARY_148,STRAT_322_REVERSAL,TMO,LONG,later,2,1,0,14,8,2
SECONDARY_148,OTHER:strat_22_continuation,TMO,LONG,later,3,1,1,13,8,1
SECONDARY_148,STRAT_212_CONTINUATION,TMO,LONG,later,1,1,0,15,8,2
SECONDARY_148,STRAT_222_CONTINUATION,TMO,LONG,opening_14:00,2,2,2,0,0,0
SECONDARY_148,STRAT_212_REVERSAL,TMO,SHORT,early_14:30-16:00,2,0,0,2,0,0
SECONDARY_148,OTHER:strat_outside_continuation,TMO,SHORT,early_14:30-16:00,1,0,0,3,0,0
SECONDARY_148,STRAT_212_CONTINUATION,TMO,SHORT,early_14:30-16:00,1,0,0,3,0,0
SECONDARY_148,STRAT_222_REVERSAL,TMO,SHORT,later,4,1,0,7,2,0
SECONDARY_148,STRAT_212_REVERSAL,TMO,SHORT,later,1,0,0,10,3,0
SECONDARY_148,STRAT_222_CONTINUATION,TMO,SHORT,later,1,0,0,10,3,0
SECONDARY_148,OTHER:strat_122,TMO,SHORT,later,1,1,0,10,2,0
SECONDARY_148,OTHER:strat_outside_continuation,TMO,SHORT,later,3,1,0,8,2,0
SECONDARY_148,OTHER:strat_22_continuation,TMO,SHORT,later,1,0,0,10,3,0
SECONDARY_148,STRAT_222_REVERSAL,TMO,SHORT,opening_14:00,1,1,1,1,1,0
SECONDARY_148,OTHER:strat_outside_continuation,TMO,SHORT,opening_14:00,1,1,0,1,1,1
SECONDARY_148,STRAT_222_CONTINUATION,TMUS,LONG,early_14:30-16:00,1,0,0,0,0,0
SECONDARY_148,STRAT_222_REVERSAL,TMUS,LONG,later,1,0,0,13,10,2
SECONDARY_148,STRAT_212_REVERSAL,TMUS,LONG,later,3,2,1,11,8,1
SECONDARY_148,STRAT_222_CONTINUATION,TMUS,LONG,later,3,3,0,11,7,2
SECONDARY_148,OTHER:strat_122,TMUS,LONG,later,2,2,0,12,8,2
SECONDARY_148,OTHER:strat_outside_continuation,TMUS,LONG,later,2,1,0,12,9,2
SECONDARY_148,OTHER:strat_22_continuation,TMUS,LONG,later,2,1,1,12,9,1
SECONDARY_148,STRAT_212_CONTINUATION,TMUS,LONG,later,1,1,0,13,9,2
SECONDARY_148,OTHER:strat_122,TMUS,LONG,opening_14:00,1,1,0,2,2,1
SECONDARY_148,OTHER:strat_outside_continuation,TMUS,LONG,opening_14:00,1,1,0,2,2,1
SECONDARY_148,STRAT_322_CONTINUATION,TMUS,LONG,opening_14:00,1,1,1,2,2,0
SECONDARY_148,STRAT_222_REVERSAL,TMUS,SHORT,early_14:30-16:00,1,0,0,12,6,4
SECONDARY_148,STRAT_212_REVERSAL,TMUS,SHORT,early_14:30-16:00,1,1,1,12,5,3
SECONDARY_148,STRAT_222_CONTINUATION,TMUS,SHORT,early_14:30-16:00,4,2,1,9,4,3
SECONDARY_148,STRAT_322_REVERSAL,TMUS,SHORT,early_14:30-16:00,1,0,0,12,6,4
SECONDARY_148,STRAT_312,TMUS,SHORT,early_14:30-16:00,1,1,0,12,5,4
SECONDARY_148,OTHER:strat_22_continuation,TMUS,SHORT,early_14:30-16:00,3,1,1,10,5,3
SECONDARY_148,STRAT_212_CONTINUATION,TMUS,SHORT,early_14:30-16:00,2,1,1,11,5,3
SECONDARY_148,STRAT_212_REVERSAL,TMUS,SHORT,later,1,1,0,7,5,2
SECONDARY_148,STRAT_222_CONTINUATION,TMUS,SHORT,later,1,1,0,7,5,2
SECONDARY_148,OTHER:strat_122,TMUS,SHORT,later,1,1,1,7,5,1
SECONDARY_148,OTHER:strat_outside_continuation,TMUS,SHORT,later,1,1,0,7,5,2
SECONDARY_148,STRAT_322_REVERSAL,TMUS,SHORT,later,1,1,0,7,5,2
SECONDARY_148,STRAT_312,TMUS,SHORT,later,1,0,0,7,6,2
SECONDARY_148,STRAT_322_CONTINUATION,TMUS,SHORT,later,1,1,1,7,5,1
SECONDARY_148,STRAT_212_CONTINUATION,TMUS,SHORT,later,1,0,0,7,6,2
SECONDARY_148,STRAT_322_REVERSAL,TMUS,SHORT,opening_14:00,1,1,1,0,0,0
SECONDARY_148,STRAT_222_REVERSAL,TSLA,LONG,early_14:30-16:00,1,0,0,6,2,1
SECONDARY_148,STRAT_212_REVERSAL,TSLA,LONG,early_14:30-16:00,1,1,1,6,1,0
SECONDARY_148,STRAT_222_CONTINUATION,TSLA,LONG,early_14:30-16:00,1,0,0,6,2,1
SECONDARY_148,OTHER:strat_122,TSLA,LONG,early_14:30-16:00,1,0,0,6,2,1
SECONDARY_148,OTHER:strat_22_continuation,TSLA,LONG,early_14:30-16:00,1,1,0,6,1,1
SECONDARY_148,OTHER:strat_inside_break,TSLA,LONG,early_14:30-16:00,1,0,0,6,2,1
SECONDARY_148,STRAT_212_CONTINUATION,TSLA,LONG,early_14:30-16:00,1,0,0,6,2,1
SECONDARY_148,STRAT_222_REVERSAL,TSLA,LONG,later,1,0,0,6,0,0
SECONDARY_148,STRAT_222_CONTINUATION,TSLA,LONG,later,2,0,0,5,0,0
SECONDARY_148,OTHER:strat_outside_continuation,TSLA,LONG,later,1,0,0,6,0,0
SECONDARY_148,STRAT_322_REVERSAL,TSLA,LONG,later,1,0,0,6,0,0
SECONDARY_148,STRAT_312,TSLA,LONG,later,1,0,0,6,0,0
SECONDARY_148,OTHER:strat_22_continuation,TSLA,LONG,later,1,0,0,6,0,0
SECONDARY_148,STRAT_222_CONTINUATION,TSLA,LONG,opening_14:00,1,1,1,0,0,0
SECONDARY_148,STRAT_212_REVERSAL,TSLA,SHORT,early_14:30-16:00,1,1,0,4,2,0
SECONDARY_148,OTHER:strat_122,TSLA,SHORT,early_14:30-16:00,2,1,0,3,2,0
SECONDARY_148,OTHER:strat_outside_continuation,TSLA,SHORT,early_14:30-16:00,1,0,0,4,3,0
SECONDARY_148,STRAT_312,TSLA,SHORT,early_14:30-16:00,1,1,0,4,2,0
SECONDARY_148,STRAT_222_REVERSAL,TSLA,SHORT,later,3,2,2,15,11,4
SECONDARY_148,STRAT_212_REVERSAL,TSLA,SHORT,later,2,2,1,16,11,5
SECONDARY_148,STRAT_222_CONTINUATION,TSLA,SHORT,later,5,2,1,13,11,5
SECONDARY_148,OTHER:strat_outside_continuation,TSLA,SHORT,later,1,1,0,17,12,6
SECONDARY_148,OTHER:strat_22_continuation,TSLA,SHORT,later,3,3,1,15,10,5
SECONDARY_148,STRAT_212_CONTINUATION,TSLA,SHORT,later,4,3,1,14,10,5
SECONDARY_148,OTHER:strat_22_continuation,TSLA,SHORT,opening_14:00,1,1,1,0,0,0
SECONDARY_148,STRAT_222_REVERSAL,TXN,LONG,early_14:30-16:00,2,1,1,7,1,0
SECONDARY_148,STRAT_222_CONTINUATION,TXN,LONG,early_14:30-16:00,4,1,0,5,1,1
SECONDARY_148,OTHER:strat_outside_continuation,TXN,LONG,early_14:30-16:00,2,0,0,7,2,1
SECONDARY_148,STRAT_322_REVERSAL,TXN,LONG,early_14:30-16:00,1,0,0,8,2,1
SECONDARY_148,STRAT_222_REVERSAL,TXN,LONG,later,1,1,0,8,3,0
SECONDARY_148,STRAT_212_REVERSAL,TXN,LONG,later,1,1,0,8,3,0
SECONDARY_148,STRAT_222_CONTINUATION,TXN,LONG,later,2,1,0,7,3,0
SECONDARY_148,OTHER:strat_122,TXN,LONG,later,2,1,0,7,3,0
SECONDARY_148,OTHER:strat_outside_continuation,TXN,LONG,later,1,0,0,8,4,0
SECONDARY_148,STRAT_322_REVERSAL,TXN,LONG,later,1,0,0,8,4,0
SECONDARY_148,STRAT_322_CONTINUATION,TXN,LONG,later,1,0,0,8,4,0
SECONDARY_148,STRAT_222_REVERSAL,TXN,LONG,opening_14:00,1,0,0,1,1,1
SECONDARY_148,STRAT_322_CONTINUATION,TXN,LONG,opening_14:00,1,1,1,1,0,0
SECONDARY_148,STRAT_222_REVERSAL,TXN,SHORT,early_14:30-16:00,2,0,0,2,1,0
SECONDARY_148,STRAT_322_REVERSAL,TXN,SHORT,early_14:30-16:00,1,0,0,3,1,0
SECONDARY_148,STRAT_212_CONTINUATION,TXN,SHORT,early_14:30-16:00,1,1,0,3,0,0
SECONDARY_148,STRAT_222_REVERSAL,TXN,SHORT,later,3,3,1,14,5,3
SECONDARY_148,STRAT_212_REVERSAL,TXN,SHORT,later,3,0,0,14,8,4
SECONDARY_148,STRAT_222_CONTINUATION,TXN,SHORT,later,4,2,1,13,6,3
SECONDARY_148,OTHER:strat_outside_continuation,TXN,SHORT,later,2,1,1,15,7,3
SECONDARY_148,OTHER:strat_22_continuation,TXN,SHORT,later,3,0,0,14,8,4
SECONDARY_148,STRAT_322_CONTINUATION,TXN,SHORT,later,1,1,0,16,7,4
SECONDARY_148,STRAT_212_CONTINUATION,TXN,SHORT,later,1,1,1,16,7,3
SECONDARY_148,STRAT_222_CONTINUATION,TXN,SHORT,opening_14:00,1,1,1,1,1,1
SECONDARY_148,OTHER:strat_outside_continuation,TXN,SHORT,opening_14:00,1,1,1,1,1,1
SECONDARY_148,STRAT_212_REVERSAL,UBER,LONG,early_14:30-16:00,1,1,0,5,3,1
SECONDARY_148,OTHER:strat_outside_continuation,UBER,LONG,early_14:30-16:00,1,1,0,5,3,1
SECONDARY_148,STRAT_322_REVERSAL,UBER,LONG,early_14:30-16:00,1,1,0,5,3,1
SECONDARY_148,OTHER:strat_inside_break,UBER,LONG,early_14:30-16:00,2,1,1,4,3,0
SECONDARY_148,STRAT_322_CONTINUATION,UBER,LONG,early_14:30-16:00,1,0,0,5,4,1
SECONDARY_148,STRAT_222_REVERSAL,UBER,LONG,later,2,0,0,15,6,0
SECONDARY_148,STRAT_212_REVERSAL,UBER,LONG,later,3,1,0,14,5,0
SECONDARY_148,STRAT_222_CONTINUATION,UBER,LONG,later,5,2,0,12,4,0
SECONDARY_148,STRAT_322_REVERSAL,UBER,LONG,later,1,0,0,16,6,0
SECONDARY_148,OTHER:strat_22_continuation,UBER,LONG,later,4,2,0,13,4,0
SECONDARY_148,STRAT_212_CONTINUATION,UBER,LONG,later,2,1,0,15,5,0
SECONDARY_148,STRAT_222_CONTINUATION,UBER,SHORT,early_14:30-16:00,2,0,0,5,2,2
SECONDARY_148,OTHER:strat_outside_continuation,UBER,SHORT,early_14:30-16:00,2,0,0,5,2,2
SECONDARY_148,OTHER:strat_22_continuation,UBER,SHORT,early_14:30-16:00,1,1,1,6,1,1
SECONDARY_148,STRAT_322_CONTINUATION,UBER,SHORT,early_14:30-16:00,1,0,0,6,2,2
SECONDARY_148,STRAT_212_CONTINUATION,UBER,SHORT,early_14:30-16:00,1,1,1,6,1,1
SECONDARY_148,STRAT_222_REVERSAL,UBER,SHORT,later,2,0,0,8,5,0
SECONDARY_148,STRAT_212_REVERSAL,UBER,SHORT,later,2,2,0,8,3,0
SECONDARY_148,STRAT_222_CONTINUATION,UBER,SHORT,later,1,0,0,9,5,0
SECONDARY_148,OTHER:strat_122,UBER,SHORT,later,2,1,0,8,4,0
SECONDARY_148,OTHER:strat_outside_continuation,UBER,SHORT,later,1,1,0,9,4,0
SECONDARY_148,OTHER:strat_22_continuation,UBER,SHORT,later,2,1,0,8,4,0
SECONDARY_148,STRAT_222_REVERSAL,UBER,SHORT,opening_14:00,1,1,1,2,2,2
SECONDARY_148,OTHER:strat_122,UBER,SHORT,opening_14:00,1,1,1,2,2,2
SECONDARY_148,OTHER:strat_outside_continuation,UBER,SHORT,opening_14:00,1,1,1,2,2,2
SECONDARY_148,STRAT_212_REVERSAL,UNH,LONG,early_14:30-16:00,1,0,0,4,2,0
SECONDARY_148,STRAT_312,UNH,LONG,early_14:30-16:00,1,0,0,4,2,0
SECONDARY_148,OTHER:strat_22_continuation,UNH,LONG,early_14:30-16:00,1,0,0,4,2,0
SECONDARY_148,STRAT_212_CONTINUATION,UNH,LONG,early_14:30-16:00,2,2,0,3,0,0
SECONDARY_148,STRAT_222_REVERSAL,UNH,LONG,later,6,4,0,7,3,2
SECONDARY_148,STRAT_212_REVERSAL,UNH,LONG,later,1,0,0,12,7,2
SECONDARY_148,STRAT_222_CONTINUATION,UNH,LONG,later,3,2,1,10,5,1
SECONDARY_148,OTHER:strat_outside_continuation,UNH,LONG,later,1,0,0,12,7,2
SECONDARY_148,OTHER:strat_22_continuation,UNH,LONG,later,2,1,1,11,6,1
SECONDARY_148,STRAT_222_CONTINUATION,UNH,LONG,opening_14:00,1,1,1,1,1,1
SECONDARY_148,STRAT_212_CONTINUATION,UNH,LONG,opening_14:00,1,1,1,1,1,1
SECONDARY_148,STRAT_222_CONTINUATION,UNH,SHORT,early_14:30-16:00,2,0,0,5,3,0
SECONDARY_148,OTHER:strat_122,UNH,SHORT,early_14:30-16:00,1,1,0,6,2,0
SECONDARY_148,OTHER:strat_outside_continuation,UNH,SHORT,early_14:30-16:00,1,0,0,6,3,0
SECONDARY_148,STRAT_322_CONTINUATION,UNH,SHORT,early_14:30-16:00,1,0,0,6,3,0
SECONDARY_148,STRAT_212_CONTINUATION,UNH,SHORT,early_14:30-16:00,2,2,0,5,1,0
SECONDARY_148,STRAT_222_REVERSAL,UNH,SHORT,later,3,0,0,15,6,2
SECONDARY_148,STRAT_212_REVERSAL,UNH,SHORT,later,2,1,0,16,5,2
SECONDARY_148,STRAT_222_CONTINUATION,UNH,SHORT,later,4,0,0,14,6,2
SECONDARY_148,OTHER:strat_122,UNH,SHORT,later,1,0,0,17,6,2
SECONDARY_148,OTHER:strat_outside_continuation,UNH,SHORT,later,2,1,1,16,5,1
SECONDARY_148,STRAT_322_REVERSAL,UNH,SHORT,later,1,0,0,17,6,2
SECONDARY_148,OTHER:strat_22_continuation,UNH,SHORT,later,3,2,0,15,4,2
SECONDARY_148,STRAT_212_CONTINUATION,UNH,SHORT,later,2,2,1,16,4,1
SECONDARY_148,OTHER:strat_22_continuation,UNH,SHORT,opening_14:00,1,1,1,0,0,0
SECONDARY_148,STRAT_222_REVERSAL,UNP,LONG,early_14:30-16:00,3,1,1,4,0,0
SECONDARY_148,STRAT_222_CONTINUATION,UNP,LONG,early_14:30-16:00,1,0,0,6,1,1
SECONDARY_148,OTHER:strat_outside_continuation,UNP,LONG,early_14:30-16:00,1,0,0,6,1,1
SECONDARY_148,STRAT_322_REVERSAL,UNP,LONG,early_14:30-16:00,1,0,0,6,1,1
SECONDARY_148,STRAT_312,UNP,LONG,early_14:30-16:00,1,0,0,6,1,1
SECONDARY_148,STRAT_222_REVERSAL,UNP,LONG,later,3,2,1,15,5,0
SECONDARY_148,STRAT_212_REVERSAL,UNP,LONG,later,3,1,0,15,6,1
SECONDARY_148,STRAT_222_CONTINUATION,UNP,LONG,later,5,2,0,13,5,1
SECONDARY_148,OTHER:strat_outside_continuation,UNP,LONG,later,1,0,0,17,7,1
SECONDARY_148,STRAT_322_REVERSAL,UNP,LONG,later,1,1,0,17,6,1
SECONDARY_148,STRAT_312,UNP,LONG,later,1,0,0,17,7,1
SECONDARY_148,OTHER:strat_22_continuation,UNP,LONG,later,3,0,0,15,7,1
SECONDARY_148,STRAT_212_CONTINUATION,UNP,LONG,later,1,1,0,17,6,1
SECONDARY_148,STRAT_222_CONTINUATION,UNP,LONG,opening_14:00,1,1,1,0,0,0
SECONDARY_148,STRAT_222_REVERSAL,UNP,SHORT,early_14:30-16:00,3,0,0,5,1,1
SECONDARY_148,STRAT_222_CONTINUATION,UNP,SHORT,early_14:30-16:00,2,0,0,6,1,1
SECONDARY_148,OTHER:strat_122,UNP,SHORT,early_14:30-16:00,1,0,0,7,1,1
SECONDARY_148,OTHER:strat_outside_continuation,UNP,SHORT,early_14:30-16:00,1,0,0,7,1,1
SECONDARY_148,STRAT_322_REVERSAL,UNP,SHORT,early_14:30-16:00,1,1,1,7,0,0
SECONDARY_148,STRAT_222_REVERSAL,UNP,SHORT,later,3,1,1,8,2,2
SECONDARY_148,STRAT_222_CONTINUATION,UNP,SHORT,later,4,1,1,7,2,2
SECONDARY_148,OTHER:strat_122,UNP,SHORT,later,2,1,1,9,2,2
SECONDARY_148,OTHER:strat_outside_continuation,UNP,SHORT,later,2,0,0,9,3,3
SECONDARY_148,STRAT_222_CONTINUATION,UNP,SHORT,opening_14:00,1,1,1,0,0,0
SECONDARY_148,OTHER:strat_122,UPS,LONG,early_14:30-16:00,2,2,2,3,3,1
SECONDARY_148,OTHER:strat_outside_continuation,UPS,LONG,early_14:30-16:00,1,1,0,4,4,3
SECONDARY_148,OTHER:strat_22_continuation,UPS,LONG,early_14:30-16:00,1,1,0,4,4,3
SECONDARY_148,STRAT_212_CONTINUATION,UPS,LONG,early_14:30-16:00,1,1,1,4,4,2
SECONDARY_148,STRAT_222_REVERSAL,UPS,LONG,later,5,2,0,12,4,3
SECONDARY_148,STRAT_222_CONTINUATION,UPS,LONG,later,5,1,0,12,5,3
SECONDARY_148,OTHER:strat_122,UPS,LONG,later,1,1,1,16,5,2
SECONDARY_148,OTHER:strat_outside_continuation,UPS,LONG,later,2,0,0,15,6,3
SECONDARY_148,OTHER:strat_22_continuation,UPS,LONG,later,2,1,1,15,5,2
SECONDARY_148,STRAT_212_CONTINUATION,UPS,LONG,later,2,1,1,15,5,2
SECONDARY_148,STRAT_222_CONTINUATION,UPS,LONG,opening_14:00,1,1,1,0,0,0
SECONDARY_148,STRAT_222_REVERSAL,UPS,SHORT,early_14:30-16:00,1,0,0,7,0,0
SECONDARY_148,STRAT_212_REVERSAL,UPS,SHORT,early_14:30-16:00,1,0,0,7,0,0
SECONDARY_148,OTHER:strat_outside_continuation,UPS,SHORT,early_14:30-16:00,3,0,0,5,0,0
SECONDARY_148,OTHER:strat_22_continuation,UPS,SHORT,early_14:30-16:00,1,0,0,7,0,0
SECONDARY_148,STRAT_212_CONTINUATION,UPS,SHORT,early_14:30-16:00,2,0,0,6,0,0
SECONDARY_148,STRAT_222_REVERSAL,UPS,SHORT,later,3,2,1,9,5,1
SECONDARY_148,STRAT_212_REVERSAL,UPS,SHORT,later,1,1,1,11,6,1
SECONDARY_148,STRAT_222_CONTINUATION,UPS,SHORT,later,3,1,0,9,6,2
SECONDARY_148,OTHER:strat_outside_continuation,UPS,SHORT,later,1,1,0,11,6,2
SECONDARY_148,STRAT_322_REVERSAL,UPS,SHORT,later,1,0,0,11,7,2
SECONDARY_148,STRAT_312,UPS,SHORT,later,1,0,0,11,7,2
SECONDARY_148,OTHER:strat_22_continuation,UPS,SHORT,later,1,1,0,11,6,2
SECONDARY_148,STRAT_322_CONTINUATION,UPS,SHORT,later,1,1,0,11,6,2
SECONDARY_148,OTHER:strat_outside_continuation,UPS,SHORT,opening_14:00,1,1,1,0,0,0
SECONDARY_148,STRAT_222_REVERSAL,V,LONG,early_14:30-16:00,2,1,1,4,2,0
SECONDARY_148,STRAT_222_CONTINUATION,V,LONG,early_14:30-16:00,2,1,0,4,2,1
SECONDARY_148,OTHER:strat_inside_break,V,LONG,early_14:30-16:00,1,1,0,5,2,1
SECONDARY_148,STRAT_212_CONTINUATION,V,LONG,early_14:30-16:00,1,0,0,5,3,1
SECONDARY_148,STRAT_222_REVERSAL,V,LONG,later,1,1,0,14,9,2
SECONDARY_148,STRAT_212_REVERSAL,V,LONG,later,2,1,1,13,9,1
SECONDARY_148,STRAT_222_CONTINUATION,V,LONG,later,4,3,1,11,7,1
SECONDARY_148,OTHER:strat_122,V,LONG,later,1,1,0,14,9,2
SECONDARY_148,OTHER:strat_outside_continuation,V,LONG,later,2,1,0,13,9,2
SECONDARY_148,STRAT_322_REVERSAL,V,LONG,later,1,0,0,14,10,2
SECONDARY_148,OTHER:strat_22_continuation,V,LONG,later,2,1,0,13,9,2
SECONDARY_148,STRAT_322_CONTINUATION,V,LONG,later,1,1,0,14,9,2
SECONDARY_148,STRAT_212_CONTINUATION,V,LONG,later,1,1,0,14,9,2
SECONDARY_148,STRAT_222_REVERSAL,V,LONG,opening_14:00,1,1,1,1,1,1
SECONDARY_148,STRAT_322_CONTINUATION,V,LONG,opening_14:00,1,1,1,1,1,1
SECONDARY_148,STRAT_222_REVERSAL,V,SHORT,early_14:30-16:00,1,0,0,5,0,0
SECONDARY_148,STRAT_222_CONTINUATION,V,SHORT,early_14:30-16:00,1,0,0,5,0,0
SECONDARY_148,OTHER:strat_outside_continuation,V,SHORT,early_14:30-16:00,1,0,0,5,0,0
SECONDARY_148,OTHER:strat_inside_break,V,SHORT,early_14:30-16:00,1,0,0,5,0,0
SECONDARY_148,STRAT_322_CONTINUATION,V,SHORT,early_14:30-16:00,2,0,0,4,0,0
SECONDARY_148,STRAT_222_REVERSAL,V,SHORT,later,4,4,1,6,3,2
SECONDARY_148,STRAT_212_REVERSAL,V,SHORT,later,1,0,0,9,7,3
SECONDARY_148,STRAT_222_CONTINUATION,V,SHORT,later,3,2,1,7,5,2
SECONDARY_148,OTHER:strat_outside_continuation,V,SHORT,later,1,0,0,9,7,3
SECONDARY_148,STRAT_212_CONTINUATION,V,SHORT,later,1,1,1,9,6,2
SECONDARY_148,OTHER:strat_122,V,SHORT,opening_14:00,1,1,1,1,1,0
SECONDARY_148,OTHER:strat_outside_continuation,V,SHORT,opening_14:00,1,1,0,1,1,1
SECONDARY_148,OTHER:strat_122,VZ,LONG,early_14:30-16:00,1,0,0,3,0,0
SECONDARY_148,OTHER:strat_outside_continuation,VZ,LONG,early_14:30-16:00,1,0,0,3,0,0
SECONDARY_148,STRAT_322_CONTINUATION,VZ,LONG,early_14:30-16:00,2,0,0,2,0,0
SECONDARY_148,STRAT_222_REVERSAL,VZ,LONG,later,2,1,1,11,3,1
SECONDARY_148,STRAT_222_CONTINUATION,VZ,LONG,later,1,1,0,12,3,2
SECONDARY_148,OTHER:strat_122,VZ,LONG,later,1,1,0,12,3,2
SECONDARY_148,OTHER:strat_outside_continuation,VZ,LONG,later,4,0,0,9,4,2
SECONDARY_148,STRAT_312,VZ,LONG,later,1,0,0,12,4,2
SECONDARY_148,OTHER:strat_22_continuation,VZ,LONG,later,1,0,0,12,4,2
SECONDARY_148,OTHER:strat_inside_break,VZ,LONG,later,1,1,1,12,3,1
SECONDARY_148,STRAT_322_CONTINUATION,VZ,LONG,later,2,0,0,11,4,2
SECONDARY_148,STRAT_222_CONTINUATION,VZ,LONG,opening_14:00,1,1,1,2,2,2
SECONDARY_148,OTHER:strat_outside_continuation,VZ,LONG,opening_14:00,1,1,1,2,2,2
SECONDARY_148,STRAT_322_CONTINUATION,VZ,LONG,opening_14:00,1,1,1,2,2,2
SECONDARY_148,STRAT_212_REVERSAL,VZ,SHORT,early_14:30-16:00,4,1,1,2,1,0
SECONDARY_148,STRAT_222_CONTINUATION,VZ,SHORT,early_14:30-16:00,1,1,0,5,1,1
SECONDARY_148,OTHER:strat_22_continuation,VZ,SHORT,early_14:30-16:00,1,0,0,5,2,1
SECONDARY_148,STRAT_222_REVERSAL,VZ,SHORT,later,4,3,0,10,3,0
SECONDARY_148,STRAT_212_REVERSAL,VZ,SHORT,later,1,0,0,13,6,0
SECONDARY_148,STRAT_222_CONTINUATION,VZ,SHORT,later,4,1,0,10,5,0
SECONDARY_148,OTHER:strat_122,VZ,SHORT,later,1,0,0,13,6,0
SECONDARY_148,OTHER:strat_outside_continuation,VZ,SHORT,later,1,1,0,13,5,0
SECONDARY_148,STRAT_322_CONTINUATION,VZ,SHORT,later,1,1,0,13,5,0
SECONDARY_148,STRAT_212_CONTINUATION,VZ,SHORT,later,2,0,0,12,6,0
SECONDARY_148,STRAT_222_REVERSAL,VZ,SHORT,opening_14:00,1,1,1,0,0,0
SECONDARY_148,STRAT_222_REVERSAL,WFC,LONG,early_14:30-16:00,1,1,0,4,0,0
SECONDARY_148,STRAT_212_REVERSAL,WFC,LONG,early_14:30-16:00,1,0,0,4,1,0
SECONDARY_148,STRAT_222_CONTINUATION,WFC,LONG,early_14:30-16:00,1,0,0,4,1,0
SECONDARY_148,OTHER:strat_outside_continuation,WFC,LONG,early_14:30-16:00,1,0,0,4,1,0
SECONDARY_148,STRAT_322_CONTINUATION,WFC,LONG,early_14:30-16:00,1,0,0,4,1,0
SECONDARY_148,STRAT_222_REVERSAL,WFC,LONG,later,3,1,1,11,8,4
SECONDARY_148,STRAT_212_REVERSAL,WFC,LONG,later,2,2,1,12,7,4
SECONDARY_148,STRAT_222_CONTINUATION,WFC,LONG,later,5,2,1,9,7,4
SECONDARY_148,OTHER:strat_122,WFC,LONG,later,1,1,1,13,8,4
SECONDARY_148,OTHER:strat_outside_continuation,WFC,LONG,later,1,1,0,13,8,5
SECONDARY_148,OTHER:strat_22_continuation,WFC,LONG,later,1,1,0,13,8,5
SECONDARY_148,STRAT_322_CONTINUATION,WFC,LONG,later,1,1,1,13,8,4
SECONDARY_148,STRAT_222_CONTINUATION,WFC,LONG,opening_14:00,1,1,1,1,1,1
SECONDARY_148,OTHER:strat_outside_continuation,WFC,LONG,opening_14:00,1,1,1,1,1,1
SECONDARY_148,STRAT_222_REVERSAL,WFC,SHORT,early_14:30-16:00,2,0,0,6,3,1
SECONDARY_148,STRAT_212_REVERSAL,WFC,SHORT,early_14:30-16:00,1,1,1,7,2,0
SECONDARY_148,STRAT_222_CONTINUATION,WFC,SHORT,early_14:30-16:00,2,1,0,6,2,1
SECONDARY_148,OTHER:strat_outside_continuation,WFC,SHORT,early_14:30-16:00,1,0,0,7,3,1
SECONDARY_148,OTHER:strat_22_continuation,WFC,SHORT,early_14:30-16:00,1,1,0,7,2,1
SECONDARY_148,STRAT_322_CONTINUATION,WFC,SHORT,early_14:30-16:00,1,0,0,7,3,1
SECONDARY_148,STRAT_222_REVERSAL,WFC,SHORT,later,4,1,1,6,3,2
SECONDARY_148,STRAT_222_CONTINUATION,WFC,SHORT,later,2,1,1,8,3,2
SECONDARY_148,OTHER:strat_122,WFC,SHORT,later,2,2,1,8,2,2
SECONDARY_148,OTHER:strat_inside_break,WFC,SHORT,later,1,0,0,9,4,3
SECONDARY_148,STRAT_212_CONTINUATION,WFC,SHORT,later,1,0,0,9,4,3
SECONDARY_148,STRAT_222_CONTINUATION,WFC,SHORT,opening_14:00,1,1,1,0,0,0
SECONDARY_148,STRAT_212_REVERSAL,WMT,LONG,early_14:30-16:00,1,1,1,7,1,1
SECONDARY_148,STRAT_222_CONTINUATION,WMT,LONG,early_14:30-16:00,3,0,0,5,2,2
SECONDARY_148,STRAT_322_REVERSAL,WMT,LONG,early_14:30-16:00,2,0,0,6,2,2
SECONDARY_148,OTHER:strat_22_continuation,WMT,LONG,early_14:30-16:00,1,1,1,7,1,1
SECONDARY_148,STRAT_322_CONTINUATION,WMT,LONG,early_14:30-16:00,1,0,0,7,2,2
SECONDARY_148,STRAT_222_REVERSAL,WMT,LONG,later,4,2,1,10,3,1
SECONDARY_148,STRAT_212_REVERSAL,WMT,LONG,later,1,1,0,13,4,2
SECONDARY_148,STRAT_222_CONTINUATION,WMT,LONG,later,4,2,1,10,3,1
SECONDARY_148,OTHER:strat_122,WMT,LONG,later,1,0,0,13,5,2
SECONDARY_148,OTHER:strat_outside_continuation,WMT,LONG,later,1,0,0,13,5,2
SECONDARY_148,STRAT_322_REVERSAL,WMT,LONG,later,1,0,0,13,5,2
SECONDARY_148,OTHER:strat_22_continuation,WMT,LONG,later,1,0,0,13,5,2
SECONDARY_148,OTHER:strat_inside_break,WMT,LONG,later,1,0,0,13,5,2
SECONDARY_148,STRAT_222_REVERSAL,WMT,LONG,opening_14:00,1,1,0,2,2,2
SECONDARY_148,OTHER:strat_outside_continuation,WMT,LONG,opening_14:00,2,2,2,1,1,0
SECONDARY_148,STRAT_222_REVERSAL,WMT,SHORT,early_14:30-16:00,1,1,1,6,4,0
SECONDARY_148,STRAT_212_REVERSAL,WMT,SHORT,early_14:30-16:00,2,1,0,5,4,1
SECONDARY_148,STRAT_222_CONTINUATION,WMT,SHORT,early_14:30-16:00,2,2,0,5,3,1
SECONDARY_148,STRAT_322_REVERSAL,WMT,SHORT,early_14:30-16:00,1,0,0,6,5,1
SECONDARY_148,OTHER:strat_22_continuation,WMT,SHORT,early_14:30-16:00,1,1,0,6,4,1
SECONDARY_148,STRAT_222_REVERSAL,WMT,SHORT,later,5,2,1,7,4,2
SECONDARY_148,STRAT_222_CONTINUATION,WMT,SHORT,later,4,1,1,8,5,2
SECONDARY_148,OTHER:strat_122,WMT,SHORT,later,1,1,0,11,5,3
SECONDARY_148,OTHER:strat_outside_continuation,WMT,SHORT,later,1,1,0,11,5,3
SECONDARY_148,STRAT_322_REVERSAL,WMT,SHORT,later,1,1,1,11,5,2
SECONDARY_148,OTHER:strat_outside_continuation,WMT,SHORT,opening_14:00,2,2,0,0,0,0
SECONDARY_148,STRAT_222_REVERSAL,XLB,LONG,early_14:30-16:00,2,1,1,3,0,0
SECONDARY_148,OTHER:strat_122,XLB,LONG,early_14:30-16:00,2,0,0,3,1,1
SECONDARY_148,OTHER:strat_outside_continuation,XLB,LONG,early_14:30-16:00,1,0,0,4,1,1
SECONDARY_148,STRAT_222_REVERSAL,XLB,LONG,later,5,2,0,11,1,0
SECONDARY_148,STRAT_222_CONTINUATION,XLB,LONG,later,6,1,0,10,2,0
SECONDARY_148,OTHER:strat_122,XLB,LONG,later,1,0,0,15,3,0
SECONDARY_148,OTHER:strat_22_continuation,XLB,LONG,later,1,0,0,15,3,0
SECONDARY_148,STRAT_322_CONTINUATION,XLB,LONG,later,1,0,0,15,3,0
SECONDARY_148,STRAT_212_CONTINUATION,XLB,LONG,later,2,0,0,14,3,0
SECONDARY_148,STRAT_222_CONTINUATION,XLB,LONG,opening_14:00,1,1,1,0,0,0
SECONDARY_148,STRAT_222_REVERSAL,XLB,SHORT,early_14:30-16:00,1,1,0,6,0,0
SECONDARY_148,STRAT_222_CONTINUATION,XLB,SHORT,early_14:30-16:00,2,0,0,5,1,0
SECONDARY_148,STRAT_312,XLB,SHORT,early_14:30-16:00,1,0,0,6,1,0
SECONDARY_148,OTHER:strat_22_continuation,XLB,SHORT,early_14:30-16:00,1,0,0,6,1,0
SECONDARY_148,OTHER:strat_inside_break,XLB,SHORT,early_14:30-16:00,2,0,0,5,1,0
SECONDARY_148,STRAT_222_REVERSAL,XLB,SHORT,later,4,2,2,11,1,1
SECONDARY_148,STRAT_212_REVERSAL,XLB,SHORT,later,1,0,0,14,3,3
SECONDARY_148,STRAT_222_CONTINUATION,XLB,SHORT,later,4,0,0,11,3,3
SECONDARY_148,OTHER:strat_outside_continuation,XLB,SHORT,later,2,0,0,13,3,3
SECONDARY_148,OTHER:strat_22_continuation,XLB,SHORT,later,1,0,0,14,3,3
SECONDARY_148,STRAT_322_CONTINUATION,XLB,SHORT,later,2,1,1,13,2,2
SECONDARY_148,STRAT_212_CONTINUATION,XLB,SHORT,later,1,0,0,14,3,3
SECONDARY_148,STRAT_222_REVERSAL,XLB,SHORT,opening_14:00,1,1,1,2,2,2
SECONDARY_148,STRAT_222_CONTINUATION,XLB,SHORT,opening_14:00,1,1,1,2,2,2
SECONDARY_148,STRAT_322_CONTINUATION,XLB,SHORT,opening_14:00,1,1,1,2,2,2
SECONDARY_148,STRAT_222_REVERSAL,XLE,LONG,early_14:30-16:00,2,1,1,5,2,0
SECONDARY_148,STRAT_212_REVERSAL,XLE,LONG,early_14:30-16:00,2,1,0,5,2,1
SECONDARY_148,STRAT_222_CONTINUATION,XLE,LONG,early_14:30-16:00,1,0,0,6,3,1
SECONDARY_148,OTHER:strat_outside_continuation,XLE,LONG,early_14:30-16:00,1,0,0,6,3,1
SECONDARY_148,OTHER:strat_22_continuation,XLE,LONG,early_14:30-16:00,1,1,0,6,2,1
SECONDARY_148,STRAT_222_REVERSAL,XLE,LONG,later,5,2,0,8,0,0
SECONDARY_148,STRAT_222_CONTINUATION,XLE,LONG,later,2,0,0,11,2,0
SECONDARY_148,OTHER:strat_outside_continuation,XLE,LONG,later,3,0,0,10,2,0
SECONDARY_148,OTHER:strat_22_continuation,XLE,LONG,later,1,0,0,12,2,0
SECONDARY_148,STRAT_322_CONTINUATION,XLE,LONG,later,1,0,0,12,2,0
SECONDARY_148,STRAT_212_CONTINUATION,XLE,LONG,later,1,0,0,12,2,0
SECONDARY_148,STRAT_222_CONTINUATION,XLE,LONG,opening_14:00,1,1,1,2,2,2
SECONDARY_148,OTHER:strat_outside_continuation,XLE,LONG,opening_14:00,1,1,1,2,2,2
SECONDARY_148,STRAT_322_CONTINUATION,XLE,LONG,opening_14:00,1,1,1,2,2,2
SECONDARY_148,STRAT_222_REVERSAL,XLE,SHORT,early_14:30-16:00,2,1,1,5,2,1
SECONDARY_148,STRAT_222_CONTINUATION,XLE,SHORT,early_14:30-16:00,2,1,1,5,2,1
SECONDARY_148,OTHER:strat_outside_continuation,XLE,SHORT,early_14:30-16:00,1,0,0,6,3,2
SECONDARY_148,STRAT_322_REVERSAL,XLE,SHORT,early_14:30-16:00,2,1,0,5,2,2
SECONDARY_148,STRAT_222_REVERSAL,XLE,SHORT,later,5,0,0,8,2,0
SECONDARY_148,STRAT_222_CONTINUATION,XLE,SHORT,later,3,0,0,10,2,0
SECONDARY_148,OTHER:strat_outside_continuation,XLE,SHORT,later,2,1,0,11,1,0
SECONDARY_148,STRAT_322_REVERSAL,XLE,SHORT,later,1,1,0,12,1,0
SECONDARY_148,STRAT_322_CONTINUATION,XLE,SHORT,later,2,0,0,11,2,0
SECONDARY_148,STRAT_222_CONTINUATION,XLF,LONG,early_14:30-16:00,2,0,0,3,1,0
SECONDARY_148,OTHER:strat_122,XLF,LONG,early_14:30-16:00,1,1,0,4,0,0
SECONDARY_148,OTHER:strat_outside_continuation,XLF,LONG,early_14:30-16:00,1,0,0,4,1,0
SECONDARY_148,STRAT_322_REVERSAL,XLF,LONG,early_14:30-16:00,1,0,0,4,1,0
SECONDARY_148,STRAT_222_REVERSAL,XLF,LONG,later,3,2,0,11,4,1
SECONDARY_148,STRAT_212_REVERSAL,XLF,LONG,later,1,0,0,13,6,1
SECONDARY_148,STRAT_222_CONTINUATION,XLF,LONG,later,4,0,0,10,6,1
SECONDARY_148,OTHER:strat_122,XLF,LONG,later,1,1,0,13,5,1
SECONDARY_148,OTHER:strat_outside_continuation,XLF,LONG,later,2,1,0,12,5,1
SECONDARY_148,STRAT_312,XLF,LONG,later,1,1,0,13,5,1
SECONDARY_148,OTHER:strat_22_continuation,XLF,LONG,later,1,0,0,13,6,1
SECONDARY_148,STRAT_212_CONTINUATION,XLF,LONG,later,1,1,1,13,5,0
SECONDARY_148,OTHER:strat_22_continuation,XLF,LONG,opening_14:00,1,1,1,1,1,1
SECONDARY_148,STRAT_322_CONTINUATION,XLF,LONG,opening_14:00,1,1,1,1,1,1
SECONDARY_148,STRAT_222_REVERSAL,XLF,SHORT,early_14:30-16:00,2,1,1,4,2,0
SECONDARY_148,STRAT_212_REVERSAL,XLF,SHORT,early_14:30-16:00,1,0,0,5,3,1
SECONDARY_148,STRAT_222_CONTINUATION,XLF,SHORT,early_14:30-16:00,2,2,0,4,1,1
SECONDARY_148,STRAT_322_CONTINUATION,XLF,SHORT,early_14:30-16:00,1,0,0,5,3,1
SECONDARY_148,STRAT_222_REVERSAL,XLF,SHORT,later,3,1,0,9,3,2
SECONDARY_148,STRAT_222_CONTINUATION,XLF,SHORT,later,3,0,0,9,4,2
SECONDARY_148,OTHER:strat_122,XLF,SHORT,later,1,1,1,11,3,1
SECONDARY_148,STRAT_322_REVERSAL,XLF,SHORT,later,2,1,1,10,3,1
SECONDARY_148,OTHER:strat_22_continuation,XLF,SHORT,later,1,0,0,11,4,2
SECONDARY_148,STRAT_212_CONTINUATION,XLF,SHORT,later,2,1,0,10,3,2
SECONDARY_148,STRAT_222_REVERSAL,XLF,SHORT,opening_14:00,1,1,1,2,2,1
SECONDARY_148,OTHER:strat_outside_continuation,XLF,SHORT,opening_14:00,2,2,1,1,1,1
SECONDARY_148,STRAT_222_REVERSAL,XLI,LONG,early_14:30-16:00,3,2,1,3,1,0
SECONDARY_148,STRAT_212_REVERSAL,XLI,LONG,early_14:30-16:00,1,1,0,5,2,1
SECONDARY_148,STRAT_322_REVERSAL,XLI,LONG,early_14:30-16:00,2,0,0,4,3,1
SECONDARY_148,STRAT_222_REVERSAL,XLI,LONG,later,4,2,0,10,1,1
SECONDARY_148,STRAT_222_CONTINUATION,XLI,LONG,later,5,1,1,9,2,0
SECONDARY_148,OTHER:strat_outside_continuation,XLI,LONG,later,1,0,0,13,3,1
SECONDARY_148,STRAT_322_REVERSAL,XLI,LONG,later,1,0,0,13,3,1
SECONDARY_148,STRAT_312,XLI,LONG,later,1,0,0,13,3,1
SECONDARY_148,OTHER:strat_22_continuation,XLI,LONG,later,1,0,0,13,3,1
SECONDARY_148,STRAT_322_CONTINUATION,XLI,LONG,later,1,0,0,13,3,1
SECONDARY_148,STRAT_222_CONTINUATION,XLI,LONG,opening_14:00,1,1,1,0,0,0
SECONDARY_148,STRAT_222_REVERSAL,XLI,SHORT,early_14:30-16:00,3,1,1,7,1,1
SECONDARY_148,STRAT_222_CONTINUATION,XLI,SHORT,early_14:30-16:00,4,0,0,6,2,2
SECONDARY_148,OTHER:strat_outside_continuation,XLI,SHORT,early_14:30-16:00,1,0,0,9,2,2
SECONDARY_148,OTHER:strat_inside_break,XLI,SHORT,early_14:30-16:00,1,1,1,9,1,1
SECONDARY_148,STRAT_322_CONTINUATION,XLI,SHORT,early_14:30-16:00,1,0,0,9,2,2
SECONDARY_148,STRAT_222_REVERSAL,XLI,SHORT,later,5,2,0,10,4,1
SECONDARY_148,STRAT_222_CONTINUATION,XLI,SHORT,later,5,2,0,10,4,1
SECONDARY_148,OTHER:strat_122,XLI,SHORT,later,1,1,1,14,5,0
SECONDARY_148,OTHER:strat_outside_continuation,XLI,SHORT,later,1,0,0,14,6,1
SECONDARY_148,STRAT_312,XLI,SHORT,later,1,0,0,14,6,1
SECONDARY_148,OTHER:strat_22_continuation,XLI,SHORT,later,2,1,0,13,5,1
SECONDARY_148,STRAT_222_CONTINUATION,XLI,SHORT,opening_14:00,1,1,1,2,2,2
SECONDARY_148,OTHER:strat_outside_continuation,XLI,SHORT,opening_14:00,2,2,2,1,1,1
SECONDARY_148,STRAT_222_REVERSAL,XLK,LONG,early_14:30-16:00,4,2,1,6,1,0
SECONDARY_148,STRAT_212_REVERSAL,XLK,LONG,early_14:30-16:00,1,0,0,9,3,1
SECONDARY_148,STRAT_222_CONTINUATION,XLK,LONG,early_14:30-16:00,4,1,0,6,2,1
SECONDARY_148,OTHER:strat_outside_continuation,XLK,LONG,early_14:30-16:00,1,0,0,9,3,1
SECONDARY_148,STRAT_222_REVERSAL,XLK,LONG,later,2,0,0,5,0,0
SECONDARY_148,STRAT_212_REVERSAL,XLK,LONG,later,1,0,0,6,0,0
SECONDARY_148,OTHER:strat_122,XLK,LONG,later,1,0,0,6,0,0
SECONDARY_148,OTHER:strat_outside_continuation,XLK,LONG,later,1,0,0,6,0,0
SECONDARY_148,OTHER:strat_22_continuation,XLK,LONG,later,1,0,0,6,0,0
SECONDARY_148,OTHER:strat_inside_break,XLK,LONG,later,1,0,0,6,0,0
SECONDARY_148,OTHER:strat_122,XLK,LONG,opening_14:00,1,1,1,0,0,0
SECONDARY_148,STRAT_222_REVERSAL,XLK,SHORT,early_14:30-16:00,2,0,0,2,1,0
SECONDARY_148,OTHER:strat_22_continuation,XLK,SHORT,early_14:30-16:00,1,0,0,3,1,0
SECONDARY_148,STRAT_212_CONTINUATION,XLK,SHORT,early_14:30-16:00,1,1,0,3,0,0
SECONDARY_148,STRAT_222_REVERSAL,XLK,SHORT,later,4,1,0,15,7,1
SECONDARY_148,STRAT_212_REVERSAL,XLK,SHORT,later,1,0,0,18,8,1
SECONDARY_148,STRAT_222_CONTINUATION,XLK,SHORT,later,5,1,0,14,7,1
SECONDARY_148,OTHER:strat_122,XLK,SHORT,later,2,2,0,17,6,1
SECONDARY_148,OTHER:strat_outside_continuation,XLK,SHORT,later,1,0,0,18,8,1
SECONDARY_148,STRAT_322_REVERSAL,XLK,SHORT,later,1,1,0,18,7,1
SECONDARY_148,STRAT_312,XLK,SHORT,later,1,1,1,18,7,0
SECONDARY_148,OTHER:strat_22_continuation,XLK,SHORT,later,1,1,0,18,7,1
SECONDARY_148,OTHER:strat_inside_break,XLK,SHORT,later,1,0,0,18,8,1
SECONDARY_148,STRAT_212_CONTINUATION,XLK,SHORT,later,2,1,0,17,7,1
SECONDARY_148,STRAT_222_CONTINUATION,XLK,SHORT,opening_14:00,2,2,2,0,0,0
SECONDARY_148,STRAT_222_REVERSAL,XLP,LONG,early_14:30-16:00,1,0,0,2,1,1
SECONDARY_148,OTHER:strat_122,XLP,LONG,early_14:30-16:00,1,1,1,2,0,0
SECONDARY_148,OTHER:strat_outside_continuation,XLP,LONG,early_14:30-16:00,1,0,0,2,1,1
SECONDARY_148,STRAT_222_REVERSAL,XLP,LONG,later,4,0,0,9,2,1
SECONDARY_148,STRAT_212_REVERSAL,XLP,LONG,later,2,1,1,11,1,0
SECONDARY_148,STRAT_222_CONTINUATION,XLP,LONG,later,2,0,0,11,2,1
SECONDARY_148,OTHER:strat_outside_continuation,XLP,LONG,later,1,0,0,12,2,1
SECONDARY_148,STRAT_312,XLP,LONG,later,1,1,0,12,1,1
SECONDARY_148,OTHER:strat_22_continuation,XLP,LONG,later,1,0,0,12,2,1
SECONDARY_148,STRAT_322_CONTINUATION,XLP,LONG,later,1,0,0,12,2,1
SECONDARY_148,STRAT_212_CONTINUATION,XLP,LONG,later,1,0,0,12,2,1
SECONDARY_148,STRAT_222_REVERSAL,XLP,LONG,opening_14:00,2,2,2,1,1,1
SECONDARY_148,OTHER:strat_outside_continuation,XLP,LONG,opening_14:00,1,1,1,2,2,2
SECONDARY_148,STRAT_222_REVERSAL,XLP,SHORT,early_14:30-16:00,1,0,0,6,1,0
SECONDARY_148,STRAT_212_REVERSAL,XLP,SHORT,early_14:30-16:00,1,0,0,6,1,0
SECONDARY_148,STRAT_322_REVERSAL,XLP,SHORT,early_14:30-16:00,1,0,0,6,1,0
SECONDARY_148,OTHER:strat_22_continuation,XLP,SHORT,early_14:30-16:00,2,1,0,5,0,0
SECONDARY_148,STRAT_212_CONTINUATION,XLP,SHORT,early_14:30-16:00,2,0,0,5,1,0
SECONDARY_148,STRAT_222_REVERSAL,XLP,SHORT,later,3,1,0,14,8,4
SECONDARY_148,STRAT_212_REVERSAL,XLP,SHORT,later,1,1,1,16,8,3
SECONDARY_148,STRAT_222_CONTINUATION,XLP,SHORT,later,5,2,1,12,7,3
SECONDARY_148,OTHER:strat_122,XLP,SHORT,later,2,2,1,15,7,3
SECONDARY_148,OTHER:strat_outside_continuation,XLP,SHORT,later,3,2,0,14,7,4
SECONDARY_148,OTHER:strat_22_continuation,XLP,SHORT,later,1,0,0,16,9,4
SECONDARY_148,STRAT_322_CONTINUATION,XLP,SHORT,later,2,1,1,15,8,3
SECONDARY_148,STRAT_222_CONTINUATION,XLP,SHORT,opening_14:00,1,1,1,1,1,1
SECONDARY_148,OTHER:strat_outside_continuation,XLP,SHORT,opening_14:00,1,1,1,1,1,1
SECONDARY_148,STRAT_222_REVERSAL,XLRE,LONG,early_14:30-16:00,1,1,1,5,1,1
SECONDARY_148,STRAT_212_REVERSAL,XLRE,LONG,early_14:30-16:00,1,0,0,5,2,2
SECONDARY_148,STRAT_222_CONTINUATION,XLRE,LONG,early_14:30-16:00,1,0,0,5,2,2
SECONDARY_148,OTHER:strat_outside_continuation,XLRE,LONG,early_14:30-16:00,1,0,0,5,2,2
SECONDARY_148,OTHER:strat_22_continuation,XLRE,LONG,early_14:30-16:00,1,0,0,5,2,2
SECONDARY_148,OTHER:strat_inside_break,XLRE,LONG,early_14:30-16:00,1,1,1,5,1,1
SECONDARY_148,STRAT_222_REVERSAL,XLRE,LONG,later,5,4,1,6,4,0
SECONDARY_148,STRAT_222_CONTINUATION,XLRE,LONG,later,3,2,0,8,6,1
SECONDARY_148,STRAT_312,XLRE,LONG,later,1,0,0,10,8,1
SECONDARY_148,OTHER:strat_22_continuation,XLRE,LONG,later,1,1,0,10,7,1
SECONDARY_148,STRAT_212_CONTINUATION,XLRE,LONG,later,1,1,0,10,7,1
SECONDARY_148,STRAT_222_CONTINUATION,XLRE,LONG,opening_14:00,1,1,1,0,0,0
SECONDARY_148,STRAT_222_REVERSAL,XLRE,SHORT,early_14:30-16:00,2,1,0,5,3,1
SECONDARY_148,STRAT_222_CONTINUATION,XLRE,SHORT,early_14:30-16:00,2,2,1,5,2,0
SECONDARY_148,OTHER:strat_outside_continuation,XLRE,SHORT,early_14:30-16:00,1,0,0,6,4,1
SECONDARY_148,STRAT_322_REVERSAL,XLRE,SHORT,early_14:30-16:00,1,1,0,6,3,1
SECONDARY_148,STRAT_322_CONTINUATION,XLRE,SHORT,early_14:30-16:00,1,0,0,6,4,1
SECONDARY_148,STRAT_222_REVERSAL,XLRE,SHORT,later,2,0,0,12,5,5
SECONDARY_148,STRAT_212_REVERSAL,XLRE,SHORT,later,3,1,1,11,4,4
SECONDARY_148,STRAT_222_CONTINUATION,XLRE,SHORT,later,3,1,1,11,4,4
SECONDARY_148,OTHER:strat_outside_continuation,XLRE,SHORT,later,1,1,1,13,4,4
SECONDARY_148,OTHER:strat_22_continuation,XLRE,SHORT,later,2,1,1,12,4,4
SECONDARY_148,STRAT_322_CONTINUATION,XLRE,SHORT,later,1,0,0,13,5,5
SECONDARY_148,STRAT_212_CONTINUATION,XLRE,SHORT,later,2,1,1,12,4,4
SECONDARY_148,OTHER:strat_22_continuation,XLRE,SHORT,opening_14:00,2,2,2,0,0,0
SECONDARY_148,STRAT_222_REVERSAL,XLU,LONG,early_14:30-16:00,1,0,0,0,0,0
SECONDARY_148,STRAT_222_REVERSAL,XLU,LONG,later,2,1,0,9,1,0
SECONDARY_148,STRAT_212_REVERSAL,XLU,LONG,later,2,0,0,9,2,0
SECONDARY_148,STRAT_222_CONTINUATION,XLU,LONG,later,2,0,0,9,2,0
SECONDARY_148,OTHER:strat_outside_continuation,XLU,LONG,later,1,1,0,10,1,0
SECONDARY_148,STRAT_312,XLU,LONG,later,1,0,0,10,2,0
SECONDARY_148,STRAT_322_CONTINUATION,XLU,LONG,later,1,0,0,10,2,0
SECONDARY_148,STRAT_212_CONTINUATION,XLU,LONG,later,2,0,0,9,2,0
SECONDARY_148,OTHER:strat_outside_continuation,XLU,LONG,opening_14:00,1,1,0,0,0,0
SECONDARY_148,STRAT_222_CONTINUATION,XLU,SHORT,early_14:30-16:00,2,2,0,7,3,1
SECONDARY_148,OTHER:strat_outside_continuation,XLU,SHORT,early_14:30-16:00,1,0,0,8,5,1
SECONDARY_148,STRAT_322_REVERSAL,XLU,SHORT,early_14:30-16:00,1,0,0,8,5,1
SECONDARY_148,STRAT_312,XLU,SHORT,early_14:30-16:00,2,2,1,7,3,0
SECONDARY_148,OTHER:strat_22_continuation,XLU,SHORT,early_14:30-16:00,2,1,0,7,4,1
SECONDARY_148,STRAT_322_CONTINUATION,XLU,SHORT,early_14:30-16:00,1,0,0,8,5,1
SECONDARY_148,STRAT_222_REVERSAL,XLU,SHORT,later,2,1,1,14,9,0
SECONDARY_148,STRAT_212_REVERSAL,XLU,SHORT,later,1,1,0,15,9,1
SECONDARY_148,STRAT_222_CONTINUATION,XLU,SHORT,later,3,2,0,13,8,1
SECONDARY_148,OTHER:strat_122,XLU,SHORT,later,3,2,0,13,8,1
SECONDARY_148,OTHER:strat_outside_continuation,XLU,SHORT,later,2,1,0,14,9,1
SECONDARY_148,OTHER:strat_22_continuation,XLU,SHORT,later,1,0,0,15,10,1
SECONDARY_148,STRAT_322_CONTINUATION,XLU,SHORT,later,2,1,0,14,9,1
SECONDARY_148,STRAT_212_CONTINUATION,XLU,SHORT,later,2,2,0,14,8,1
SECONDARY_148,STRAT_222_CONTINUATION,XLU,SHORT,opening_14:00,1,1,1,0,0,0
SECONDARY_148,OTHER:strat_outside_continuation,XLV,LONG,early_14:30-16:00,3,1,0,2,1,1
SECONDARY_148,STRAT_312,XLV,LONG,early_14:30-16:00,1,1,1,4,1,0
SECONDARY_148,STRAT_322_CONTINUATION,XLV,LONG,early_14:30-16:00,1,0,0,4,2,1
SECONDARY_148,STRAT_222_REVERSAL,XLV,LONG,later,5,1,0,6,0,0
SECONDARY_148,STRAT_212_REVERSAL,XLV,LONG,later,1,0,0,10,1,0
SECONDARY_148,STRAT_222_CONTINUATION,XLV,LONG,later,1,0,0,10,1,0
SECONDARY_148,OTHER:strat_122,XLV,LONG,later,1,0,0,10,1,0
SECONDARY_148,OTHER:strat_outside_continuation,XLV,LONG,later,1,0,0,10,1,0
SECONDARY_148,STRAT_322_REVERSAL,XLV,LONG,later,2,0,0,9,1,0
SECONDARY_148,STRAT_312,XLV,LONG,opening_14:00,1,1,1,1,1,1
SECONDARY_148,STRAT_322_CONTINUATION,XLV,LONG,opening_14:00,1,1,1,1,1,1
SECONDARY_148,STRAT_222_REVERSAL,XLV,SHORT,early_14:30-16:00,1,0,0,5,0,0
SECONDARY_148,STRAT_222_CONTINUATION,XLV,SHORT,early_14:30-16:00,1,0,0,5,0,0
SECONDARY_148,OTHER:strat_122,XLV,SHORT,early_14:30-16:00,1,0,0,5,0,0
SECONDARY_148,STRAT_312,XLV,SHORT,early_14:30-16:00,1,0,0,5,0,0
SECONDARY_148,OTHER:strat_22_continuation,XLV,SHORT,early_14:30-16:00,1,0,0,5,0,0
SECONDARY_148,STRAT_212_CONTINUATION,XLV,SHORT,early_14:30-16:00,1,0,0,5,0,0
SECONDARY_148,STRAT_222_REVERSAL,XLV,SHORT,later,7,2,0,10,0,0
SECONDARY_148,STRAT_222_CONTINUATION,XLV,SHORT,later,2,0,0,15,2,0
SECONDARY_148,OTHER:strat_122,XLV,SHORT,later,1,0,0,16,2,0
SECONDARY_148,OTHER:strat_outside_continuation,XLV,SHORT,later,4,0,0,13,2,0
SECONDARY_148,STRAT_322_REVERSAL,XLV,SHORT,later,1,0,0,16,2,0
SECONDARY_148,STRAT_322_CONTINUATION,XLV,SHORT,later,1,0,0,16,2,0
SECONDARY_148,STRAT_212_CONTINUATION,XLV,SHORT,later,1,0,0,16,2,0
SECONDARY_148,OTHER:strat_outside_continuation,XLV,SHORT,opening_14:00,1,0,0,0,0,0
SECONDARY_148,STRAT_222_REVERSAL,XLY,LONG,early_14:30-16:00,1,0,0,4,2,1
SECONDARY_148,STRAT_212_REVERSAL,XLY,LONG,early_14:30-16:00,2,1,1,3,1,0
SECONDARY_148,OTHER:strat_outside_continuation,XLY,LONG,early_14:30-16:00,1,0,0,4,2,1
SECONDARY_148,OTHER:strat_22_continuation,XLY,LONG,early_14:30-16:00,1,1,0,4,1,1
SECONDARY_148,STRAT_222_REVERSAL,XLY,LONG,later,3,0,0,10,2,0
SECONDARY_148,STRAT_222_CONTINUATION,XLY,LONG,later,3,0,0,10,2,0
SECONDARY_148,OTHER:strat_outside_continuation,XLY,LONG,later,1,0,0,12,2,0
SECONDARY_148,STRAT_312,XLY,LONG,later,2,0,0,11,2,0
SECONDARY_148,OTHER:strat_22_continuation,XLY,LONG,later,1,0,0,12,2,0
SECONDARY_148,STRAT_322_CONTINUATION,XLY,LONG,later,1,0,0,12,2,0
SECONDARY_148,STRAT_212_CONTINUATION,XLY,LONG,later,2,2,0,11,0,0
SECONDARY_148,STRAT_222_REVERSAL,XLY,LONG,opening_14:00,1,1,1,0,0,0
SECONDARY_148,STRAT_222_REVERSAL,XLY,SHORT,early_14:30-16:00,1,0,0,5,3,1
SECONDARY_148,STRAT_212_REVERSAL,XLY,SHORT,early_14:30-16:00,1,0,0,5,3,1
SECONDARY_148,STRAT_222_CONTINUATION,XLY,SHORT,early_14:30-16:00,1,1,0,5,2,1
SECONDARY_148,OTHER:strat_outside_continuation,XLY,SHORT,early_14:30-16:00,1,0,0,5,3,1
SECONDARY_148,OTHER:strat_inside_break,XLY,SHORT,early_14:30-16:00,1,1,1,5,2,0
SECONDARY_148,STRAT_322_CONTINUATION,XLY,SHORT,early_14:30-16:00,1,1,0,5,2,1
SECONDARY_148,STRAT_222_REVERSAL,XLY,SHORT,later,3,2,2,11,6,2
SECONDARY_148,STRAT_222_CONTINUATION,XLY,SHORT,later,5,4,1,9,4,3
SECONDARY_148,OTHER:strat_122,XLY,SHORT,later,3,2,1,11,6,3
SECONDARY_148,OTHER:strat_outside_continuation,XLY,SHORT,later,1,0,0,13,8,4
SECONDARY_148,STRAT_322_CONTINUATION,XLY,SHORT,later,1,0,0,13,8,4
SECONDARY_148,STRAT_212_CONTINUATION,XLY,SHORT,later,1,0,0,13,8,4
SECONDARY_148,STRAT_222_CONTINUATION,XLY,SHORT,opening_14:00,1,1,1,2,2,2
SECONDARY_148,OTHER:strat_outside_continuation,XLY,SHORT,opening_14:00,1,1,1,2,2,2
SECONDARY_148,OTHER:strat_22_continuation,XLY,SHORT,opening_14:00,1,1,1,2,2,2
SECONDARY_148,STRAT_222_REVERSAL,XOM,LONG,early_14:30-16:00,1,1,1,5,2,1
SECONDARY_148,STRAT_212_REVERSAL,XOM,LONG,early_14:30-16:00,2,1,1,4,2,1
SECONDARY_148,STRAT_222_CONTINUATION,XOM,LONG,early_14:30-16:00,1,0,0,5,3,2
SECONDARY_148,OTHER:strat_outside_continuation,XOM,LONG,early_14:30-16:00,1,0,0,5,3,2
SECONDARY_148,OTHER:strat_22_continuation,XOM,LONG,early_14:30-16:00,1,1,0,5,2,2
SECONDARY_148,STRAT_222_REVERSAL,XOM,LONG,later,5,1,0,12,4,1
SECONDARY_148,STRAT_212_REVERSAL,XOM,LONG,later,1,1,1,16,4,0
SECONDARY_148,STRAT_222_CONTINUATION,XOM,LONG,later,3,1,0,14,4,1
SECONDARY_148,OTHER:strat_122,XOM,LONG,later,1,1,0,16,4,1
SECONDARY_148,OTHER:strat_outside_continuation,XOM,LONG,later,1,0,0,16,5,1
SECONDARY_148,STRAT_312,XOM,LONG,later,2,0,0,15,5,1
SECONDARY_148,OTHER:strat_22_continuation,XOM,LONG,later,3,1,0,14,4,1
SECONDARY_148,STRAT_212_CONTINUATION,XOM,LONG,later,1,0,0,16,5,1
SECONDARY_148,STRAT_222_REVERSAL,XOM,LONG,opening_14:00,1,1,1,3,3,3
SECONDARY_148,STRAT_222_CONTINUATION,XOM,LONG,opening_14:00,2,2,2,2,2,2
SECONDARY_148,OTHER:strat_outside_continuation,XOM,LONG,opening_14:00,1,1,1,3,3,3
SECONDARY_148,STRAT_222_REVERSAL,XOM,SHORT,early_14:30-16:00,2,0,0,4,3,2
SECONDARY_148,STRAT_222_CONTINUATION,XOM,SHORT,early_14:30-16:00,1,1,1,5,2,1
SECONDARY_148,STRAT_322_REVERSAL,XOM,SHORT,early_14:30-16:00,2,2,1,4,1,1
SECONDARY_148,OTHER:strat_inside_break,XOM,SHORT,early_14:30-16:00,1,0,0,5,3,2
SECONDARY_148,STRAT_222_REVERSAL,XOM,SHORT,later,5,1,1,7,1,0
SECONDARY_148,STRAT_212_REVERSAL,XOM,SHORT,later,1,0,0,11,2,1
SECONDARY_148,STRAT_222_CONTINUATION,XOM,SHORT,later,2,0,0,10,2,1
SECONDARY_148,OTHER:strat_122,XOM,SHORT,later,1,0,0,11,2,1
SECONDARY_148,OTHER:strat_outside_continuation,XOM,SHORT,later,1,0,0,11,2,1
SECONDARY_148,STRAT_322_CONTINUATION,XOM,SHORT,later,1,0,0,11,2,1
SECONDARY_148,STRAT_212_CONTINUATION,XOM,SHORT,later,1,1,0,11,1,1
SECONDARY_148,STRAT_222_REVERSAL,ZS,LONG,early_14:30-16:00,1,1,0,6,2,2
SECONDARY_148,STRAT_222_CONTINUATION,ZS,LONG,early_14:30-16:00,1,1,1,6,2,1
SECONDARY_148,OTHER:strat_122,ZS,LONG,early_14:30-16:00,2,1,1,5,2,1
SECONDARY_148,OTHER:strat_outside_continuation,ZS,LONG,early_14:30-16:00,2,0,0,5,3,2
SECONDARY_148,STRAT_322_CONTINUATION,ZS,LONG,early_14:30-16:00,1,0,0,6,3,2
SECONDARY_148,STRAT_222_REVERSAL,ZS,LONG,later,3,2,2,11,4,1
SECONDARY_148,STRAT_212_REVERSAL,ZS,LONG,later,2,2,1,12,4,2
SECONDARY_148,STRAT_222_CONTINUATION,ZS,LONG,later,5,1,0,9,5,3
SECONDARY_148,OTHER:strat_outside_continuation,ZS,LONG,later,1,1,0,13,5,3
SECONDARY_148,OTHER:strat_22_continuation,ZS,LONG,later,2,0,0,12,6,3
SECONDARY_148,STRAT_212_CONTINUATION,ZS,LONG,later,1,0,0,13,6,3
SECONDARY_148,STRAT_222_CONTINUATION,ZS,LONG,opening_14:00,1,1,1,0,0,0
SECONDARY_148,STRAT_222_REVERSAL,ZS,SHORT,early_14:30-16:00,1,1,0,5,0,0
SECONDARY_148,STRAT_222_CONTINUATION,ZS,SHORT,early_14:30-16:00,2,0,0,4,1,0
SECONDARY_148,STRAT_322_REVERSAL,ZS,SHORT,early_14:30-16:00,1,0,0,5,1,0
SECONDARY_148,OTHER:strat_inside_break,ZS,SHORT,early_14:30-16:00,1,0,0,5,1,0
SECONDARY_148,STRAT_212_CONTINUATION,ZS,SHORT,early_14:30-16:00,1,0,0,5,1,0
SECONDARY_148,STRAT_222_REVERSAL,ZS,SHORT,later,5,2,1,4,1,1
SECONDARY_148,STRAT_212_REVERSAL,ZS,SHORT,later,1,0,0,8,3,2
SECONDARY_148,STRAT_222_CONTINUATION,ZS,SHORT,later,2,1,1,7,2,1
SECONDARY_148,OTHER:strat_122,ZS,SHORT,later,1,0,0,8,3,2
SECONDARY_148,STRAT_322_REVERSAL,ZS,SHORT,opening_14:00,1,1,0,0,0,0
